# Persons 16+ resident all of 2024 by sammanräknad förvärvsinkomst class (tkr, SCB HE0110 SamForvInk1, HE0110J9 Antal personer, both sexes), by Riksdag valkrets and age band, aggregated from scb_SamForvInk1_2024_municipality_age_incomeclass.json through valkrets_municipalities_2024.csv. 'total' is the band's published TOT class; 'unpublished' = total - published_sum is exactly the mass SCB suppressed ('..', cells under 3 persons) in 'suppressed_cells' cells. Built 2026-09-02 by Tools/build_valkrets_marginals.sh; see VALKRETS_POPULATION_README.md.
valkrets_no,age_band,tkr_0,tkr_1-19,tkr_20-39,tkr_40-59,tkr_60-79,tkr_80-99,tkr_100-119,tkr_120-139,tkr_140-159,tkr_160-179,tkr_180-199,tkr_200-219,tkr_220-239,tkr_240-259,tkr_260-279,tkr_280-299,tkr_300-319,tkr_320-339,tkr_340-359,tkr_360-379,tkr_380-399,tkr_400-499,tkr_500-599,tkr_600-799,tkr_800-999,tkr_1000+,published_sum,total,unpublished,suppressed_cells
1,16-19,10359,18234,4195,2180,1628,1068,853,640,421,294,162,143,88,74,51,28,18,22,20,14,8,23,7,9,0,0,40539,40535,-4,2
1,20-24,6116,3950,3047,3110,3034,2645,2354,2314,2925,2076,1973,1718,1641,1495,1548,1437,1409,1227,1223,1002,861,2614,739,319,63,35,50875,50880,5,0
1,25-29,5168,2091,1628,1696,1691,1568,1498,1615,2389,1665,1620,1621,1559,1568,1591,1736,1792,1995,2205,2502,2789,14683,9311,6077,1407,1086,74551,74548,-3,0
1,30-34,5025,1484,1078,1102,953,908,898,937,1558,1097,1230,1289,1368,1499,1650,1733,1922,2164,2368,2669,2828,16808,14720,15643,4937,4036,91904,91907,3,0
1,35-39,4573,1131,868,818,699,573,681,759,1319,911,1072,1119,1106,1286,1357,1439,1713,1906,2022,2167,2308,12975,11867,14645,5652,5551,80517,80527,10,0
1,40-44,3760,928,571,564,527,455,494,607,1133,655,918,807,894,1006,1101,1209,1338,1590,1738,1806,1905,10149,9959,13517,5764,6574,69969,69956,-13,0
1,45-49,3266,655,458,430,345,373,400,522,1015,581,801,768,797,890,984,1015,1208,1347,1557,1591,1656,8499,8333,12798,5806,7002,63097,63090,-7,0
1,50-54,3003,575,439,353,374,325,397,531,1105,643,789,728,805,943,917,940,1082,1294,1563,1550,1629,8522,8092,12896,5822,7548,62865,62868,3,0
1,55-59,3062,548,363,396,353,327,396,538,1291,868,850,881,848,1021,1034,969,1161,1179,1423,1620,1672,8319,7491,11099,4874,6092,58675,58679,4,0
1,60-64,2684,534,436,431,418,382,446,642,1605,1026,1053,1072,1035,1114,1213,1128,1191,1225,1498,1593,1650,8154,6776,9242,3667,4417,54632,54644,12,0
1,65-69,469,305,284,341,395,417,544,1217,1443,1260,1270,1322,1316,1469,1486,1543,1520,1523,1467,1446,1402,6083,5076,6466,2396,3159,45619,45615,-4,0
1,70-74,189,103,189,310,333,391,451,1392,1427,1518,1822,2118,2260,2187,2029,1818,1665,1501,1223,1204,1056,4059,2934,3516,1509,1913,39117,39118,1,0
1,75-79,253,123,162,236,231,222,314,1045,1127,1476,2002,2627,3033,2929,2435,1827,1532,1224,1013,966,800,3000,2009,2309,944,1056,34895,34882,-13,0
1,80-84,214,91,155,152,120,122,149,572,583,787,1195,1861,2381,2268,1828,1339,1102,903,825,671,593,2051,1229,1219,525,469,23404,23407,3,0
1,85+,270,39,63,59,28,47,74,356,877,673,1025,1659,2312,2084,1755,1556,1114,876,642,512,426,1313,591,561,201,187,19300,19303,3,0
2,16-19,25369,26173,7871,4370,3056,2090,1654,1266,906,687,518,313,197,151,98,57,49,20,12,8,7,18,0,0,0,0,74890,75006,116,253
2,20-24,8644,4839,3672,3701,3709,3304,3081,3077,4455,2800,2799,2689,2541,2460,2551,2636,2523,2438,2283,2050,1790,5058,1440,471,26,20,75057,75096,39,41
2,25-29,5951,2069,1683,1678,1553,1479,1460,1525,3080,1695,1758,1817,1838,2008,2152,2367,2765,2994,3168,3343,3459,15996,8818,4319,597,249,79821,79815,-6,9
2,30-34,6101,1752,1303,1503,1127,1062,1101,1253,2274,1470,1777,1759,1890,2144,2341,2615,2976,3363,3591,3868,3984,20709,15535,13645,3162,1773,104078,104149,71,0
2,35-39,5564,1463,1162,1106,832,756,811,1030,1939,1258,1369,1510,1657,1949,2053,2336,2766,3157,3238,3510,3650,19176,15630,18015,6166,4513,106616,106625,9,4
2,40-44,4845,1073,796,730,625,628,697,883,1723,1009,1184,1244,1416,1650,1681,1915,2321,2693,2807,3143,3193,16742,14615,18595,7440,7347,100995,101035,40,4
2,45-49,4273,807,599,548,573,501,591,753,1565,913,1140,1156,1244,1465,1520,1672,2115,2316,2738,2897,2962,15388,13519,18638,8046,9292,97231,97188,-43,4
2,50-54,4039,680,582,488,471,498,550,736,1630,978,1255,1191,1227,1464,1560,1667,1930,2395,2567,2843,2986,15795,13992,19890,8870,10721,101005,100978,-27,9
2,55-59,3903,661,541,488,450,459,534,733,1685,1201,1351,1388,1316,1591,1636,1616,2081,2376,2670,2811,3094,15392,12570,17413,7320,8429,93709,93701,-8,5
2,60-64,3527,640,589,591,528,574,623,872,1907,1514,1671,1623,1559,1768,1899,1764,2030,2195,2452,2696,2786,13338,10203,12599,4666,5152,79766,79795,29,3
2,65-69,673,391,465,495,464,446,631,1636,1631,1712,1791,1936,2044,2320,2388,2390,2368,2337,2321,2152,2156,9279,7285,8446,2927,3131,63815,64460,645,63
2,70-74,356,188,303,360,329,549,551,1913,1931,2260,2861,3333,3622,3607,3406,2903,2552,2194,1848,1664,1481,5648,3811,4191,1631,1600,55092,55127,35,25
2,75-79,506,166,237,263,311,332,407,1433,1750,2590,3772,5267,5954,5547,4296,3408,2718,2207,1818,1548,1236,4459,2768,2913,1105,1028,58039,58057,18,33
2,80-84,420,74,179,165,154,139,189,886,1065,1674,2712,3997,5097,4887,3615,2872,2143,1754,1423,1181,982,3305,1713,1602,598,422,43248,43340,92,58
2,85+,455,29,45,44,9,58,90,544,1334,1301,1960,3145,4014,3896,3272,2740,2040,1413,1184,904,689,2028,888,751,243,157,33233,33360,127,126
3,16-19,6126,6644,2043,1144,796,517,349,315,252,191,107,80,53,33,24,8,13,5,6,4,0,3,0,0,0,0,18713,18803,90,92
3,20-24,3326,2585,2397,2740,2344,1846,1407,1225,1493,977,968,851,796,757,828,799,814,765,679,592,555,1584,484,147,6,3,30968,30985,17,14
3,25-29,2134,1135,840,949,898,734,700,616,1067,576,603,630,612,640,681,716,874,944,1004,1169,1237,4979,2320,932,97,30,27117,27137,20,8
3,30-34,1694,597,427,477,378,344,383,434,753,456,506,561,583,661,783,875,988,1084,1217,1320,1405,6943,3994,2613,499,163,30138,30133,-5,3
3,35-39,1398,436,302,310,260,202,229,258,560,364,442,407,483,553,659,718,893,947,1024,1197,1171,6007,4382,3634,787,429,28052,28060,8,3
3,40-44,1038,261,203,199,143,141,162,198,443,321,365,282,352,364,403,528,661,708,898,906,922,4856,3937,3997,1196,796,24280,24314,34,3
3,45-49,824,177,127,124,110,104,121,136,374,316,293,257,262,336,394,428,546,693,695,764,798,4357,3765,4372,1532,1222,23127,23131,4,8
3,50-54,802,177,107,115,114,113,98,112,355,348,289,292,278,350,400,445,562,676,736,850,842,4498,3833,4519,1550,1343,23804,23786,-18,6
3,55-59,866,169,105,113,98,124,110,167,394,431,356,317,340,402,421,471,585,714,832,883,883,4494,3510,4116,1387,1235,23523,23540,17,5
3,60-64,698,184,110,131,119,111,173,183,431,519,431,421,429,473,522,537,650,700,808,939,877,4112,2844,2901,1022,902,21227,21219,-8,3
3,65-69,148,84,68,79,65,66,138,384,404,506,531,667,725,859,804,881,781,822,816,780,715,3105,2092,2216,716,640,19092,19361,269,44
3,70-74,88,23,49,48,71,98,119,512,628,829,1143,1306,1415,1342,1235,1015,904,799,669,584,492,1657,1050,1097,398,444,18015,18011,-4,27
3,75-79,89,14,37,36,63,62,81,473,602,1029,1440,1871,2019,1873,1525,1158,829,655,535,417,365,1216,711,675,257,222,18254,18238,-16,34
3,80-84,69,7,24,37,28,21,35,362,371,616,932,1295,1544,1448,1091,874,571,480,318,296,215,700,379,356,120,84,12273,12337,64,50
3,85+,54,7,17,5,0,10,14,192,546,647,882,1201,1347,1061,853,683,508,340,233,146,136,427,185,171,44,19,9728,9746,18,65
4,16-19,4228,5233,1690,943,739,438,338,248,220,185,104,82,61,28,12,9,10,0,0,6,0,0,0,0,0,0,14574,14643,69,111
4,20-24,1651,687,508,572,570,561,499,510,969,538,531,527,505,571,548,529,628,560,544,464,419,1285,373,78,0,0,14627,14648,21,21
4,25-29,1039,382,335,336,290,239,268,308,738,334,392,351,376,424,462,560,623,645,698,681,662,2624,1216,440,49,14,14486,14554,68,11
4,30-34,978,344,271,321,212,236,197,253,623,332,379,377,421,499,553,628,697,849,929,955,914,4100,2150,1319,174,56,18767,18766,-1,5
4,35-39,857,328,237,261,168,177,168,204,567,290,328,316,355,405,474,561,669,804,858,851,898,4052,2603,1911,397,223,18962,18973,11,5
4,40-44,786,254,196,196,117,116,143,168,384,250,305,243,292,350,365,449,599,610,711,767,816,3643,2568,2337,564,385,17614,17586,-28,3
4,45-49,766,185,154,140,143,79,107,139,367,270,289,231,257,294,296,360,508,574,660,684,732,3558,2621,2510,704,483,17111,17082,-29,6
4,50-54,751,173,113,114,83,94,123,146,345,298,277,269,292,352,331,392,538,599,690,818,794,3963,2885,2841,812,601,18694,18692,-2,8
4,55-59,796,179,135,124,86,100,105,160,410,376,361,355,336,363,387,445,558,639,757,833,943,4144,2947,2750,768,626,19683,19724,41,8
4,60-64,749,159,125,126,117,112,156,184,507,500,451,457,423,472,478,498,668,700,743,835,853,3565,2347,1956,505,401,18087,18109,22,4
4,65-69,131,97,64,88,59,91,79,325,405,470,582,565,784,823,881,799,811,836,769,707,664,2587,1708,1517,427,318,16587,17015,428,48
4,70-74,86,27,44,107,69,52,88,498,581,753,1075,1396,1501,1353,1188,1052,850,668,592,478,429,1378,770,702,216,205,16158,16206,48,24
4,75-79,159,18,43,31,34,30,49,433,525,972,1454,2027,2174,1841,1419,1129,782,548,420,375,276,837,487,457,142,110,16772,16812,40,36
4,80-84,107,12,22,39,9,12,20,258,348,592,928,1469,1732,1537,1105,804,600,364,267,197,165,519,271,202,54,30,11663,11711,48,47
4,85+,66,7,15,0,0,0,15,165,458,518,894,1272,1469,1183,811,673,394,312,195,144,86,282,113,73,11,11,9167,9224,57,73
5,16-19,7575,6000,2852,1623,1206,726,548,430,326,269,181,113,80,55,29,19,23,14,3,4,0,10,0,0,0,0,22086,22192,106,168
5,20-24,3279,1750,1961,2266,1952,1379,1158,1071,1589,999,985,978,913,928,899,869,978,975,902,835,709,2167,520,114,12,3,30191,30249,58,38
5,25-29,1823,860,623,787,694,626,539,548,1168,587,709,671,694,783,836,899,977,1130,1205,1342,1418,6129,2354,739,75,22,28238,28282,44,34
5,30-34,1516,483,394,429,374,311,337,378,860,494,578,625,697,772,926,1072,1251,1489,1543,1646,1685,7603,4338,2404,340,182,32727,32765,38,26
5,35-39,1211,401,316,274,227,204,213,267,735,405,537,492,528,677,715,859,1068,1170,1285,1526,1480,6846,4507,3545,715,357,30560,30558,-2,29
5,40-44,1047,263,220,203,138,141,152,199,532,398,410,391,419,524,583,665,816,935,1047,1164,1206,5758,3972,4164,993,699,27039,27086,47,39
5,45-49,1016,204,161,142,105,120,129,162,491,400,378,341,365,465,517,573,719,855,987,1116,1154,5660,4146,4575,1334,1059,27174,27194,20,44
5,50-54,1093,186,88,122,105,120,118,182,483,499,415,409,474,465,575,600,793,876,1062,1226,1322,6224,4206,4824,1491,1191,29149,29212,63,33
5,55-59,1093,192,122,134,101,106,109,188,525,576,505,512,467,553,661,672,801,1055,1128,1263,1368,6446,4129,4416,1426,1072,29620,29631,11,35
5,60-64,1048,192,152,182,136,133,186,235,605,717,578,629,629,664,745,765,860,967,1058,1247,1267,5426,3374,3199,903,812,26709,26751,42,19
5,65-69,190,115,93,117,116,130,150,520,518,750,713,845,980,1055,1174,1197,1107,1080,1069,1071,886,3855,2475,2388,591,504,23689,24547,858,113
5,70-74,120,28,56,63,102,150,167,785,775,1150,1669,2115,2133,1886,1681,1285,1105,932,763,700,518,1864,1148,1145,355,321,23016,23078,62,62
5,75-79,204,26,72,93,104,67,84,641,916,1529,2094,2802,2870,2462,1840,1293,899,717,612,456,329,1188,685,659,199,168,23009,23063,54,68
5,80-84,135,29,55,59,25,12,32,443,606,956,1550,2141,2338,2016,1478,1049,669,428,339,276,243,716,346,287,92,40,16360,16441,81,90
5,85+,104,6,29,7,4,10,29,309,886,967,1506,1937,2150,1516,1202,880,557,359,281,206,129,451,154,119,42,14,13854,13927,73,117
6,16-19,4601,5218,2518,1512,998,644,496,491,392,253,256,121,100,55,35,6,14,15,10,0,0,6,0,0,0,0,17741,17808,67,149
6,20-24,1553,824,803,1036,1027,792,720,676,1128,742,699,740,692,735,729,760,919,932,836,782,687,1829,440,107,5,0,20193,20189,-4,29
6,25-29,1131,410,378,473,446,389,349,382,879,466,522,524,553,587,597,701,817,994,1057,1197,1242,4492,1635,509,31,14,20775,20754,-21,27
6,30-34,978,316,295,344,213,272,267,303,640,358,475,470,529,673,729,851,1044,1212,1320,1425,1602,6098,2743,1543,242,84,25026,25030,4,15
6,35-39,819,272,195,221,181,143,177,217,559,290,346,375,417,557,560,682,863,1033,1203,1356,1397,6059,3053,2122,483,235,23815,23830,15,17
6,40-44,689,179,126,155,95,99,114,132,435,270,287,262,317,391,463,501,638,807,974,1070,1219,5310,3058,2535,683,411,21220,21263,43,28
6,45-49,727,142,88,92,98,61,121,142,337,300,280,275,275,328,377,487,599,705,891,1039,1124,5229,3224,2872,738,612,21163,21176,13,25
6,50-54,668,121,68,70,60,62,79,123,366,336,317,324,312,370,358,442,625,763,955,1089,1210,5672,3393,3170,836,720,22509,22544,35,28
6,55-59,694,109,80,84,70,81,96,135,425,421,318,349,348,465,462,538,681,835,998,1262,1382,6005,3369,2881,808,631,23527,23569,42,28
6,60-64,641,111,93,114,111,108,124,174,470,511,442,459,423,516,601,625,725,888,953,1079,1186,4865,2676,2145,553,430,21023,20985,-38,17
6,65-69,159,55,39,61,76,55,87,373,358,464,514,620,761,804,956,981,896,927,899,870,823,3279,2074,1735,329,213,18408,19243,835,93
6,70-74,109,26,42,81,80,134,134,517,574,875,1186,1486,1636,1468,1379,1128,963,754,644,533,491,1548,887,912,222,189,17998,18046,48,39
6,75-79,130,20,42,59,70,47,62,482,713,1158,1674,2130,2204,2007,1621,1024,741,630,442,321,267,933,509,454,174,120,18034,18105,71,56
6,80-84,106,23,52,50,21,12,17,368,482,826,1208,1623,1777,1608,1221,830,555,346,274,201,149,521,268,182,60,38,12818,12892,74,81
6,85+,90,4,22,6,0,5,20,275,850,943,1326,1648,1779,1325,864,637,400,272,159,143,85,247,114,99,13,14,11340,11393,53,110
7,16-19,2456,3314,1328,738,516,325,278,219,212,139,82,62,25,27,10,3,3,3,3,0,0,0,0,0,0,0,9743,9814,71,104
7,20-24,1062,554,524,744,702,557,477,477,662,405,477,413,445,432,421,465,518,469,460,370,369,923,207,73,5,0,12211,12180,-31,17
7,25-29,630,308,251,305,262,275,202,213,512,222,240,275,274,306,348,349,447,512,593,582,652,2188,849,219,18,9,11041,11033,-8,15
7,30-34,612,232,175,204,147,138,162,171,382,185,237,294,290,340,356,392,499,628,660,745,738,3100,1486,827,104,38,13142,13156,14,10
7,35-39,557,154,115,140,102,95,110,113,363,169,212,218,236,274,337,386,435,515,587,638,689,2981,1707,1230,294,111,12768,12770,2,6
7,40-44,494,120,103,107,75,58,85,106,286,160,166,168,186,217,263,306,343,463,535,603,569,2750,1702,1479,363,230,11937,11917,-20,8
7,45-49,478,93,84,59,60,51,81,86,217,164,148,158,166,198,196,269,346,418,450,527,528,2706,1798,1803,507,376,11967,11977,10,4
7,50-54,484,97,64,46,48,49,67,80,202,201,181,186,189,215,241,260,347,441,452,521,570,2784,1799,1640,464,373,12001,12017,16,7
7,55-59,522,86,67,71,47,46,69,97,238,255,222,214,204,251,308,319,366,428,489,575,685,3005,1795,1593,452,373,12777,12758,-19,9
7,60-64,476,73,86,77,65,55,79,102,214,263,263,285,240,301,303,325,366,437,502,550,609,2504,1421,1115,278,241,11230,11227,-3,6
7,65-69,138,33,36,40,25,36,53,193,192,316,305,371,347,502,540,487,506,491,451,440,418,1698,1076,1040,187,168,10089,10540,451,49
7,70-74,114,25,30,39,56,70,66,291,345,515,701,864,907,815,700,627,524,466,396,315,261,874,518,474,136,125,10254,10313,59,24
7,75-79,107,17,17,29,31,24,40,280,392,651,949,1124,1271,1047,874,631,419,342,246,197,170,548,266,250,90,53,10065,10106,41,30
7,80-84,96,21,21,29,5,10,14,251,239,483,704,883,954,810,701,448,315,219,141,119,107,254,147,89,16,26,7102,7150,48,47
7,85+,63,3,13,0,0,3,10,171,529,510,730,949,936,721,524,446,230,140,90,67,55,172,64,46,7,6,6485,6536,51,72
8,16-19,2481,3251,1777,1078,682,387,303,207,187,150,98,63,46,23,19,10,7,4,0,0,0,0,0,0,0,0,10773,10837,64,157
8,20-24,901,465,388,612,570,485,441,410,772,385,406,360,433,445,462,488,499,481,471,379,351,1036,320,67,8,0,11635,11660,25,28
8,25-29,558,282,209,270,271,228,225,208,596,225,260,287,325,361,386,467,521,592,633,643,591,2274,909,361,17,3,11702,11717,15,27
8,30-34,571,230,175,238,199,157,139,210,522,267,296,282,348,422,479,585,655,770,839,831,889,3489,1686,885,113,33,15310,15355,45,18
8,35-39,486,191,137,177,155,92,103,146,462,196,252,238,264,322,381,481,604,637,756,767,838,3435,1810,1256,258,101,14545,14529,-16,10
8,40-44,499,112,101,95,85,71,76,101,325,213,210,200,206,232,278,338,455,538,606,655,667,3126,1919,1554,315,232,13209,13214,5,16
8,45-49,466,107,71,45,81,66,86,99,305,216,179,171,180,238,275,297,420,465,600,621,694,3119,2090,1736,429,309,13365,13414,49,17
8,50-54,445,82,72,75,56,64,69,108,275,312,202,217,197,263,323,339,420,506,678,709,794,3603,2283,1901,487,325,14805,14856,51,19
8,55-59,523,94,71,90,54,70,88,109,323,345,264,267,298,345,391,402,508,592,722,880,884,3889,2326,1915,470,352,16272,16331,59,10
8,60-64,511,116,106,93,104,92,125,132,379,451,349,393,364,421,487,486,567,660,695,822,857,3484,1848,1495,335,270,15642,15656,14,4
8,65-69,213,58,47,30,22,29,40,207,294,467,519,469,643,758,767,740,711,765,721,692,631,2530,1510,1290,212,179,14544,15252,708,79
8,70-74,167,9,36,28,43,63,92,410,505,867,1122,1458,1361,1316,1062,898,744,569,504,457,389,1233,665,636,154,126,14914,14944,30,41
8,75-79,134,16,26,33,22,36,28,435,607,1052,1529,1878,1960,1729,1240,874,536,421,301,272,234,681,346,344,110,81,14925,14979,54,54
8,80-84,115,22,15,23,0,3,22,334,453,704,1019,1390,1573,1282,955,629,369,279,188,160,127,357,163,149,52,19,10402,10463,61,70
8,85+,50,0,4,0,4,0,18,228,681,693,1004,1332,1343,1054,795,558,291,203,134,103,97,200,75,54,5,10,8936,8997,61,107
9,16-19,470,654,582,279,168,116,83,67,61,40,20,14,12,9,4,3,0,4,0,0,0,0,0,0,0,0,2586,2590,4,9
9,20-24,277,144,106,160,141,131,96,96,182,117,110,98,99,105,141,130,140,124,104,82,80,227,49,11,0,0,2950,2944,-6,2
9,25-29,189,70,52,57,63,71,59,72,130,67,63,73,78,79,93,119,103,120,151,132,127,450,200,48,7,0,2673,2667,-6,1
9,30-34,178,57,45,47,45,48,41,41,123,54,79,67,88,96,113,143,170,184,210,216,189,803,315,182,23,11,3568,3575,7,0
9,35-39,120,33,32,32,39,30,37,46,115,48,64,54,72,84,96,110,139,166,179,210,210,827,424,266,51,24,3508,3508,0,0
9,40-44,104,37,18,26,20,31,26,28,83,57,42,42,59,67,70,101,105,142,163,161,156,813,464,367,63,53,3298,3296,-2,0
9,45-49,104,34,21,18,22,11,27,12,70,57,44,41,45,56,64,84,102,137,150,149,170,821,468,400,83,73,3263,3269,6,0
9,50-54,105,35,24,19,23,26,23,29,61,83,47,59,60,75,75,94,111,145,161,193,176,914,571,441,103,102,3755,3745,-10,0
9,55-59,138,46,22,30,25,33,28,41,78,82,93,77,83,80,111,120,143,184,186,197,229,933,555,444,99,85,4142,4126,-16,0
9,60-64,124,47,28,31,30,36,38,43,115,108,113,103,81,127,132,134,173,178,194,236,203,877,430,379,68,57,4085,4105,20,0
9,65-69,10,9,18,10,0,22,17,72,109,124,145,171,210,248,235,218,238,215,196,161,151,623,396,349,62,57,4066,4080,14,1
9,70-74,13,0,3,0,3,8,14,105,187,211,329,372,374,364,293,254,196,171,116,115,95,290,146,178,64,48,3949,3963,14,2
9,75-79,12,0,4,7,0,0,17,122,169,267,381,501,536,395,297,205,167,112,78,67,59,188,85,89,32,23,3813,3808,-5,3
9,80-84,7,7,0,0,3,0,9,112,126,185,261,377,420,352,214,128,104,69,58,31,34,102,35,32,5,13,2684,2687,3,3
9,85+,4,0,0,0,0,0,9,74,199,181,258,305,329,197,177,147,78,45,28,22,20,52,20,21,4,0,2170,2189,19,6
10,16-19,1884,2510,1027,618,413,265,193,162,114,99,48,43,28,23,8,6,3,0,0,0,0,0,0,0,0,0,7444,7470,26,60
10,20-24,878,354,326,426,403,349,279,281,515,270,284,311,294,308,282,308,308,281,226,230,251,891,368,62,8,0,8493,8483,-10,9
10,25-29,470,183,148,160,162,157,136,158,347,165,156,198,210,212,236,294,321,321,326,337,390,1483,802,306,20,0,7698,7675,-23,8
10,30-34,394,165,92,139,118,80,101,140,314,147,169,191,230,222,289,356,413,418,450,487,474,2110,1218,753,78,40,9588,9609,21,2
10,35-39,351,122,108,102,83,74,67,102,257,131,147,144,174,214,229,278,347,398,401,442,429,2051,1363,890,159,78,9141,9165,24,1
10,40-44,355,80,71,47,62,54,51,70,194,155,123,123,124,160,184,226,290,311,373,403,372,1855,1294,1165,287,139,8568,8569,1,0
10,45-49,280,59,44,40,58,34,46,77,172,150,135,121,102,162,174,189,275,296,332,392,418,1893,1491,1499,361,243,9043,9056,13,3
10,50-54,288,63,47,52,38,47,48,74,178,181,151,136,139,159,192,212,288,335,389,420,437,2133,1623,1613,413,315,9971,9966,-5,0
10,55-59,305,63,51,53,37,42,51,79,176,219,178,180,202,203,233,257,323,384,428,444,557,2261,1636,1555,412,346,10675,10663,-12,0
10,60-64,324,56,46,51,50,69,49,77,212,256,233,241,228,261,275,279,352,352,410,476,437,1955,1307,1137,288,204,9625,9597,-28,0
10,65-69,68,17,26,23,22,9,28,135,176,270,282,342,405,464,429,481,454,428,469,370,396,1477,874,771,203,142,8761,8934,173,20
10,70-74,61,10,22,30,30,34,47,233,339,470,693,786,819,752,667,513,467,351,297,281,203,715,414,374,119,87,8814,8816,2,5
10,75-79,49,10,14,36,27,14,38,267,386,589,877,1088,1174,1042,771,524,356,263,194,152,137,394,221,186,61,65,8935,8955,20,10
10,80-84,37,6,13,8,3,6,9,204,245,402,649,879,991,868,654,424,257,191,125,120,97,203,116,73,30,17,6627,6645,18,25
10,85+,27,0,0,0,0,0,21,153,382,423,543,771,933,708,528,384,210,143,102,63,57,129,46,38,7,9,5677,5702,25,34
11,16-19,5219,5813,1377,744,574,400,266,206,151,102,91,45,42,32,15,14,13,11,0,4,0,12,3,3,0,0,15137,15141,4,4
11,20-24,2800,1410,1093,1189,1158,1014,911,890,1094,755,765,738,667,670,618,626,586,590,557,464,389,1192,317,156,69,28,20746,20727,-19,0
11,25-29,2278,970,777,798,795,694,657,694,1067,682,771,783,733,774,803,886,916,1022,1085,1152,1289,5527,2425,1274,370,247,29469,29465,-4,0
11,30-34,2274,814,562,582,499,413,455,537,712,590,651,680,726,777,883,887,1068,1111,1180,1347,1378,6768,4170,3254,814,625,33757,33755,-2,0
11,35-39,2014,556,458,382,326,325,341,391,599,473,553,592,626,666,714,826,986,1013,1025,1052,1126,5451,3561,3514,1087,986,29643,29646,3,0
11,40-44,1833,467,348,306,264,227,218,320,544,366,447,446,473,537,573,584,795,847,862,914,919,4455,3174,3358,1242,1297,25816,25813,-3,0
11,45-49,1755,304,245,174,182,163,221,276,479,304,365,406,377,453,472,524,573,742,697,732,831,3785,2829,3228,1292,1467,22876,22875,-1,0
11,50-54,1601,240,171,176,138,128,170,226,517,286,396,341,399,386,432,431,546,560,631,715,770,3388,2423,2938,1067,1436,20512,20508,-4,0
11,55-59,1524,226,163,161,123,137,134,233,507,312,402,376,356,419,430,388,534,547,640,669,651,3407,2326,2518,945,1109,19237,19253,16,0
11,60-64,1430,217,142,155,154,141,168,228,650,402,443,424,461,501,506,422,541,620,626,671,639,3011,1946,1883,688,757,17826,17836,10,0
11,65-69,275,167,161,183,214,283,282,677,610,522,548,549,594,535,583,578,567,547,535,537,475,1938,1391,1423,402,442,15018,15026,8,0
11,70-74,110,68,101,175,241,321,280,826,692,669,887,1038,944,904,790,640,514,486,391,345,273,969,642,695,223,259,13483,13490,7,0
11,75-79,159,53,96,170,201,130,152,545,501,649,863,1155,1301,1048,861,603,410,346,256,214,183,638,365,335,163,143,11540,11549,9,0
11,80-84,154,42,75,121,43,29,66,300,293,401,676,984,1062,849,694,459,323,235,206,137,115,372,198,165,52,70,8121,8126,5,0
11,85+,125,19,45,10,15,27,33,175,497,426,591,949,1120,833,673,479,360,199,155,108,80,256,124,88,36,26,7449,7447,-2,0
12,16-19,5604,4880,1721,920,699,444,343,250,211,168,113,80,47,29,27,17,7,5,7,0,0,7,0,0,0,0,15579,15632,53,92
12,20-24,1857,905,716,797,763,678,623,591,1015,589,586,572,540,580,529,553,584,600,599,495,424,1222,346,114,8,0,16286,16278,-8,16
12,25-29,1338,501,356,413,337,284,306,362,730,391,393,490,462,486,578,594,647,752,750,793,794,3168,1274,571,75,24,16869,16867,-2,7
12,30-34,1279,403,319,391,260,251,262,314,663,376,447,475,525,583,655,710,801,878,962,1010,1019,4536,2511,1634,300,139,21703,21655,-48,2
12,35-39,1121,373,267,284,197,194,208,265,521,333,375,415,471,524,568,586,734,853,931,993,948,4541,2888,2322,596,362,21870,21859,-11,0
12,40-44,990,271,211,175,143,143,175,238,498,237,354,340,344,374,479,468,616,723,776,832,833,3976,2736,2710,759,584,19985,19940,-45,1
12,45-49,935,162,128,152,104,90,155,187,521,232,299,273,301,398,435,496,576,661,697,795,839,4055,2855,3015,1006,933,20300,20301,1,2
12,50-54,936,160,146,158,92,108,134,174,493,247,335,339,333,385,430,450,581,627,710,833,890,4157,3063,3220,1097,1049,21147,21175,28,3
12,55-59,1005,141,138,155,126,128,160,216,579,359,420,396,398,443,508,472,622,686,760,893,893,4285,2878,2913,959,963,21496,21464,-32,2
12,60-64,841,167,134,145,148,147,144,225,619,449,484,464,464,528,540,574,620,712,702,771,810,3623,2339,2238,646,653,19187,19184,-3,0
12,65-69,155,96,74,91,98,115,151,423,451,542,593,668,716,766,846,779,769,663,653,645,599,2443,1691,1624,489,406,16546,16899,353,33
12,70-74,95,26,55,68,128,199,148,589,662,827,1067,1375,1385,1174,986,861,730,657,534,434,366,1232,798,784,249,269,15698,15726,28,16
12,75-79,97,16,55,67,83,77,85,471,732,1010,1435,1655,1745,1503,1037,801,676,447,395,281,232,818,522,467,168,171,15046,15084,38,25
12,80-84,99,18,40,74,29,23,62,335,401,692,996,1289,1501,1231,893,721,510,326,229,209,178,466,263,208,66,69,10928,10947,19,37
12,85+,49,6,36,8,3,9,26,219,589,601,887,1136,1234,910,691,595,383,267,152,113,106,289,130,88,30,19,8576,8594,18,52
13,16-19,7116,6913,2506,1216,862,560,483,382,266,192,119,78,31,36,10,5,0,4,0,0,0,0,0,0,0,0,20779,20852,73,137
13,20-24,3585,2340,2357,2745,2275,1719,1340,1137,1355,845,844,822,727,703,678,695,635,625,575,469,387,1123,313,101,9,3,28407,28409,2,19
13,25-29,1993,788,519,679,690,537,451,484,835,432,442,419,463,475,514,528,677,647,707,782,850,3543,1435,613,113,63,19679,19656,-23,7
13,30-34,1481,414,302,352,248,262,254,280,552,327,450,410,453,520,641,678,828,909,938,1030,1166,5141,3027,2073,445,288,23469,23492,23,0
13,35-39,1246,348,248,238,199,191,192,229,524,286,349,365,394,454,519,596,796,826,956,951,1138,5551,3923,3607,1057,768,25951,25956,5,0
13,40-44,1060,253,171,171,130,147,155,167,468,228,328,286,319,365,429,462,635,706,754,880,924,5112,3991,4725,1651,1515,26032,25999,-33,2
13,45-49,904,203,156,103,109,124,106,170,420,222,252,250,293,336,372,438,535,610,767,830,919,4726,3970,5250,2246,2269,26580,26564,-16,1
13,50-54,906,161,133,103,108,93,115,155,385,200,300,276,285,347,385,452,523,651,761,847,877,4815,4082,5119,2177,2497,26753,26784,31,1
13,55-59,850,199,124,107,109,92,136,160,503,267,330,346,370,431,420,488,621,732,839,892,975,4881,3785,4478,1808,2044,25987,26014,27,4
13,60-64,771,173,119,130,128,115,160,219,510,389,408,427,450,517,596,554,657,690,762,907,868,4188,3058,3154,1181,1260,22391,22402,11,1
13,65-69,135,60,41,50,69,75,106,248,429,542,555,639,724,791,840,909,830,858,798,775,665,2990,2132,2275,721,822,19079,19491,412,53
13,70-74,79,22,27,59,73,88,131,483,625,854,1192,1420,1503,1448,1311,1009,872,786,619,554,521,1788,1150,1322,467,476,18879,18882,3,25
13,75-79,70,21,30,42,41,62,102,519,786,1167,1645,1967,2212,1829,1466,1131,822,683,543,450,361,1215,807,831,335,308,19445,19464,19,36
13,80-84,78,16,30,31,32,44,39,379,511,812,1181,1595,1821,1514,1185,867,640,465,416,327,250,899,454,411,172,147,14316,14409,93,44
13,85+,68,4,6,5,7,0,39,269,608,704,1032,1376,1444,1206,1001,807,489,377,279,223,182,502,229,189,55,41,11142,11231,89,75
14,16-19,4786,4713,1936,1130,731,472,377,284,220,191,147,87,50,33,24,18,0,5,0,0,4,0,0,0,0,0,15208,15287,79,162
14,20-24,1636,732,537,630,638,548,563,520,1027,518,546,509,533,538,579,577,635,618,548,510,410,1238,356,110,9,0,15065,15055,-10,27
14,25-29,946,407,317,345,298,239,271,327,815,321,377,400,458,459,488,573,657,718,785,744,756,2789,1143,447,48,16,15144,15119,-25,17
14,30-34,966,322,279,307,236,240,254,299,692,329,448,419,493,531,657,707,875,907,953,1024,1017,4306,2085,1064,158,70,19638,19649,11,10
14,35-39,920,309,229,255,203,130,197,207,600,297,392,424,398,488,543,624,722,839,948,1035,1068,4355,2431,1713,334,215,19876,19916,40,0
14,40-44,912,208,164,162,123,140,122,183,446,251,332,294,346,397,440,462,598,669,846,815,893,4021,2420,1960,444,327,17975,17964,-11,7
14,45-49,753,194,134,121,123,103,109,173,499,268,324,262,323,371,386,430,615,642,781,813,898,4079,2615,2405,624,466,18511,18491,-20,7
14,50-54,840,167,135,115,109,99,110,173,507,281,351,281,332,367,446,486,573,727,774,961,919,4455,3002,2688,743,612,20253,20272,19,10
14,55-59,895,158,127,107,118,120,137,215,546,408,431,381,413,478,544,597,708,740,915,999,1048,4693,3008,2603,711,643,21743,21777,34,8
14,60-64,808,172,146,141,150,136,160,243,594,514,534,490,484,576,624,626,716,819,851,913,952,4022,2392,2054,520,462,20099,20161,62,6
14,65-69,156,88,24,43,72,94,142,390,497,601,708,682,797,911,906,886,879,907,769,751,682,2991,1815,1814,372,362,18339,18993,654,74
14,70-74,111,28,42,57,77,86,131,648,773,1096,1419,1629,1600,1468,1179,1005,874,716,593,506,422,1462,894,882,245,274,18217,18262,45,28
14,75-79,115,34,18,31,51,55,89,643,897,1329,1857,2116,2157,1848,1466,1032,729,526,410,322,297,926,528,490,169,158,18293,18353,60,53
14,80-84,87,7,19,21,19,12,44,450,615,876,1229,1673,1710,1511,1116,859,511,386,270,226,153,548,251,207,74,61,12935,12996,61,78
14,85+,51,4,8,4,4,9,34,298,867,890,1168,1513,1616,1223,956,719,436,275,170,162,123,325,106,102,26,16,11105,11160,55,102
15,16-19,4392,4688,2575,1543,1038,686,493,391,310,222,167,105,54,34,33,23,13,3,9,7,0,3,0,0,0,0,16789,16823,34,56
15,20-24,1296,745,635,811,889,703,703,623,1159,620,685,723,728,664,721,754,711,771,681,605,529,1307,383,122,6,4,17578,17560,-18,9
15,25-29,936,347,282,330,311,310,291,310,742,354,365,413,434,444,475,551,711,736,795,828,861,3182,1233,484,50,16,15791,15814,23,4
15,30-34,823,299,243,267,223,205,250,263,594,312,360,416,451,544,654,734,837,928,1095,1068,1177,5090,2577,1617,258,94,21379,21390,11,3
15,35-39,733,216,153,176,173,151,143,180,495,250,313,321,361,434,509,558,774,875,913,1048,1077,4991,3253,2568,635,354,21654,21636,-18,0
15,40-44,593,173,141,134,99,85,127,153,343,229,247,243,285,287,368,428,555,649,795,829,892,4536,3071,3099,920,718,19999,20008,9,1
15,45-49,577,127,88,85,83,75,102,127,321,196,253,216,248,306,339,391,514,611,724,781,899,4331,3330,3500,1058,1014,20296,20345,49,2
15,50-54,617,121,86,90,83,87,81,147,323,242,288,255,276,318,401,435,509,613,801,864,930,4809,3621,3747,1247,1218,22209,22186,-23,1
15,55-59,669,121,94,91,96,101,112,164,377,313,326,318,362,440,493,513,611,708,782,913,1052,4889,3434,3588,1132,1076,22775,22780,5,1
15,60-64,620,133,135,115,143,149,135,185,450,383,399,435,438,520,569,581,682,740,785,911,965,4316,2813,2493,781,730,20606,20564,-42,1
15,65-69,103,69,35,66,92,86,114,288,397,507,598,702,769,827,924,871,879,887,874,818,771,3109,2174,2161,544,540,19205,19334,129,14
15,70-74,69,16,38,50,61,110,108,451,625,913,1220,1369,1495,1329,1188,1018,982,830,654,538,471,1707,1041,1059,320,294,17956,17974,18,8
15,75-79,93,4,35,26,48,38,67,461,788,1318,1777,2075,1924,1792,1385,1088,801,623,450,385,289,1125,644,621,199,178,18234,18252,18,17
15,80-84,43,10,14,32,17,17,42,399,507,906,1218,1519,1619,1421,1108,788,586,418,309,261,213,672,321,266,91,93,12890,12925,35,17
15,85+,52,5,9,3,0,11,35,267,797,832,1172,1444,1477,1192,942,704,463,327,201,156,117,378,147,137,39,13,10920,10966,46,37
16,16-19,6956,10017,2829,1573,1094,681,544,430,327,227,162,126,96,50,39,29,23,12,15,16,12,18,5,9,0,0,25290,25288,-2,2
16,20-24,4535,2790,2538,3041,3009,2418,1993,1744,2226,1548,1395,1358,1239,1164,1084,1059,1041,1064,931,900,796,2627,1220,523,28,19,42290,42291,1,0
16,25-29,3483,1574,1290,1364,1401,1245,1135,1189,1837,1174,1219,1167,1139,1210,1220,1313,1469,1589,1791,1925,2155,10372,5467,2730,259,108,50825,50825,0,0
16,30-34,3084,1034,765,923,709,689,680,743,1086,845,986,915,1004,1158,1205,1369,1557,1695,1879,2068,2289,11817,8489,7066,1258,549,55862,55867,5,0
16,35-39,2804,797,586,602,478,425,444,489,843,610,784,699,816,928,996,1133,1328,1516,1628,1669,1885,9118,6804,7338,2060,1105,47885,47892,7,0
16,40-44,2326,556,359,380,297,295,306,389,721,496,634,583,625,703,799,792,1024,1237,1273,1342,1436,7309,5662,6674,2393,1694,40305,40309,4,0
16,45-49,2021,393,260,230,243,186,214,284,628,516,492,468,510,577,607,600,873,1071,1108,1205,1198,6305,5089,6281,2475,2369,36203,36186,-17,0
16,50-54,1931,266,201,191,173,159,196,274,619,592,551,473,489,552,572,613,778,971,1039,1123,1157,6129,5018,6204,2559,2595,35425,35412,-13,0
16,55-59,1851,274,187,193,170,190,193,284,677,747,625,532,503,589,637,608,736,836,1020,1119,1220,6088,4726,5763,2219,2302,34289,34290,1,0
16,60-64,1688,243,207,233,181,221,232,318,774,892,702,675,633,678,719,678,761,844,1010,1073,1142,5405,3972,4395,1554,1669,30899,30908,9,0
16,65-69,313,196,177,226,226,305,355,814,864,889,791,832,888,920,985,986,1001,977,959,887,882,3772,3060,3314,1001,1161,26781,26781,0,0
16,70-74,150,78,126,175,218,325,317,1011,951,970,1229,1470,1561,1535,1376,1201,1013,868,776,731,613,2154,1394,1601,569,641,23053,23055,2,0
16,75-79,175,70,122,135,228,178,154,736,759,1023,1464,1955,2137,2079,1690,1239,939,770,584,461,418,1452,848,942,340,364,21262,21268,6,0
16,80-84,158,54,96,156,94,60,67,409,380,606,921,1354,1695,1497,1266,938,690,554,419,324,296,826,412,444,182,196,14094,14104,10,0
16,85+,130,27,37,36,19,27,36,223,710,617,907,1305,1601,1347,1105,923,599,429,295,250,193,515,238,263,75,67,11974,11965,-9,0
17,16-19,6066,6413,2652,1458,940,586,488,412,326,246,165,109,66,60,25,19,17,4,4,0,4,8,5,0,0,0,20073,20152,79,119
17,20-24,1623,788,647,795,780,718,674,684,1158,618,623,618,608,656,677,698,731,686,665,596,536,1647,636,208,0,3,18073,18088,15,21
17,25-29,994,360,325,304,333,284,270,288,789,343,345,407,359,419,446,503,629,681,792,801,825,3906,1933,861,67,17,17281,17280,-1,10
17,30-34,973,297,230,290,233,210,235,251,604,335,397,416,466,547,603,709,827,1003,1007,1102,1242,6048,4049,3016,536,189,25815,25784,-31,0
17,35-39,808,240,202,224,172,171,176,190,455,287,318,322,421,417,499,610,741,883,928,1066,1137,6184,4738,4706,1223,634,27752,27727,-25,2
17,40-44,688,198,148,117,120,88,123,119,325,256,284,206,234,336,400,432,582,665,767,915,980,5345,4522,5099,1755,1138,25842,25874,32,4
17,45-49,586,126,94,89,80,87,86,115,279,259,245,200,227,259,305,333,458,558,667,773,934,4883,4524,5518,2177,1722,25584,25639,55,11
17,50-54,593,109,80,86,71,59,80,100,244,304,318,235,233,281,360,397,457,570,674,817,904,5037,4583,5613,2140,1875,26220,26264,44,11
17,55-59,650,120,87,102,77,77,85,127,320,373,314,341,276,338,459,405,497,654,785,834,881,5130,4315,4898,1803,1545,25493,25499,6,4
17,60-64,602,137,123,108,111,122,133,147,395,413,397,409,378,434,563,486,545,640,710,847,865,4503,3393,3495,1187,1038,22181,22229,48,1
17,65-69,109,40,17,33,16,56,78,247,302,452,493,627,630,794,775,856,863,855,780,707,782,3121,2275,2495,690,614,18707,19206,499,56
17,70-74,56,16,16,22,50,59,87,383,507,737,940,1202,1293,1302,1181,1061,871,762,648,524,488,1787,1130,1216,343,317,16998,17045,47,31
17,75-79,48,3,16,25,41,29,65,422,622,1014,1374,1844,2001,1705,1389,1147,856,662,559,455,356,1203,685,650,227,173,17571,17639,68,37
17,80-84,38,12,22,31,6,4,19,329,404,638,948,1399,1557,1382,1145,960,661,501,393,290,212,787,332,302,82,55,12509,12589,80,54
17,85+,38,0,10,0,3,4,15,245,570,653,971,1208,1463,1142,1014,878,550,358,255,201,144,409,158,119,41,14,10463,10552,89,80
18,16-19,3543,3196,1949,1042,711,424,363,296,242,181,134,79,35,29,27,10,4,7,0,0,0,0,0,0,0,0,12272,12330,58,182
18,20-24,1153,514,418,503,523,495,502,428,878,436,422,467,458,454,477,533,539,574,484,421,409,1172,402,121,8,0,12791,12764,-27,29
18,25-29,812,310,258,270,268,232,233,313,772,278,328,309,359,391,422,481,580,659,646,691,670,2552,1103,409,33,16,13395,13375,-20,27
18,30-34,785,294,244,282,192,204,201,232,498,296,370,348,411,495,486,569,720,759,846,916,880,3752,1928,1142,156,69,17075,17136,61,23
18,35-39,673,222,182,210,151,135,151,180,448,239,310,306,317,401,387,467,584,703,727,709,820,3876,2147,1639,335,185,16504,16535,31,15
18,40-44,620,164,133,98,82,87,101,116,332,204,238,231,243,305,315,362,450,569,552,670,675,3279,2142,1781,411,309,14469,14537,68,19
18,45-49,544,151,98,83,63,67,107,124,272,249,257,217,195,269,290,312,388,498,597,651,687,3383,2345,2102,564,396,14909,14908,-1,32
18,50-54,602,127,55,73,61,47,89,144,272,325,286,250,256,302,308,360,456,543,620,731,750,3639,2656,2449,686,567,16654,16659,5,30
18,55-59,639,126,90,86,79,65,115,148,293,402,366,304,302,357,385,463,515,616,658,828,912,4067,2663,2560,717,570,18326,18297,-29,21
18,60-64,580,134,100,107,103,105,125,157,360,486,397,379,398,468,515,474,565,641,718,781,828,3544,2422,2025,514,457,17383,17418,35,11
18,65-69,120,51,33,36,29,34,48,167,337,434,465,629,648,739,764,768,729,821,640,670,619,2616,1756,1589,396,313,15451,16545,1094,108
18,70-74,91,11,22,29,37,74,82,429,501,832,1101,1456,1466,1339,1235,995,776,680,588,482,439,1446,811,819,204,173,16118,16190,72,60
18,75-79,101,3,13,30,38,32,29,362,611,959,1427,1856,1932,1687,1382,913,657,510,426,341,222,845,437,390,146,91,15440,15495,55,72
18,80-84,66,8,16,29,11,5,13,305,443,610,1041,1340,1497,1277,1033,735,503,364,259,206,147,455,218,159,49,22,10811,10921,110,94
18,85+,42,0,7,3,3,3,12,231,653,695,1090,1294,1401,1075,774,639,358,213,181,120,94,252,103,68,8,10,9329,9389,60,130
19,16-19,2884,3767,1378,813,588,359,286,237,192,169,108,73,37,31,6,9,4,0,10,0,0,7,0,0,0,0,10958,11007,49,97
19,20-24,1036,477,398,497,534,489,480,445,671,395,440,444,401,422,495,499,551,525,523,448,387,1013,270,76,13,4,11933,11947,14,16
19,25-29,710,262,237,251,244,214,220,235,560,279,293,319,344,373,352,467,480,589,647,643,667,2308,902,307,34,7,11944,11950,6,15
19,30-34,664,230,207,238,199,169,166,197,459,249,355,288,332,431,441,494,618,695,893,855,877,3480,1748,1012,144,64,15505,15509,4,9
19,35-39,606,183,127,179,113,106,96,174,325,239,237,259,263,322,384,447,540,653,706,820,819,3504,1981,1404,277,146,14910,14928,18,7
19,40-44,472,150,115,98,82,79,79,100,250,198,214,166,204,209,297,360,415,543,654,688,694,3257,1960,1776,445,274,13779,13783,4,9
19,45-49,413,115,68,65,48,53,56,87,200,176,178,154,166,213,240,309,373,454,509,605,628,3110,2141,1922,520,337,13140,13180,40,19
19,50-54,414,96,48,66,64,58,63,90,231,204,237,218,212,230,297,313,426,485,601,689,706,3220,2243,1963,512,485,14171,14168,-3,13
19,55-59,474,89,71,77,62,55,78,105,237,318,233,255,258,317,348,305,473,571,652,762,808,3441,2227,1924,480,397,15017,15050,33,12
19,60-64,423,89,50,88,59,76,88,114,300,307,305,325,314,344,425,418,468,583,609,689,772,2957,1750,1367,334,256,13510,13491,-19,12
19,65-69,105,42,32,35,34,39,26,135,252,319,387,471,479,592,554,589,619,597,556,528,493,2038,1285,1114,217,132,11670,12280,610,61
19,70-74,75,7,28,34,45,63,86,330,389,598,820,1101,1040,1013,833,741,606,500,410,355,289,1008,515,479,128,131,11624,11653,29,30
19,75-79,80,13,17,27,36,20,38,346,496,778,1162,1418,1556,1264,853,673,462,331,262,175,147,529,298,217,71,49,11318,11364,46,42
19,80-84,48,13,11,25,15,13,19,216,293,507,735,1148,1225,1006,748,470,310,204,152,136,68,295,123,95,29,22,7926,7979,53,56
19,85+,32,7,9,0,0,6,16,150,442,517,836,1137,1129,850,572,416,239,133,99,60,55,139,28,28,13,8,6921,6924,3,75
20,16-19,2839,3611,1883,1112,713,437,299,305,238,190,147,74,64,33,23,9,5,4,0,0,0,4,0,0,0,0,11990,12036,46,196
20,20-24,1117,458,409,506,539,441,388,409,863,445,445,437,420,427,471,528,609,609,633,615,514,1794,651,129,0,0,13857,13882,25,44
20,25-29,704,255,211,245,239,219,249,250,733,285,313,288,349,378,388,451,533,627,698,749,770,3092,1346,449,29,9,13859,13865,6,38
20,30-34,655,212,171,299,181,197,156,213,534,259,304,340,349,436,563,607,707,798,879,1060,1030,4282,2125,1160,152,53,17722,17746,24,23
20,35-39,536,168,115,168,120,129,123,163,438,227,288,280,278,371,389,483,635,727,813,910,953,4203,2346,1525,249,157,16794,16818,24,24
20,40-44,490,147,68,101,101,76,97,124,323,190,258,204,207,298,304,332,446,503,606,756,745,3719,2340,1790,326,213,14764,14790,26,29
20,45-49,409,95,54,55,62,56,50,91,290,249,243,215,227,239,270,307,405,475,610,659,720,3436,2320,1956,440,342,14275,14362,87,46
20,50-54,447,76,66,44,69,49,71,97,261,327,272,223,246,293,284,365,430,546,577,779,819,4067,2624,2282,487,403,16204,16242,38,41
20,55-59,466,93,63,65,68,62,87,118,334,391,345,332,272,354,371,438,542,638,666,890,966,4415,2815,2385,576,412,18164,18211,47,24
20,60-64,465,98,70,92,83,110,85,136,397,488,361,422,394,463,518,507,594,635,728,764,882,3797,2277,1691,416,325,16798,16826,28,19
20,65-69,78,7,14,7,34,3,24,265,286,449,530,624,671,733,771,793,858,816,760,753,660,2655,1591,1306,254,195,15137,15954,817,117
20,70-74,84,10,15,19,40,53,87,447,503,810,1106,1345,1386,1381,1176,960,848,692,549,409,372,1171,623,638,160,130,15014,15039,25,61
20,75-79,93,3,0,20,20,21,35,433,681,1111,1571,1772,1922,1693,1286,918,634,447,343,243,221,716,328,315,80,50,14956,15061,105,90
20,80-84,57,6,12,8,4,3,13,329,480,752,1125,1360,1504,1293,1029,698,436,274,204,141,135,325,139,124,39,18,10508,10610,102,120
20,85+,48,0,9,0,0,0,8,252,754,785,1073,1317,1386,1053,714,529,326,185,143,88,68,209,55,40,14,7,9063,9110,47,146
21,16-19,3027,4506,1595,902,612,414,295,225,186,163,109,75,46,26,27,14,8,0,0,0,0,0,0,0,0,0,12230,12321,91,219
21,20-24,1355,744,620,840,898,730,646,553,932,503,557,535,503,496,508,571,574,595,504,428,356,1131,401,126,9,11,15126,15151,25,34
21,25-29,799,375,301,332,316,330,299,331,741,310,366,358,381,501,476,549,624,654,709,815,804,2856,1143,452,54,31,14907,14949,42,32
21,30-34,843,294,184,331,226,202,193,202,556,276,369,355,393,456,549,598,747,875,824,966,1025,4099,2106,1164,173,93,18099,18160,61,26
21,35-39,720,229,177,141,145,117,147,179,432,240,278,285,330,379,440,514,653,694,794,909,880,4029,2389,1620,368,187,17276,17287,11,31
21,40-44,631,187,93,131,95,85,108,121,347,237,234,211,241,266,311,407,509,537,658,732,755,3507,2308,1902,478,293,15384,15461,77,43
21,45-49,545,110,71,93,70,58,76,99,272,281,225,178,198,241,253,339,438,515,631,631,716,3389,2424,2150,577,440,15020,15092,72,55
21,50-54,625,108,80,81,68,78,66,100,245,353,301,234,233,280,316,370,511,519,667,758,851,4096,2796,2478,693,586,17493,17548,55,38
21,55-59,666,117,122,83,84,56,88,115,318,388,360,325,301,351,408,444,620,642,729,894,953,4367,2773,2371,632,552,18759,18821,62,27
21,60-64,648,130,93,99,79,72,128,143,407,465,389,375,420,437,516,497,558,662,778,861,905,3825,2342,1870,457,413,17569,17574,5,24
21,65-69,182,29,29,0,39,58,33,166,262,454,524,684,639,793,846,861,902,831,774,717,751,2804,1799,1512,378,237,16304,17229,925,123
21,70-74,129,16,16,32,34,32,47,397,489,792,1157,1419,1490,1494,1275,1082,862,722,593,531,411,1416,817,706,171,161,16291,16292,1,77
21,75-79,139,5,5,18,16,15,38,396,578,1015,1530,1983,2104,1858,1422,968,723,532,415,332,262,839,446,371,102,77,16189,16233,44,102
21,80-84,57,11,12,10,3,7,23,280,347,722,1032,1493,1664,1370,1033,759,506,370,256,212,152,464,182,165,35,28,11193,11224,31,128
21,85+,38,0,6,0,0,3,17,185,575,682,1075,1491,1573,1161,865,665,414,267,157,159,83,276,100,94,10,0,9896,10031,135,157
22,16-19,3891,5440,1505,864,697,413,334,265,228,200,157,90,68,45,18,11,10,0,5,3,4,7,0,0,0,0,14255,14358,103,157
22,20-24,1660,791,863,1137,1209,986,779,738,1094,604,691,668,589,626,617,647,656,645,654,566,533,1506,482,143,3,0,18887,18907,20,32
22,25-29,1019,441,346,469,467,440,385,359,832,458,437,437,480,512,598,617,705,819,857,914,925,3471,1421,561,52,17,18039,18086,47,28
22,30-34,851,333,273,321,274,244,227,278,657,327,417,397,450,531,566,688,831,858,1039,1149,1155,4745,2308,1395,210,88,20612,20619,7,18
22,35-39,791,260,222,215,194,145,174,207,544,275,315,328,380,442,484,631,689,791,902,984,968,4490,2674,1959,378,160,19602,19609,7,23
22,40-44,679,179,131,140,81,103,102,165,426,290,289,273,282,310,351,449,564,684,731,760,867,4004,2570,2388,577,325,17720,17779,59,30
22,45-49,688,140,117,88,89,62,97,115,354,284,295,224,258,305,346,374,482,565,674,730,790,3743,2698,2612,692,501,17323,17382,59,32
22,50-54,667,107,72,94,76,81,89,135,319,387,312,247,259,343,324,348,516,621,719,774,938,4272,3015,2923,795,591,19024,19061,37,32
22,55-59,634,109,76,91,71,78,111,139,415,461,323,333,337,366,388,416,565,655,761,872,952,4372,2861,2598,708,572,19264,19309,45,18
22,60-64,600,118,85,103,87,91,122,145,416,524,424,389,399,439,465,496,584,656,757,820,841,3867,2260,1983,487,367,17525,17595,70,24
22,65-69,91,56,64,45,50,70,82,277,322,462,549,523,615,719,748,790,816,802,770,672,680,2466,1651,1441,291,214,15266,16092,826,99
22,70-74,92,22,34,69,62,98,86,486,539,786,1087,1356,1367,1468,1188,961,808,650,524,509,400,1300,715,674,226,169,15676,15730,54,53
22,75-79,95,11,23,56,63,46,34,416,562,1031,1525,1935,2206,1846,1345,1015,701,502,386,325,188,733,413,341,100,69,15967,16028,61,76
22,80-84,75,13,27,28,21,17,14,299,363,612,1033,1493,1758,1570,1170,814,473,353,249,186,143,403,195,157,49,20,11535,11600,65,99
22,85+,48,0,17,9,4,3,4,153,459,512,854,1253,1382,1147,863,616,405,215,141,99,81,199,98,51,12,3,8628,8722,94,124
23,16-19,4902,4000,1291,738,591,365,274,254,194,136,89,48,44,19,16,15,8,5,0,0,3,4,0,0,0,0,12996,13050,54,131
23,20-24,1601,626,524,582,636,548,512,528,880,490,466,486,481,542,504,569,570,565,519,472,417,1192,337,94,3,4,14148,14112,-36,23
23,25-29,950,394,272,324,297,250,246,313,659,323,318,370,419,480,462,507,656,723,747,718,725,3077,1322,487,50,12,15101,15124,23,24
23,30-34,971,322,261,354,247,249,239,304,604,302,387,378,408,490,593,605,777,828,879,966,983,4193,2451,1548,260,105,19704,19724,20,11
23,35-39,815,232,227,208,149,154,134,203,477,270,336,339,327,383,426,516,640,725,797,844,873,4034,2596,2123,477,273,18578,18593,15,17
23,40-44,733,210,151,168,102,94,115,143,315,261,233,233,299,320,341,379,486,589,628,712,674,3415,2331,2304,606,406,16248,16260,12,18
23,45-49,633,127,88,102,81,68,79,145,290,264,193,208,220,301,280,314,428,546,578,604,698,3292,2310,2549,768,578,15744,15761,17,23
23,50-54,639,138,127,64,64,48,69,132,267,293,255,244,236,262,313,349,470,572,641,721,723,3518,2605,2752,860,697,17059,17118,59,23
23,55-59,684,130,80,91,77,73,78,133,324,354,288,292,286,353,396,374,494,617,762,852,850,4042,2638,2648,853,677,18446,18477,31,17
23,60-64,626,101,85,103,78,99,92,140,414,504,350,391,362,431,476,449,528,668,670,726,786,3438,2123,2020,593,480,16733,16749,16,17
23,65-69,85,55,64,68,56,50,71,272,314,417,474,554,613,672,706,628,721,661,634,621,546,2277,1446,1442,382,301,14130,14695,565,83
23,70-74,82,14,42,52,57,88,102,420,506,725,977,1182,1225,1127,1009,828,760,596,518,377,339,1135,678,658,202,196,13895,13944,49,37
23,75-79,111,20,37,26,31,38,46,404,530,884,1266,1735,1851,1710,1159,916,656,452,362,289,233,757,413,415,136,103,14580,14588,8,53
23,80-84,78,7,16,23,9,12,20,233,314,547,834,1277,1546,1295,1080,752,468,307,254,185,168,430,226,200,53,40,10374,10427,53,79
23,85+,65,4,10,6,0,6,8,165,461,501,725,1177,1370,1073,929,733,447,254,173,127,95,255,109,83,13,11,8800,8874,74,99
24,16-19,3407,4206,1873,966,643,417,321,304,267,219,142,100,49,32,31,20,6,0,0,0,0,4,0,0,0,0,13007,13118,111,191
24,20-24,1044,461,413,429,500,392,444,387,771,427,450,474,518,495,605,589,657,600,552,476,410,1282,423,140,10,0,12949,12967,18,35
24,25-29,770,301,223,255,252,194,216,218,626,277,359,337,376,383,496,516,618,663,680,758,679,2669,1054,474,61,13,13468,13527,59,28
24,30-34,833,263,179,281,204,182,199,228,562,273,398,348,441,492,584,676,780,839,947,919,950,3971,2066,1128,182,88,18013,18056,43,15
24,35-39,725,225,178,203,140,145,153,172,439,255,301,310,359,367,480,586,711,838,877,970,911,4073,2368,1648,337,163,17934,17966,32,16
24,40-44,635,142,104,96,92,81,91,135,350,241,236,219,237,283,322,414,521,581,694,749,780,3601,2459,1925,421,314,15723,15772,49,28
24,45-49,542,115,94,63,79,76,62,104,257,253,192,199,195,264,277,374,441,567,608,781,738,3526,2507,2257,552,390,15513,15536,23,37
24,50-54,590,117,83,77,64,65,91,81,284,336,248,212,258,283,301,393,491,613,729,800,880,4156,2748,2309,597,469,17275,17304,29,30
24,55-59,625,140,76,63,78,85,84,104,308,331,289,274,307,297,410,456,561,689,774,919,999,4317,2844,2343,559,409,18341,18410,69,30
24,60-64,543,131,117,68,94,111,117,207,397,464,391,371,416,426,500,551,628,728,840,935,939,3972,2363,1802,429,315,17855,17905,50,15
24,65-69,108,9,21,13,6,6,43,186,317,457,564,675,742,832,942,933,905,838,877,834,726,2950,1776,1560,301,181,16802,17725,923,119
24,70-74,69,7,16,3,13,20,50,381,630,948,1449,1559,1581,1535,1280,1081,851,768,626,512,446,1488,756,708,193,156,17126,17239,113,78
24,75-79,78,8,3,8,9,25,22,449,730,1207,1796,2225,2288,2096,1490,1088,799,554,409,288,238,764,420,353,115,66,17528,17579,51,91
24,80-84,65,3,0,0,0,3,17,307,414,752,1162,1553,1830,1508,1147,873,500,359,247,188,144,448,200,139,43,18,11920,12023,103,115
24,85+,37,0,0,0,0,0,15,231,570,708,1050,1407,1603,1180,923,686,411,252,180,124,92,261,81,73,3,11,9898,9976,78,138
25,16-19,4344,3717,1604,838,639,422,323,228,180,163,114,79,48,30,18,12,8,7,0,0,0,7,0,0,0,0,12781,12852,71,120
25,20-24,1383,596,491,538,568,514,495,513,888,516,497,493,504,569,569,605,570,514,481,432,373,1243,406,134,0,4,13896,13903,7,23
25,25-29,821,296,262,267,247,284,261,266,741,317,349,386,397,438,514,529,596,656,670,689,613,2478,1117,472,43,19,13728,13819,91,17
25,30-34,773,312,253,313,227,210,215,272,604,320,375,384,457,521,584,662,783,854,911,949,954,3781,2007,1156,142,101,18120,18114,-6,9
25,35-39,629,249,194,211,169,139,155,190,475,274,349,314,357,382,470,544,687,771,862,882,897,3854,2271,1576,318,185,17404,17410,6,12
25,40-44,547,130,156,145,98,96,102,140,352,302,248,251,283,326,349,389,530,590,651,782,797,3246,2221,1893,430,334,15388,15436,48,15
25,45-49,531,141,114,90,90,96,86,129,322,264,248,240,237,307,295,374,474,548,585,666,746,3413,2349,2184,536,349,15414,15435,21,10
25,50-54,529,140,90,99,91,62,88,118,324,357,305,302,299,342,360,419,525,582,710,819,886,4078,2820,2554,646,514,18059,18035,-24,15
25,55-59,628,143,90,101,100,75,90,148,345,445,363,376,354,428,414,439,585,728,736,896,986,4409,2842,2392,632,451,19196,19213,17,9
25,60-64,556,113,98,99,76,105,94,168,396,553,432,444,413,490,506,563,636,726,801,905,964,3928,2400,1917,446,301,18130,18143,13,8
25,65-69,93,54,49,15,36,48,73,302,285,522,559,703,745,807,957,893,912,872,779,767,740,2859,1698,1495,357,192,16812,17188,376,53
25,70-74,66,7,30,31,25,37,48,442,588,912,1290,1553,1709,1518,1257,1065,866,700,594,517,436,1329,699,630,167,125,16641,16679,38,41
25,75-79,81,17,18,17,20,15,49,448,678,1176,1710,2193,2421,2016,1513,1114,813,539,392,266,231,728,374,308,81,51,17269,17284,15,51
25,80-84,57,0,9,12,3,6,16,278,408,689,1097,1550,1752,1474,1116,869,500,345,245,197,136,386,172,130,42,29,11518,11562,44,72
25,85+,29,0,3,0,0,0,9,172,503,639,951,1449,1455,1182,865,707,358,259,152,103,74,205,76,39,11,6,9247,9336,89,98
26,16-19,2972,3621,1529,898,574,384,301,241,193,170,94,80,53,50,24,3,9,4,0,0,0,0,0,0,0,0,11200,11241,41,82
26,20-24,891,450,348,398,419,445,385,358,774,418,403,405,418,437,422,506,516,592,488,439,357,1090,327,120,9,0,11415,11401,-14,12
26,25-29,612,216,171,221,196,249,195,187,650,232,283,272,301,341,385,421,478,560,607,633,546,2241,997,389,34,10,11427,11448,21,11
26,30-34,643,192,172,205,152,158,168,208,521,235,312,260,330,380,446,533,631,728,782,782,806,3419,1740,1032,123,55,15013,15002,-11,4
26,35-39,530,160,120,148,129,123,111,136,457,236,255,235,272,338,385,436,562,656,688,771,743,3423,2059,1427,247,111,14758,14777,19,3
26,40-44,480,133,112,86,83,80,80,87,309,213,189,172,189,243,278,325,413,502,523,640,638,3182,2030,1827,405,195,13414,13410,-4,4
26,45-49,439,89,62,57,62,58,84,90,256,219,138,168,171,217,234,302,391,503,533,550,640,3172,2302,2238,535,357,13867,13854,-13,2
26,50-54,467,94,56,61,45,44,46,77,234,258,223,211,180,228,282,279,413,504,563,690,710,3636,2425,2514,649,407,15296,15311,15,8
26,55-59,496,92,65,85,69,57,80,100,302,333,283,262,277,308,319,332,410,598,693,735,790,3900,2585,2403,630,426,16630,16628,-2,4
26,60-64,460,89,85,88,59,79,97,108,313,364,296,328,355,381,406,360,509,550,658,706,775,3400,1951,1768,420,310,14915,14897,-18,2
26,65-69,83,9,28,35,23,39,44,137,289,436,461,568,625,723,750,781,755,768,762,694,630,2446,1542,1388,274,160,14450,14721,271,36
26,70-74,55,11,11,24,24,22,33,289,382,695,1053,1203,1369,1376,1060,946,807,683,522,455,414,1234,662,573,121,110,14134,14147,13,26
26,75-79,44,0,7,10,3,4,12,314,424,822,1355,1828,1988,1761,1285,989,595,456,357,277,217,694,364,282,79,79,14246,14279,33,40
26,80-84,37,0,4,0,4,5,3,187,282,522,815,1348,1601,1363,970,709,445,344,208,181,122,359,156,112,36,19,9832,9869,37,50
26,85+,25,0,0,0,0,0,8,130,392,498,785,1194,1304,1086,745,607,366,238,155,114,81,224,75,48,7,9,8091,8146,55,63
27,16-19,1065,2388,823,486,368,213,146,110,111,87,52,40,28,21,9,8,0,0,5,0,0,0,0,0,0,0,5960,6024,64,107
27,20-24,429,268,262,237,274,248,226,253,397,246,251,250,268,296,349,379,331,281,269,229,150,472,144,37,0,0,6546,6545,-1,24
27,25-29,268,126,126,144,153,130,140,149,319,169,170,191,199,233,266,315,355,355,410,347,348,1116,425,168,15,3,6640,6653,13,19
27,30-34,311,96,80,110,112,83,118,123,260,147,171,187,215,246,319,366,391,490,486,538,480,1990,922,485,68,26,8820,8861,41,14
27,35-39,260,95,59,70,86,61,74,92,221,131,127,144,174,231,252,318,354,414,455,492,452,2084,1075,732,138,81,8672,8695,23,15
27,40-44,217,66,41,54,35,48,50,49,163,104,107,85,127,169,186,233,248,270,354,374,380,1776,1138,951,211,118,7554,7609,55,21
27,45-49,182,59,48,31,37,31,36,48,123,117,84,90,101,132,137,192,243,253,319,333,365,1702,1228,1092,275,183,7441,7490,49,27
27,50-54,209,37,34,37,20,27,20,56,127,151,107,118,125,134,189,172,238,301,334,369,431,1849,1299,1231,266,211,8092,8106,14,23
27,55-59,238,55,12,63,37,35,48,43,148,164,144,127,138,173,190,214,266,366,424,433,452,1922,1258,1034,234,184,8402,8407,5,18
27,60-64,212,62,38,43,53,52,41,49,163,203,184,187,188,205,247,280,295,375,397,416,404,1738,1075,791,168,127,7993,7978,-15,10
27,65-69,36,24,0,11,4,19,17,55,92,244,209,299,311,389,365,437,456,389,364,369,335,1309,848,685,143,74,7484,7949,465,65
27,70-74,29,4,0,4,6,0,8,104,244,383,644,718,790,698,595,518,410,322,260,222,144,626,363,291,79,54,7516,7584,68,49
27,75-79,20,0,4,0,0,0,8,192,276,443,793,1039,1079,972,641,434,313,226,171,149,104,348,155,149,34,27,7577,7600,23,61
27,80-84,13,0,0,0,0,3,4,114,184,318,524,717,844,717,459,321,199,146,97,59,46,152,62,43,12,11,5045,5099,54,77
27,85+,11,0,0,0,0,0,4,86,260,275,462,624,691,541,329,232,144,101,63,30,32,89,16,16,6,6,4018,4075,57,87
28,16-19,2656,3932,1778,1029,761,456,342,284,286,172,136,87,79,46,40,22,20,23,6,0,0,10,0,0,0,0,12165,12301,136,232
28,20-24,1401,834,890,1280,1323,1007,768,693,923,571,613,592,552,610,591,666,564,587,556,534,492,1686,772,269,14,0,18788,18854,66,87
28,25-29,875,407,378,481,536,457,399,350,744,378,416,401,414,466,515,512,650,714,751,821,832,3424,1767,687,50,16,17441,17582,141,97
28,30-34,889,293,200,252,248,223,199,246,574,327,368,361,438,508,601,636,820,869,923,1017,1104,4779,2778,1498,207,80,20438,20540,102,86
28,35-39,633,193,128,131,129,133,124,147,459,234,300,273,309,352,438,539,669,817,836,979,949,4458,2895,1918,374,175,18592,18728,136,94
28,40-44,481,94,72,68,80,77,79,76,337,213,227,190,192,323,316,389,509,566,655,711,832,3931,2888,2359,564,339,16568,16638,70,103
28,45-49,371,90,47,50,47,52,48,67,247,214,166,161,200,218,222,298,392,481,592,688,716,3806,2770,2640,656,446,15685,15792,107,115
28,50-54,332,78,43,39,42,38,44,60,217,268,205,168,176,203,266,305,438,503,536,747,745,3743,2745,2729,648,487,15805,15970,165,110
28,55-59,344,108,54,35,37,54,51,64,245,341,241,261,245,281,289,338,458,549,653,748,864,3956,2626,2485,617,458,16402,16486,84,93
28,60-64,375,85,41,49,58,77,60,112,263,391,321,328,331,388,434,451,524,574,623,672,756,3411,2153,1899,411,339,15126,15217,91,73
28,65-69,87,26,17,25,15,24,35,126,188,354,442,541,568,583,728,788,814,721,704,666,657,2672,1534,1320,302,250,14187,15417,1230,192
28,70-74,55,9,6,5,11,18,18,218,398,611,967,1254,1343,1308,1197,995,851,705,561,502,382,1282,688,611,164,156,14315,14359,44,117
28,75-79,43,5,3,11,3,6,12,245,420,809,1313,1719,1914,1671,1342,902,652,443,352,276,203,674,331,285,104,84,13822,13891,69,133
28,80-84,25,0,5,5,0,3,9,165,259,484,806,1241,1533,1266,992,695,404,261,196,110,97,331,139,115,44,27,9212,9309,97,183
28,85+,26,0,0,0,0,0,0,119,358,513,803,1084,1318,987,799,590,328,188,143,107,52,185,65,60,15,3,7743,7839,96,200
29,16-19,1550,3438,1575,1013,690,472,331,264,225,213,159,120,81,93,40,48,32,19,24,18,0,25,0,0,0,0,10430,10521,91,162
29,20-24,920,458,445,560,608,497,380,393,635,413,393,434,400,454,460,515,594,526,532,456,390,1699,894,472,36,0,13564,13577,13,46
29,25-29,608,214,224,231,263,211,226,209,520,232,250,280,312,341,351,383,505,566,601,620,585,2730,1719,1018,79,18,13296,13380,84,61
29,30-34,619,159,123,170,155,134,153,167,487,194,282,232,289,362,416,478,651,716,745,754,854,3581,2513,1795,230,82,16341,16393,52,42
29,35-39,487,135,84,97,87,85,105,124,406,192,189,209,236,285,315,412,521,584,646,654,690,3406,2715,2279,386,162,15491,15524,33,54
29,40-44,355,76,63,59,59,68,43,69,298,160,160,144,148,158,222,286,358,413,509,566,610,3002,2356,2395,530,296,13403,13483,80,69
29,45-49,330,67,45,54,41,31,53,58,225,182,122,134,140,166,202,221,360,376,458,527,582,2894,2348,2457,594,351,13018,13077,59,76
29,50-54,339,69,42,47,40,44,53,56,217,268,140,161,181,186,251,240,358,391,524,572,660,3604,2652,2798,719,411,15023,15105,82,71
29,55-59,319,73,59,46,49,47,44,72,225,335,188,228,206,290,275,315,440,471,606,715,769,3808,2799,3000,685,433,16497,16570,73,57
29,60-64,322,77,62,83,41,91,81,95,301,357,289,296,291,363,406,379,506,619,649,701,725,3560,2387,2204,478,300,15663,15741,78,34
29,65-69,43,12,7,32,15,22,14,106,233,373,516,614,606,771,825,828,851,732,688,651,573,2665,1602,1452,277,215,14723,15498,775,128
29,70-74,41,0,15,14,8,13,15,239,408,757,1200,1416,1439,1340,1161,998,834,625,552,469,386,1321,659,631,155,122,14818,14849,31,87
29,75-79,29,0,7,0,4,4,9,307,468,879,1457,1816,2064,1728,1231,997,668,484,355,256,204,600,309,245,57,59,14237,14301,64,110
29,80-84,28,0,3,0,0,0,5,185,226,462,827,1265,1668,1430,994,754,531,340,204,156,111,287,119,100,26,12,9733,9800,67,133
29,85+,18,0,0,0,0,0,4,133,326,473,785,1168,1426,1139,837,701,460,275,178,115,63,175,38,34,7,0,8355,8372,17,160
