# municipality -> Riksdag valkrets, 2024 municipal codes (SCB) mapped by Vallagen (2005:837) 4 kap. 2 § (Lag 2014:1384), the statute's own municipality lists for the seven split valkretsar, the county otherwise. Built 2026-09-02 by Tools/… see README.
kommun_code,kommun_name,valkrets_no,valkrets_name
0114,Upplands Väsby,2,Stockholms läns valkrets (Stockholms län med undantag av Stockholms kommun)
0115,Vallentuna,2,Stockholms läns valkrets (Stockholms län med undantag av Stockholms kommun)
0117,Österåker,2,Stockholms läns valkrets (Stockholms län med undantag av Stockholms kommun)
0120,Värmdö,2,Stockholms läns valkrets (Stockholms län med undantag av Stockholms kommun)
0123,Järfälla,2,Stockholms läns valkrets (Stockholms län med undantag av Stockholms kommun)
0125,Ekerö,2,Stockholms läns valkrets (Stockholms län med undantag av Stockholms kommun)
0126,Huddinge,2,Stockholms läns valkrets (Stockholms län med undantag av Stockholms kommun)
0127,Botkyrka,2,Stockholms läns valkrets (Stockholms län med undantag av Stockholms kommun)
0128,Salem,2,Stockholms läns valkrets (Stockholms län med undantag av Stockholms kommun)
0136,Haninge,2,Stockholms läns valkrets (Stockholms län med undantag av Stockholms kommun)
0138,Tyresö,2,Stockholms läns valkrets (Stockholms län med undantag av Stockholms kommun)
0139,Upplands-Bro,2,Stockholms läns valkrets (Stockholms län med undantag av Stockholms kommun)
0140,Nykvarn,2,Stockholms läns valkrets (Stockholms län med undantag av Stockholms kommun)
0160,Täby,2,Stockholms läns valkrets (Stockholms län med undantag av Stockholms kommun)
0162,Danderyd,2,Stockholms läns valkrets (Stockholms län med undantag av Stockholms kommun)
0163,Sollentuna,2,Stockholms läns valkrets (Stockholms län med undantag av Stockholms kommun)
0180,Stockholm,1,Stockholms kommun
0181,Södertälje,2,Stockholms läns valkrets (Stockholms län med undantag av Stockholms kommun)
0182,Nacka,2,Stockholms läns valkrets (Stockholms län med undantag av Stockholms kommun)
0183,Sundbyberg,2,Stockholms läns valkrets (Stockholms län med undantag av Stockholms kommun)
0184,Solna,2,Stockholms läns valkrets (Stockholms län med undantag av Stockholms kommun)
0186,Lidingö,2,Stockholms läns valkrets (Stockholms län med undantag av Stockholms kommun)
0187,Vaxholm,2,Stockholms läns valkrets (Stockholms län med undantag av Stockholms kommun)
0188,Norrtälje,2,Stockholms läns valkrets (Stockholms län med undantag av Stockholms kommun)
0191,Sigtuna,2,Stockholms läns valkrets (Stockholms län med undantag av Stockholms kommun)
0192,Nynäshamn,2,Stockholms läns valkrets (Stockholms län med undantag av Stockholms kommun)
0305,Håbo,3,Uppsala län
0319,Älvkarleby,3,Uppsala län
0330,Knivsta,3,Uppsala län
0331,Heby,3,Uppsala län
0360,Tierp,3,Uppsala län
0380,Uppsala,3,Uppsala län
0381,Enköping,3,Uppsala län
0382,Östhammar,3,Uppsala län
0428,Vingåker,4,Södermanlands län
0461,Gnesta,4,Södermanlands län
0480,Nyköping,4,Södermanlands län
0481,Oxelösund,4,Södermanlands län
0482,Flen,4,Södermanlands län
0483,Katrineholm,4,Södermanlands län
0484,Eskilstuna,4,Södermanlands län
0486,Strängnäs,4,Södermanlands län
0488,Trosa,4,Södermanlands län
0509,Ödeshög,5,Östergötlands län
0512,Ydre,5,Östergötlands län
0513,Kinda,5,Östergötlands län
0560,Boxholm,5,Östergötlands län
0561,Åtvidaberg,5,Östergötlands län
0562,Finspång,5,Östergötlands län
0563,Valdemarsvik,5,Östergötlands län
0580,Linköping,5,Östergötlands län
0581,Norrköping,5,Östergötlands län
0582,Söderköping,5,Östergötlands län
0583,Motala,5,Östergötlands län
0584,Vadstena,5,Östergötlands län
0586,Mjölby,5,Östergötlands län
0604,Aneby,6,Jönköpings län
0617,Gnosjö,6,Jönköpings län
0642,Mullsjö,6,Jönköpings län
0643,Habo,6,Jönköpings län
0662,Gislaved,6,Jönköpings län
0665,Vaggeryd,6,Jönköpings län
0680,Jönköping,6,Jönköpings län
0682,Nässjö,6,Jönköpings län
0683,Värnamo,6,Jönköpings län
0684,Sävsjö,6,Jönköpings län
0685,Vetlanda,6,Jönköpings län
0686,Eksjö,6,Jönköpings län
0687,Tranås,6,Jönköpings län
0760,Uppvidinge,7,Kronobergs län
0761,Lessebo,7,Kronobergs län
0763,Tingsryd,7,Kronobergs län
0764,Alvesta,7,Kronobergs län
0765,Älmhult,7,Kronobergs län
0767,Markaryd,7,Kronobergs län
0780,Växjö,7,Kronobergs län
0781,Ljungby,7,Kronobergs län
0821,Högsby,8,Kalmar län
0834,Torsås,8,Kalmar län
0840,Mörbylånga,8,Kalmar län
0860,Hultsfred,8,Kalmar län
0861,Mönsterås,8,Kalmar län
0862,Emmaboda,8,Kalmar län
0880,Kalmar,8,Kalmar län
0881,Nybro,8,Kalmar län
0882,Oskarshamn,8,Kalmar län
0883,Västervik,8,Kalmar län
0884,Vimmerby,8,Kalmar län
0885,Borgholm,8,Kalmar län
0980,Gotland,9,Gotlands län
1060,Olofström,10,Blekinge län
1080,Karlskrona,10,Blekinge län
1081,Ronneby,10,Blekinge län
1082,Karlshamn,10,Blekinge län
1083,Sölvesborg,10,Blekinge län
1214,Svalöv,12,Skåne läns västra valkrets
1230,Staffanstorp,13,Skåne läns södra valkrets
1231,Burlöv,13,Skåne läns södra valkrets
1233,Vellinge,13,Skåne läns södra valkrets
1256,Östra Göinge,14,Skåne läns norra och östra valkrets
1257,Örkelljunga,14,Skåne läns norra och östra valkrets
1260,Bjuv,12,Skåne läns västra valkrets
1261,Kävlinge,13,Skåne läns södra valkrets
1262,Lomma,13,Skåne läns södra valkrets
1263,Svedala,13,Skåne läns södra valkrets
1264,Skurup,13,Skåne läns södra valkrets
1265,Sjöbo,13,Skåne läns södra valkrets
1266,Hörby,12,Skåne läns västra valkrets
1267,Höör,12,Skåne läns västra valkrets
1270,Tomelilla,14,Skåne läns norra och östra valkrets
1272,Bromölla,14,Skåne läns norra och östra valkrets
1273,Osby,14,Skåne läns norra och östra valkrets
1275,Perstorp,14,Skåne läns norra och östra valkrets
1276,Klippan,14,Skåne läns norra och östra valkrets
1277,Åstorp,14,Skåne läns norra och östra valkrets
1278,Båstad,14,Skåne läns norra och östra valkrets
1280,Malmö,11,Malmö kommun
1281,Lund,13,Skåne läns södra valkrets
1282,Landskrona,12,Skåne läns västra valkrets
1283,Helsingborg,12,Skåne läns västra valkrets
1284,Höganäs,12,Skåne läns västra valkrets
1285,Eslöv,12,Skåne läns västra valkrets
1286,Ystad,13,Skåne läns södra valkrets
1287,Trelleborg,13,Skåne läns södra valkrets
1290,Kristianstad,14,Skåne läns norra och östra valkrets
1291,Simrishamn,14,Skåne läns norra och östra valkrets
1292,Ängelholm,14,Skåne läns norra och östra valkrets
1293,Hässleholm,14,Skåne läns norra och östra valkrets
1315,Hylte,15,Hallands län
1380,Halmstad,15,Hallands län
1381,Laholm,15,Hallands län
1382,Falkenberg,15,Hallands län
1383,Varberg,15,Hallands län
1384,Kungsbacka,15,Hallands län
1401,Härryda,17,Västra Götalands läns västra valkrets
1402,Partille,17,Västra Götalands läns västra valkrets
1407,Öckerö,17,Västra Götalands läns västra valkrets
1415,Stenungsund,17,Västra Götalands läns västra valkrets
1419,Tjörn,17,Västra Götalands läns västra valkrets
1421,Orust,18,Västra Götalands läns norra valkrets
1427,Sotenäs,18,Västra Götalands läns norra valkrets
1430,Munkedal,18,Västra Götalands läns norra valkrets
1435,Tanum,18,Västra Götalands läns norra valkrets
1438,Dals-Ed,18,Västra Götalands läns norra valkrets
1439,Färgelanda,18,Västra Götalands läns norra valkrets
1440,Ale,17,Västra Götalands läns västra valkrets
1441,Lerum,17,Västra Götalands läns västra valkrets
1442,Vårgårda,19,Västra Götalands läns södra valkrets
1443,Bollebygd,19,Västra Götalands läns södra valkrets
1444,Grästorp,20,Västra Götalands läns östra valkrets
1445,Essunga,20,Västra Götalands läns östra valkrets
1446,Karlsborg,20,Västra Götalands läns östra valkrets
1447,Gullspång,20,Västra Götalands läns östra valkrets
1452,Tranemo,19,Västra Götalands läns södra valkrets
1460,Bengtsfors,18,Västra Götalands läns norra valkrets
1461,Mellerud,18,Västra Götalands läns norra valkrets
1462,Lilla Edet,17,Västra Götalands läns västra valkrets
1463,Mark,19,Västra Götalands läns södra valkrets
1465,Svenljunga,19,Västra Götalands läns södra valkrets
1466,Herrljunga,19,Västra Götalands läns södra valkrets
1470,Vara,20,Västra Götalands läns östra valkrets
1471,Götene,20,Västra Götalands läns östra valkrets
1472,Tibro,20,Västra Götalands läns östra valkrets
1473,Töreboda,20,Västra Götalands läns östra valkrets
1480,Göteborg,16,Göteborgs kommun
1481,Mölndal,17,Västra Götalands läns västra valkrets
1482,Kungälv,17,Västra Götalands läns västra valkrets
1484,Lysekil,18,Västra Götalands läns norra valkrets
1485,Uddevalla,18,Västra Götalands läns norra valkrets
1486,Strömstad,18,Västra Götalands läns norra valkrets
1487,Vänersborg,18,Västra Götalands läns norra valkrets
1488,Trollhättan,18,Västra Götalands läns norra valkrets
1489,Alingsås,17,Västra Götalands läns västra valkrets
1490,Borås,19,Västra Götalands läns södra valkrets
1491,Ulricehamn,19,Västra Götalands läns södra valkrets
1492,Åmål,18,Västra Götalands läns norra valkrets
1493,Mariestad,20,Västra Götalands läns östra valkrets
1494,Lidköping,20,Västra Götalands läns östra valkrets
1495,Skara,20,Västra Götalands läns östra valkrets
1496,Skövde,20,Västra Götalands läns östra valkrets
1497,Hjo,20,Västra Götalands läns östra valkrets
1498,Tidaholm,20,Västra Götalands läns östra valkrets
1499,Falköping,20,Västra Götalands läns östra valkrets
1715,Kil,21,Värmlands län
1730,Eda,21,Värmlands län
1737,Torsby,21,Värmlands län
1760,Storfors,21,Värmlands län
1761,Hammarö,21,Värmlands län
1762,Munkfors,21,Värmlands län
1763,Forshaga,21,Värmlands län
1764,Grums,21,Värmlands län
1765,Årjäng,21,Värmlands län
1766,Sunne,21,Värmlands län
1780,Karlstad,21,Värmlands län
1781,Kristinehamn,21,Värmlands län
1782,Filipstad,21,Värmlands län
1783,Hagfors,21,Värmlands län
1784,Arvika,21,Värmlands län
1785,Säffle,21,Värmlands län
1814,Lekeberg,22,Örebro län
1860,Laxå,22,Örebro län
1861,Hallsberg,22,Örebro län
1862,Degerfors,22,Örebro län
1863,Hällefors,22,Örebro län
1864,Ljusnarsberg,22,Örebro län
1880,Örebro,22,Örebro län
1881,Kumla,22,Örebro län
1882,Askersund,22,Örebro län
1883,Karlskoga,22,Örebro län
1884,Nora,22,Örebro län
1885,Lindesberg,22,Örebro län
1904,Skinnskatteberg,23,Västmanlands län
1907,Surahammar,23,Västmanlands län
1960,Kungsör,23,Västmanlands län
1961,Hallstahammar,23,Västmanlands län
1962,Norberg,23,Västmanlands län
1980,Västerås,23,Västmanlands län
1981,Sala,23,Västmanlands län
1982,Fagersta,23,Västmanlands län
1983,Köping,23,Västmanlands län
1984,Arboga,23,Västmanlands län
2021,Vansbro,24,Dalarnas län
2023,Malung-Sälen,24,Dalarnas län
2026,Gagnef,24,Dalarnas län
2029,Leksand,24,Dalarnas län
2031,Rättvik,24,Dalarnas län
2034,Orsa,24,Dalarnas län
2039,Älvdalen,24,Dalarnas län
2061,Smedjebacken,24,Dalarnas län
2062,Mora,24,Dalarnas län
2080,Falun,24,Dalarnas län
2081,Borlänge,24,Dalarnas län
2082,Säter,24,Dalarnas län
2083,Hedemora,24,Dalarnas län
2084,Avesta,24,Dalarnas län
2085,Ludvika,24,Dalarnas län
2101,Ockelbo,25,Gävleborgs län
2104,Hofors,25,Gävleborgs län
2121,Ovanåker,25,Gävleborgs län
2132,Nordanstig,25,Gävleborgs län
2161,Ljusdal,25,Gävleborgs län
2180,Gävle,25,Gävleborgs län
2181,Sandviken,25,Gävleborgs län
2182,Söderhamn,25,Gävleborgs län
2183,Bollnäs,25,Gävleborgs län
2184,Hudiksvall,25,Gävleborgs län
2260,Ånge,26,Västernorrlands län
2262,Timrå,26,Västernorrlands län
2280,Härnösand,26,Västernorrlands län
2281,Sundsvall,26,Västernorrlands län
2282,Kramfors,26,Västernorrlands län
2283,Sollefteå,26,Västernorrlands län
2284,Örnsköldsvik,26,Västernorrlands län
2303,Ragunda,27,Jämtlands län
2305,Bräcke,27,Jämtlands län
2309,Krokom,27,Jämtlands län
2313,Strömsund,27,Jämtlands län
2321,Åre,27,Jämtlands län
2326,Berg,27,Jämtlands län
2361,Härjedalen,27,Jämtlands län
2380,Östersund,27,Jämtlands län
2401,Nordmaling,28,Västerbottens län
2403,Bjurholm,28,Västerbottens län
2404,Vindeln,28,Västerbottens län
2409,Robertsfors,28,Västerbottens län
2417,Norsjö,28,Västerbottens län
2418,Malå,28,Västerbottens län
2421,Storuman,28,Västerbottens län
2422,Sorsele,28,Västerbottens län
2425,Dorotea,28,Västerbottens län
2460,Vännäs,28,Västerbottens län
2462,Vilhelmina,28,Västerbottens län
2463,Åsele,28,Västerbottens län
2480,Umeå,28,Västerbottens län
2481,Lycksele,28,Västerbottens län
2482,Skellefteå,28,Västerbottens län
2505,Arvidsjaur,29,Norrbottens län
2506,Arjeplog,29,Norrbottens län
2510,Jokkmokk,29,Norrbottens län
2513,Överkalix,29,Norrbottens län
2514,Kalix,29,Norrbottens län
2518,Övertorneå,29,Norrbottens län
2521,Pajala,29,Norrbottens län
2523,Gällivare,29,Norrbottens län
2560,Älvsbyn,29,Norrbottens län
2580,Luleå,29,Norrbottens län
2581,Piteå,29,Norrbottens län
2582,Boden,29,Norrbottens län
2583,Haparanda,29,Norrbottens län
2584,Kiruna,29,Norrbottens län
