# Population 16+ at 31 December 2024 by education level (SUN 2000 level codes: 1 förgymnasial <9 år, 2 förgymnasial 9 (10) år, 3 gymnasial <=2 år, 4 gymnasial 3 år, 5 eftergymnasial <3 år, 6 eftergymnasial >=3 år, 7 forskarutbildning, US uppgift saknas; SCB UF0506 UtbBefRegionR, both sexes), by Riksdag valkrets and five-year age band (band_3 = 16-19 ... band_19 = 95+), aggregated from the four scb_UtbBefRegionR_2024_municipality_age_sex_level_part*.json through valkrets_municipalities_2024.csv. Built 2026-09-02 by Tools/build_valkrets_marginals.sh; see VALKRETS_POPULATION_README.md.
valkrets_no,band,level_1,level_2,level_3,level_4,level_5,level_6,level_7,level_US,total
1,3,20,30767,268,7746,117,0,0,2420,41338
1,4,206,3878,2025,23402,14586,6578,0,3054,53729
1,5,575,3398,3103,15160,15180,36356,132,4371,78275
1,6,806,3274,3908,15420,17015,48635,1080,4739,94877
1,7,1208,3353,5047,12264,14948,40396,1770,3925,82911
1,8,1647,3843,5507,9914,11539,34202,2120,2915,71687
1,9,1693,3427,5713,11009,9153,29144,2079,2117,64335
1,10,1691,3345,9756,9432,10104,25868,2125,1475,63796
1,11,1714,3632,11855,8929,10994,19556,1817,848,59345
1,12,1665,4047,12432,7864,10164,16713,1582,597,55064
1,13,1483,3978,10391,6023,8472,13671,1329,492,45839
1,14,1430,3520,8136,5425,7093,12011,1200,434,39249
1,15,1824,3023,6911,4997,5371,11232,1069,541,34968
1,16,2181,1590,4687,3280,3208,7105,809,605,23465
1,17,1485,852,2630,1531,1537,2984,399,403,11821
1,18,963,447,1327,608,651,1037,123,248,5404
1,19,485,216,537,208,237,301,32,117,2133
2,3,35,57428,464,14199,106,0,0,3940,76172
2,4,448,7042,3541,40468,16643,5491,0,3838,77471
2,5,1183,6152,5930,25079,15575,24058,112,5115,83204
2,6,1547,6580,7797,27443,19890,37325,983,5961,107526
2,7,2220,6462,9833,23025,19574,41094,1890,5485,109583
2,8,2924,6667,10408,20114,16581,39902,2091,4750,103437
2,9,2896,6531,10964,22526,13978,36265,2075,3758,98993
2,10,2790,6743,21043,17541,16123,33194,2141,2631,102206
2,11,2735,7013,25700,14979,16694,23942,1823,1606,94492
2,12,2796,8015,23475,11670,13803,18024,1468,1118,80369
2,13,2691,7473,18718,8890,11164,13840,1143,914,64833
2,14,2863,6684,14919,8178,9574,11454,940,730,55342
2,15,5058,6252,15251,9149,8365,12305,913,898,58191
2,16,6047,3427,11340,6883,5528,8533,820,817,43395
2,17,4083,1626,5493,3134,2651,3824,382,606,21799
2,18,2144,643,2176,1067,994,1402,120,325,8871
2,19,736,228,696,309,240,384,24,160,2777
3,3,3,14388,104,3611,41,0,0,873,19020
3,4,123,2205,989,13522,10283,3786,0,1165,32073
3,5,365,1551,1677,8056,5196,10246,70,1312,28473
3,6,409,1830,1926,8634,4693,11733,568,1235,31028
3,7,544,1549,2269,7319,4472,10491,1147,928,28719
3,8,609,1432,2174,5774,3477,9244,1333,693,24736
3,9,613,1501,2248,5882,2932,8315,1448,464,23403
3,10,561,1591,5693,4113,3320,7154,1254,289,23975
3,11,518,1705,7499,3604,3630,5358,1136,240,23690
3,12,460,2194,7251,2859,3248,4226,904,178,21320
3,13,421,2509,6439,2410,2897,3730,848,176,19430
3,14,807,2346,5286,2207,2839,3720,732,132,18069
3,15,2152,1779,5022,2238,2301,3983,643,151,18269
3,16,2528,850,3147,1390,1315,2450,564,107,12351
3,17,1792,442,1512,551,590,1024,262,81,6254
3,18,970,136,618,187,210,405,85,30,2641
3,19,354,47,202,54,65,110,15,22,869
4,3,9,11392,105,2486,1,0,0,792,14785
4,4,148,2194,866,8652,1875,550,0,560,14845
4,5,419,1689,1326,6212,2223,2452,3,510,14834
4,6,561,1687,1596,7133,3063,4470,38,547,19095
4,7,783,1624,2031,6156,3136,4975,82,500,19287
4,8,885,1415,2159,4997,2616,5211,134,435,17852
4,9,716,1370,2390,5072,2339,4868,147,394,17296
4,10,699,1445,5606,3417,2677,4580,174,242,18840
4,11,604,1675,7571,3072,3136,3406,153,212,19829
4,12,614,1974,7422,2513,2820,2594,113,148,18198
4,13,546,2488,6552,2093,2776,2371,97,168,17091
4,14,1513,2130,5440,2098,2548,2258,80,176,16243
4,15,2984,1551,5228,2364,2111,2290,107,188,16823
4,16,2931,764,3464,1513,1281,1536,75,166,11730
4,17,2051,378,1590,611,565,643,33,84,5955
4,18,1033,165,664,212,184,239,6,41,2544
4,19,343,37,176,52,54,59,1,15,737
5,3,14,16927,135,4208,31,0,0,1078,22393
5,4,209,2701,1110,15084,8086,2706,0,847,30743
5,5,500,2431,1960,9494,5221,8334,27,1015,28982
5,6,633,2285,2382,10410,5984,10437,266,946,33343
5,7,909,2032,2913,8512,5206,10234,515,783,31104
5,8,1023,1751,2631,7331,4078,9396,649,610,27469
5,9,915,1881,3134,7560,3605,9147,698,496,27436
5,10,889,1844,7637,5838,4480,7729,650,325,29392
5,11,867,2070,10448,4798,4966,5848,534,246,29777
5,12,815,2931,10005,3753,4182,4516,480,191,26873
5,13,756,3680,9137,2969,3598,3884,380,243,24647
5,14,1645,3464,7598,2847,3491,3608,287,188,23128
5,15,3961,2121,7076,3078,2820,3491,272,264,23083
5,16,4161,1181,4804,2053,1698,2194,162,191,16444
5,17,3049,537,2466,949,749,1041,92,136,9019
5,18,1516,195,984,321,272,377,21,64,3750
5,19,566,70,281,74,58,90,6,21,1166
6,3,15,13778,125,3250,32,0,0,868,18068
6,4,140,2265,1028,11399,4084,1035,0,856,20807
6,5,538,1816,1794,7814,3671,4818,8,983,21442
6,6,565,1629,1906,9148,4416,6988,35,892,25579
6,7,734,1577,2314,7873,4126,6840,78,697,24239
6,8,806,1496,2203,6535,3319,6542,141,529,21571
6,9,848,1420,2465,6721,2983,6345,164,432,21378
6,10,740,1791,6538,4487,3485,5153,186,325,22705
6,11,751,2189,8739,3856,3893,3870,166,208,23672
6,12,749,2901,8053,2992,3115,2976,118,164,21068
6,13,731,3536,7245,2297,2697,2480,98,226,19310
6,14,2089,2685,6088,2135,2596,2224,75,197,18089
6,15,4213,1803,5613,2036,1970,2253,62,193,18143
6,16,3948,1028,3784,1259,1205,1452,59,174,12909
6,17,2849,536,1874,497,568,678,25,130,7157
6,18,1542,236,744,208,175,266,9,52,3232
6,19,533,76,206,50,44,86,1,27,1023
7,3,4,7574,53,1787,11,0,0,497,9926
7,4,90,1378,591,6618,2716,703,0,412,12508
7,5,236,867,966,4391,1923,2535,5,464,11387
7,6,288,820,1072,4760,2193,3870,24,406,13433
7,7,414,801,1282,3851,2170,4017,74,458,13067
7,8,433,784,1093,3508,1850,3999,95,372,12134
7,9,433,739,1261,3750,1706,3777,142,301,12109
7,10,377,913,3459,2160,1907,2981,129,217,12143
7,11,317,1006,4780,1960,2200,2243,141,201,12848
7,12,277,1327,4496,1423,1774,1731,86,211,11325
7,13,290,1721,4080,1138,1576,1489,85,206,10585
7,14,830,1624,3489,1230,1462,1485,46,195,10361
7,15,1962,1015,3273,1158,1113,1410,53,156,10140
7,16,2123,462,2227,733,664,778,37,152,7176
7,17,1544,256,1176,334,315,347,18,91,4081
7,18,871,103,504,108,133,140,10,44,1913
7,19,296,28,141,26,28,33,1,14,567
8,3,7,8401,56,1938,3,0,0,557,10962
8,4,108,1353,566,6927,1908,544,0,473,11879
8,5,266,1087,899,5080,1787,2352,1,467,11939
8,6,260,1130,1151,6159,2436,4045,15,422,15618
8,7,367,995,1366,5146,2487,3940,61,410,14772
8,8,392,1016,1267,4136,2069,4147,80,314,13421
8,9,422,1089,1545,4249,1809,4066,109,298,13587
8,10,337,1198,4659,2734,2271,3506,119,188,15012
8,11,319,1419,6416,2569,2789,2697,91,163,16463
8,12,361,2015,6481,2077,2341,2204,95,203,15777
8,13,254,2579,6215,1698,2209,2034,102,259,15350
8,14,858,2647,5288,1822,2034,2038,87,224,14998
8,15,3110,1338,4926,1635,1668,2070,82,187,15016
8,16,3198,783,3168,982,922,1225,58,164,10500
8,17,2354,368,1559,438,460,609,18,104,5910
8,18,1134,145,616,119,148,246,12,27,2447
8,19,350,30,155,25,34,53,4,7,658
9,3,0,1961,24,520,6,0,0,128,2639
9,4,11,291,153,1866,522,110,0,144,3097
9,5,32,253,215,1253,436,494,2,93,2778
9,6,48,297,199,1520,552,947,4,82,3649
9,7,73,214,209,1330,580,1063,24,67,3560
9,8,42,245,289,1100,495,1066,25,75,3337
9,9,35,257,332,1065,488,1063,21,59,3320
9,10,27,297,1057,743,512,1065,29,44,3774
9,11,36,348,1602,710,587,795,31,31,4140
9,12,44,459,1681,585,563,729,34,31,4126
9,13,52,617,1637,480,564,686,36,16,4088
9,14,462,434,1303,550,497,676,27,18,3967
9,15,760,249,1222,404,469,668,28,11,3811
9,16,745,135,868,210,261,431,25,17,2692
9,17,559,94,399,92,100,175,14,5,1438
9,18,262,41,157,33,29,70,1,1,594
9,19,85,7,27,9,5,21,1,2,157
10,3,6,5731,23,1471,5,0,0,308,7544
10,4,40,898,333,5025,1560,546,0,252,8654
10,5,120,591,525,3254,1318,1771,4,227,7810
10,6,146,589,744,3686,1674,2637,23,258,9757
10,7,241,581,909,3082,1629,2605,62,218,9327
10,8,255,567,938,2441,1444,2827,68,209,8749
10,9,254,558,820,2789,1542,2959,94,135,9151
10,10,219,667,2734,1903,1695,2633,88,103,10042
10,11,194,743,4122,1559,1910,2024,68,97,10717
10,12,159,974,3969,1300,1496,1618,60,78,9654
10,13,161,1326,3594,919,1423,1414,53,102,8992
10,14,922,1246,2923,981,1249,1376,41,113,8851
10,15,2134,609,2763,1064,1046,1219,32,100,8967
10,16,2084,329,2045,714,632,747,26,70,6647
10,17,1489,215,1088,311,272,340,11,44,3770
10,18,680,68,386,117,92,161,5,17,1526
10,19,207,13,114,19,26,22,3,8,412
11,3,10,11590,123,2734,39,0,0,953,15449
11,4,164,2216,806,9820,5537,1865,0,1334,21742
11,5,527,2066,1635,7205,6277,11290,26,1903,30929
11,6,709,2059,2202,6216,6649,14852,318,2008,35013
11,7,1067,1765,2729,4955,5317,12486,571,1697,30587
11,8,1193,1737,2662,4091,4263,10674,628,1296,26544
11,9,1290,1490,2761,3977,3386,8829,548,1057,23338
11,10,1117,1361,4030,3054,3145,6899,475,770,20851
11,11,1072,1415,4784,2832,3360,5140,366,512,19481
11,12,1053,1590,4916,2634,3101,4051,299,387,18031
11,13,892,1741,4298,2023,2424,3191,249,297,15115
11,14,923,1679,3713,1731,2184,2875,191,252,13548
11,15,1488,1150,3009,1608,1501,2366,194,272,11588
11,16,1488,692,2277,1110,891,1288,116,284,8146
11,17,1150,442,1244,606,450,573,50,181,4696
11,18,647,182,529,216,175,233,19,91,2092
11,19,248,69,156,59,44,61,5,38,680
12,3,15,12152,69,2794,14,0,0,773,15817
12,4,153,2029,786,9310,2868,769,0,728,16643
12,5,304,1592,1337,6538,3030,3711,8,867,17387
12,6,388,1725,1912,7076,4001,6017,62,983,22164
12,7,621,1653,2239,6128,4001,6551,161,959,22313
12,8,768,1523,2091,5303,3401,6230,206,766,20288
12,9,725,1490,2410,5691,2944,6302,298,703,20563
12,10,749,1564,5348,4138,3380,5483,251,481,21394
12,11,767,1835,6942,3671,3768,4039,256,348,21626
12,12,636,2153,6555,3009,3162,3337,170,274,19296
12,13,664,2632,5722,2280,2570,2759,165,193,16985
12,14,1545,2043,4816,2101,2296,2612,147,208,15768
12,15,2481,1484,4456,2082,1804,2462,137,195,15101
12,16,2410,991,3145,1417,1155,1492,127,230,10967
12,17,1704,452,1504,605,488,627,52,117,5549
12,18,837,168,606,193,182,229,25,81,2321
12,19,316,51,182,59,41,67,2,15,733
13,3,16,15872,75,4274,59,0,0,798,21094
13,4,101,1488,607,12295,10242,3867,0,1267,29867
13,5,210,1073,940,5794,3964,7797,34,1123,20935
13,6,250,1324,1244,6954,4124,8969,417,1084,24366
13,7,359,1287,1553,6572,4560,10547,824,909,26611
13,8,437,1268,1655,5816,4045,11360,1072,833,26486
13,9,418,1149,1969,6343,3688,11451,1182,668,26868
13,10,385,1353,5469,4342,4114,9725,1197,407,26992
13,11,367,1659,7211,3872,4587,7180,1009,296,26181
13,12,316,2140,6935,3036,3814,5236,810,213,22500
13,13,333,2523,6005,2429,3064,4339,674,228,19595
13,14,1128,2228,5148,2271,2982,4346,648,191,18942
13,15,2421,1934,5008,2651,2470,4225,607,187,19503
13,16,2730,1150,3734,1834,1547,2755,494,184,14428
13,17,1976,538,1916,777,733,1142,232,123,7437
13,18,986,176,812,251,232,389,80,51,2977
13,19,321,54,203,63,53,92,14,28,828
14,3,7,11894,121,2710,9,0,0,728,15469
14,4,135,1989,701,9106,2146,560,0,676,15313
14,5,314,1581,1106,6790,2381,2568,4,724,15468
14,6,413,1735,1535,7720,3295,4593,19,679,19989
14,7,507,1719,2067,6786,3434,4962,60,719,20254
14,8,695,1434,1908,5713,2951,4849,75,612,18237
14,9,656,1463,2172,6124,2614,5081,92,528,18730
14,10,588,1624,5944,4063,2993,4725,129,378,20444
14,11,582,2065,8122,3637,3453,3642,140,273,21914
14,12,544,2592,7799,2834,2990,3120,144,245,20268
14,13,620,3211,6827,2278,2758,2982,154,238,19068
14,14,2241,2403,5766,2167,2424,2930,139,249,18319
14,15,3864,1618,5495,2131,2043,2803,145,290,18389
14,16,3689,842,3822,1261,1267,1779,90,265,13015
14,17,2652,406,1957,560,599,817,44,115,7150
14,18,1261,157,839,199,212,317,18,53,3056
14,19,463,41,259,45,48,79,6,26,967
15,3,3,12934,107,3227,8,0,0,666,16945
15,4,106,1672,772,10945,3045,678,0,595,17813
15,5,235,1166,1077,6972,2822,3232,13,625,16142
15,6,287,1211,1340,8084,3897,6271,46,591,21727
15,7,362,1162,1702,7027,4066,6926,123,589,21957
15,8,488,1203,1560,5914,3338,7101,197,452,20253
15,9,492,1262,2047,6239,2999,6826,248,386,20499
15,10,476,1425,5776,4163,3629,6337,250,279,22335
15,11,460,1688,7721,3951,4069,4535,245,204,22873
15,12,410,2294,7383,3023,3429,3737,199,175,20650
15,13,510,2925,6933,2293,3154,3236,180,166,19397
15,14,2017,2068,5703,2146,2878,2895,160,149,18016
15,15,3473,1511,5403,2300,2260,3024,150,151,18272
15,16,3332,928,3583,1540,1358,1910,146,135,12932
15,17,2412,488,1913,639,635,836,56,94,7073
15,18,1196,175,767,220,216,333,20,39,2966
15,19,421,62,262,52,51,70,5,15,938
16,3,18,19097,147,4947,55,0,0,1410,25674
16,4,259,3502,1340,18225,13447,5227,0,1795,43795
16,5,724,3194,2867,11806,10921,20830,164,2593,53099
16,6,928,2848,3358,10527,10741,25969,792,2620,57783
16,7,1317,2377,4036,8046,9001,21207,1321,1925,49230
16,8,1588,2290,3724,7071,6783,17127,1255,1418,41256
16,9,1654,2262,3802,7146,5443,14240,1150,1051,36748
16,10,1459,2101,6924,5727,5813,12015,1050,673,35762
16,11,1453,2291,8365,5605,6251,9133,981,507,34586
16,12,1450,2664,8192,4668,5591,7430,760,372,31127
16,13,1208,2919,7004,3310,4666,6636,787,362,26892
16,14,1389,2668,5695,3030,3799,5673,576,298,23128
16,15,2091,2304,5074,2918,2828,5214,550,343,21322
16,16,2311,1285,3433,1952,1612,2825,387,327,14132
16,17,1724,652,1790,909,738,1241,192,197,7443
16,18,970,304,849,375,271,472,62,120,3423
16,19,376,114,285,93,86,126,11,40,1131
17,3,5,15675,98,3775,11,0,0,747,20311
17,4,103,1849,712,10934,3192,960,0,590,18340
17,5,196,1302,1113,6864,3089,4289,26,735,17614
17,6,201,1538,1401,8374,4759,8777,275,833,26158
17,7,304,1325,1915,7479,5282,10546,518,739,28108
17,8,424,1322,1787,6456,4491,10409,670,590,26149
17,9,385,1449,2029,6940,3812,10079,705,476,25875
17,10,349,1399,5966,4896,4459,8435,613,280,26397
17,11,347,1637,7951,4363,4778,5810,535,192,25613
17,12,358,2154,7444,3237,4084,4487,392,140,22296
17,13,330,2755,6408,2237,3268,3791,308,152,19249
17,14,784,2629,5204,2191,2734,3175,259,109,17085
17,15,2468,2040,5143,2514,2188,2964,246,100,17663
17,16,2650,1022,3614,1834,1401,1821,160,98,12600
17,17,2043,504,1798,799,657,838,86,75,6800
17,18,1110,199,706,272,231,314,25,35,2892
17,19,369,57,202,77,48,87,8,21,869
18,3,11,9599,79,2188,11,0,0,573,12461
18,4,100,1602,628,7786,1841,525,0,554,13036
18,5,291,1359,1173,5716,2049,2495,2,691,13776
18,6,326,1285,1349,6658,2878,4287,40,677,17500
18,7,476,1177,1655,5441,2827,4659,82,577,16894
18,8,581,1075,1527,4557,2122,4390,91,441,14784
18,9,560,1164,1771,4780,2100,4247,129,334,15085
18,10,513,1321,4764,3326,2478,4017,129,234,16782
18,11,425,1530,6963,3051,2888,3211,121,220,18409
18,12,427,2005,6904,2458,2677,2748,117,198,17534
18,13,424,2548,6433,1905,2392,2602,99,222,16625
18,14,1923,1864,5534,1885,2295,2436,83,217,16237
18,15,3163,1141,5126,1805,1799,2166,90,237,15527
18,16,2994,659,3420,1173,1045,1355,74,216,10936
18,17,2209,373,1705,505,476,586,34,99,5987
18,18,1187,178,654,171,153,218,7,38,2606
18,19,442,31,203,19,38,53,1,19,806
19,3,3,8571,67,1932,5,0,0,519,11097
19,4,93,1523,493,7348,1824,443,0,397,12121
19,5,274,1094,992,5325,1952,2090,3,542,12272
19,6,311,1220,1181,6108,2602,3781,40,528,15771
19,7,483,1152,1367,5122,2463,4061,79,413,15140
19,8,507,1085,1347,4407,2088,4034,142,361,13971
19,9,462,1068,1573,4348,1657,3797,111,301,13317
19,10,422,1276,4137,2794,2049,3263,124,198,14263
19,11,391,1674,5509,2554,2399,2340,99,154,15120
19,12,387,2038,5096,1912,1926,2013,80,113,13565
19,13,406,2489,4535,1482,1709,1493,82,121,12317
19,14,1506,2034,3754,1223,1652,1345,57,109,11680
19,15,3136,1187,3307,1180,1197,1208,45,120,11380
19,16,2869,610,2217,737,681,754,38,84,7990
19,17,1993,315,1095,285,306,352,17,39,4402
19,18,1017,131,445,96,116,130,3,29,1967
19,19,331,34,116,15,23,40,0,6,565
20,3,5,9346,87,2137,9,0,0,567,12151
20,4,90,1571,610,8905,1933,507,0,484,14100
20,5,241,1197,1079,6409,2101,2564,2,551,14144
20,6,283,1249,1152,7491,2866,4347,23,598,18009
20,7,397,1028,1550,6341,2811,4393,42,466,17028
20,8,418,1027,1481,5148,2251,4221,68,353,14967
20,9,461,995,1610,5119,1881,4029,104,296,14495
20,10,411,1377,4618,3592,2310,3739,104,189,16340
20,11,378,1571,7018,3144,2864,3067,116,151,18309
20,12,368,2255,6866,2454,2456,2264,96,138,16897
20,13,393,2852,6393,1917,2086,2156,74,132,16003
20,14,882,2879,5464,1868,1945,1832,53,143,15066
20,15,2889,1831,5130,1703,1491,1834,52,163,15093
20,16,3420,597,3426,987,837,1197,46,110,10620
20,17,2329,301,1797,393,396,573,18,68,5875
20,18,1149,147,703,131,149,220,10,25,2534
20,19,345,43,184,38,37,48,4,15,714
21,3,6,9459,50,2365,7,0,0,565,12452
21,4,91,1561,473,8498,3413,839,0,478,15353
21,5,217,1241,917,6185,2637,3473,2,539,15211
21,6,268,1224,1262,6973,2976,5039,36,696,18474
21,7,346,1086,1585,5890,2823,5136,83,652,17601
21,8,400,962,1444,5029,2205,5069,119,503,15731
21,9,390,1009,1301,5400,1942,4689,163,384,15278
21,10,359,1153,4300,4276,2566,4553,200,315,17722
21,11,308,1499,7632,2741,2884,3495,157,271,18987
21,12,290,1758,7565,2373,2594,2751,106,290,17727
21,13,268,2318,7195,2023,2621,2481,98,309,17313
21,14,662,2373,6233,2042,2362,2316,96,274,16358
21,15,2585,1626,5506,2043,1905,2275,88,245,16273
21,16,3101,671,3640,1178,1040,1326,58,233,11247
21,17,2326,375,1854,575,513,654,34,123,6454
21,18,1179,163,757,180,196,259,10,44,2788
21,19,386,56,208,34,41,59,3,15,802
22,3,10,11148,51,2554,9,0,0,724,14496
22,4,98,1957,589,10088,4593,1277,0,555,19157
22,5,338,1540,1134,7103,3250,4423,3,586,18377
22,6,425,1524,1399,7746,3460,5706,52,595,20907
22,7,596,1443,1757,6353,3243,5824,122,558,19896
22,8,686,1207,1836,5325,2645,5646,199,465,18009
22,9,621,1309,1977,5478,2242,5302,247,385,17561
22,10,652,1389,5493,3811,2781,4608,234,227,19195
22,11,590,1454,7505,2965,3065,3485,149,186,19399
22,12,491,1899,7311,2324,2646,2720,147,154,17692
22,13,454,2270,6402,1838,2592,2314,128,150,16148
22,14,1019,2193,5475,1904,2447,2436,130,153,15757
22,15,3016,1362,5165,2026,2005,2231,93,158,16056
22,16,3168,737,3526,1336,1268,1373,80,140,11628
22,17,1947,397,1544,588,496,578,29,92,5671
22,18,932,156,609,163,186,223,8,48,2325
22,19,336,47,186,46,48,58,4,14,739
23,3,10,10105,99,2249,4,0,0,701,13168
23,4,151,1920,791,8101,2249,633,0,486,14331
23,5,384,1513,1259,5796,2524,3410,9,651,15546
23,6,501,1639,1709,6701,3328,5454,91,692,20115
23,7,716,1453,2142,5454,3062,5479,150,482,18938
23,8,761,1245,1877,4452,2414,5243,185,389,16566
23,9,676,1157,1874,4598,2050,5109,209,298,15971
23,10,586,1120,4478,3618,2526,4514,204,207,17253
23,11,593,1337,6670,3024,3128,3493,171,155,18571
23,12,539,1631,6424,2582,2732,2667,119,128,16822
23,13,431,1919,5705,1929,2308,2223,100,135,14750
23,14,608,2128,4832,1924,2175,2087,84,134,13972
23,15,1567,2107,4788,2097,1787,2025,92,159,14622
23,16,2439,962,3071,1406,1088,1297,51,128,10442
23,17,1957,425,1442,726,467,609,30,78,5734
23,18,976,170,588,208,174,214,9,51,2390
23,19,369,47,164,67,34,57,1,19,758
24,3,5,10266,83,2244,8,0,0,636,13242
24,4,117,1780,662,8318,1448,364,0,467,13156
24,5,319,1405,1066,6385,1884,2212,6,547,13824
24,6,418,1426,1408,7454,2770,4262,32,583,18353
24,7,582,1369,1610,6466,2694,4997,71,459,18248
24,8,590,1034,1524,5449,2131,4772,110,395,16005
24,9,453,1078,1653,5527,1877,4717,120,278,15703
24,10,488,1240,5297,3646,2371,4030,153,195,17420
24,11,349,1468,7414,3053,2854,3090,122,131,18481
24,12,291,2026,7796,2530,2575,2509,115,131,17973
24,13,320,2711,7353,2116,2701,2356,97,126,17780
24,14,1223,2351,6381,2272,2533,2321,91,103,17275
24,15,3005,1503,6236,2328,2083,2267,62,125,17609
24,16,3262,780,3898,1420,1091,1419,61,106,12037
24,17,2382,399,1807,607,560,681,32,59,6527
24,18,1217,166,648,187,187,258,7,20,2690
24,19,393,51,162,34,46,66,3,11,766
25,3,10,10098,82,2190,3,0,0,589,12972
25,4,122,1864,656,8780,1703,456,0,517,14098
25,5,307,1371,1163,6386,1962,2396,0,575,14160
25,6,437,1471,1656,7196,2770,4281,29,606,18446
25,7,562,1314,1794,6012,2799,4676,62,489,17708
25,8,638,1020,1560,5172,2256,4543,96,381,15666
25,9,568,1143,1726,5312,1904,4516,138,328,15635
25,10,553,1300,5380,3874,2622,4074,147,204,18154
25,11,506,1557,7780,3134,2923,3145,123,167,19335
25,12,468,2082,7836,2517,2578,2516,90,146,18233
25,13,359,2815,6967,2080,2589,2219,68,132,17229
25,14,916,3059,6165,2071,2283,2051,51,120,16716
25,15,3178,2077,5895,1979,1923,2077,61,116,17306
25,16,3351,869,3559,1242,1102,1308,55,81,11567
25,17,2291,393,1796,497,525,551,30,38,6121
25,18,1161,142,639,155,174,226,7,23,2527
25,19,392,29,175,29,29,31,1,2,688
26,3,6,8883,63,1939,4,0,0,467,11362
26,4,69,1440,596,7152,1438,451,0,414,11560
26,5,242,1053,953,5146,1714,2131,1,420,11660
26,6,302,1201,1166,5943,2362,3815,27,417,15233
26,7,395,1054,1494,5098,2478,4076,59,347,15001
26,8,375,926,1392,4232,2111,4163,105,294,13598
26,9,328,926,1529,4349,2089,4474,114,204,14013
26,10,341,859,4619,2990,2394,3911,146,145,15405
26,11,254,1060,6697,2610,2915,2955,119,114,16724
26,12,243,1351,6329,2062,2487,2291,94,121,14978
26,13,210,1959,6375,1757,2333,1970,60,104,14768
26,14,529,2336,5398,1733,2183,1865,59,76,14179
26,15,1956,1786,5113,1682,1654,1984,56,66,14297
26,16,2344,824,3452,1036,961,1164,42,53,9876
26,17,1908,347,1618,477,470,541,15,23,5399
26,18,971,125,594,148,143,232,8,6,2227
26,19,257,36,133,24,22,44,1,6,523
27,3,9,4710,29,1086,4,0,0,241,6079
27,4,66,662,299,4439,831,180,0,178,6655
27,5,135,480,472,3166,1045,1256,1,219,6774
27,6,173,472,590,3626,1452,2469,12,210,9004
27,7,195,435,743,3108,1394,2684,39,237,8835
27,8,192,396,600,2514,1170,2602,65,178,7717
27,9,162,389,714,2443,1021,2617,81,149,7576
27,10,137,483,2031,1721,1289,2346,90,96,8193
27,11,118,561,3169,1452,1318,1700,65,87,8470
27,12,103,749,3405,1135,1184,1325,52,76,8029
27,13,90,922,3396,921,1219,1307,53,73,7981
27,14,172,1132,2993,944,1129,1133,43,48,7594
27,15,933,915,2772,875,891,1147,31,48,7612
27,16,1233,308,1922,491,515,583,21,35,5108
27,17,893,187,890,186,229,300,5,26,2716
27,18,470,60,299,45,82,110,3,2,1071
27,19,145,10,85,11,16,24,0,5,296
28,3,7,9290,85,2475,19,0,0,575,12451
28,4,124,1279,653,9913,5130,1641,0,616,19356
28,5,306,1115,943,6530,3197,5284,30,953,18358
28,6,264,1123,1180,7304,3192,6982,212,1042,21299
28,7,284,905,1241,5858,2941,6819,400,813,19261
28,8,299,875,1206,4733,2286,6481,593,534,17007
28,9,263,838,1180,4780,1952,6037,604,317,15971
28,10,243,824,4008,3121,2226,4941,527,212,16102
28,11,189,808,6247,2302,2783,3647,481,116,16573
28,12,183,1040,6293,1881,2549,2858,367,124,15295
28,13,174,1500,6464,1693,2606,2577,336,115,15465
28,14,408,1763,5427,1652,2307,2446,306,83,14392
28,15,1662,1198,5063,1612,1727,2351,234,62,13909
28,16,2089,503,3342,908,955,1336,131,55,9319
28,17,1651,217,1850,399,399,574,61,31,5182
28,18,816,80,670,121,143,238,14,8,2090
28,19,283,17,187,20,29,25,6,10,577
29,3,2,8095,71,1963,8,0,0,520,10659
29,4,87,1399,595,8181,2457,712,0,442,13873
29,5,261,1106,967,6100,2031,2690,19,652,13826
29,6,235,1146,1312,6987,2474,3924,99,641,16818
29,7,291,1052,1480,5664,2460,4233,177,501,15858
29,8,259,942,1336,4458,1941,4263,213,375,13787
29,9,253,973,1337,4387,1575,4282,219,295,13321
29,10,232,774,4483,3192,2166,4012,225,190,15274
29,11,200,924,6561,2615,2644,3392,204,132,16672
29,12,151,1019,7054,2384,2297,2635,152,103,15795
29,13,179,1390,7045,2169,2283,2282,113,100,15561
29,14,489,1640,5982,2285,2207,2093,97,71,14864
29,15,1594,1272,5589,2031,1757,1962,51,54,14310
29,16,2113,663,3694,1151,957,1129,49,46,9802
29,17,1852,274,1991,475,478,498,15,14,5597
29,18,900,96,728,152,173,206,3,9,2267
29,19,244,24,154,13,31,45,0,7,518
