"s","lastName","firstName","leg","inizio","fine","carica","gruppo","gruppoLabel"
"http://dati.senato.it/senatore/32","Alberti Casellati","Maria Elisabetta",19,2022-10-18,,"Membro","http://dati.senato.it/gruppo/56",
"http://dati.senato.it/senatore/32578","Alfieri","Alessandro",19,2022-10-18,2022-10-24,"Membro","http://dati.senato.it/gruppo/49",
"http://dati.senato.it/senatore/32578","Alfieri","Alessandro",19,2022-10-25,2023-06-05,"Vicepresidente Vicario","http://dati.senato.it/gruppo/49",
"http://dati.senato.it/senatore/32578","Alfieri","Alessandro",19,2023-06-06,,"Membro","http://dati.senato.it/gruppo/49",
"http://dati.senato.it/senatore/36381","Aloisio","Vincenza",19,2022-10-18,,"Membro","http://dati.senato.it/gruppo/71",
"http://dati.senato.it/senatore/36382","Ambrogio","Paola",19,2022-10-18,,"Membro","http://dati.senato.it/gruppo/85",
"http://dati.senato.it/senatore/31010","Amidei","Bartolomeo",19,2022-10-18,,"Membro","http://dati.senato.it/gruppo/85",
"http://dati.senato.it/senatore/36383","Ancorotti","Renato",19,2022-10-18,,"Membro","http://dati.senato.it/gruppo/85",
"http://dati.senato.it/senatore/29040","Astorre","Bruno",19,2022-10-18,2023-03-03,"Membro","http://dati.senato.it/gruppo/49",
"http://dati.senato.it/senatore/22707","Augello","Andrea",19,2022-10-18,2023-04-28,"Membro","http://dati.senato.it/gruppo/85",
"http://dati.senato.it/senatore/17542","Balboni","Alberto",19,2022-10-18,,"Membro","http://dati.senato.it/gruppo/85",
"http://dati.senato.it/senatore/32583","Barachini","Alberto",19,2022-10-18,2022-11-07,"Membro","http://dati.senato.it/gruppo/56",
"http://dati.senato.it/senatore/32583","Barachini","Alberto",19,2022-11-08,,"Tesoriere","http://dati.senato.it/gruppo/56",
"http://dati.senato.it/senatore/36431","Barcaiuolo","Michele",19,2022-10-18,,"Membro","http://dati.senato.it/gruppo/85",
"http://dati.senato.it/senatore/29270","Basso","Lorenzo",19,2022-10-18,2022-10-24,"Membro","http://dati.senato.it/gruppo/49",
"http://dati.senato.it/senatore/29270","Basso","Lorenzo",19,2022-10-25,,"Segretario","http://dati.senato.it/gruppo/49",
"http://dati.senato.it/senatore/29273","Bazoli","Alfredo",19,2022-10-18,2023-06-05,"Membro","http://dati.senato.it/gruppo/49",
"http://dati.senato.it/senatore/29273","Bazoli","Alfredo",19,2023-06-06,,"Vicepresidente Vicario","http://dati.senato.it/gruppo/49",
"http://dati.senato.it/senatore/32586","Bergesio","Giorgio Maria",19,2022-10-18,,"Membro","http://dati.senato.it/gruppo/33",
"http://dati.senato.it/senatore/227","Berlusconi","Silvio",19,2022-10-18,2023-06-12,"Membro","http://dati.senato.it/gruppo/56",
"http://dati.senato.it/senatore/25558","Bernini","Anna Maria",19,2022-10-18,,"Membro","http://dati.senato.it/gruppo/56",
"http://dati.senato.it/senatore/36384","Berrino","Gianni",19,2022-10-18,,"Membro","http://dati.senato.it/gruppo/85",
"http://dati.senato.it/senatore/36385","Bevilacqua","Dolores",19,2022-10-18,2026-02-25,"Membro","http://dati.senato.it/gruppo/71",
"http://dati.senato.it/senatore/36385","Bevilacqua","Dolores",19,2026-02-26,,"Tesoriere","http://dati.senato.it/gruppo/71",
"http://dati.senato.it/senatore/22871","Biancofiore","Michaela",19,2022-10-18,2023-03-28,"Membro","http://dati.senato.it/gruppo/92",
"http://dati.senato.it/senatore/22871","Biancofiore","Michaela",19,2023-03-29,,"Presidente","http://dati.senato.it/gruppo/92",
"http://dati.senato.it/senatore/32851","Bilotti","Anna",19,2022-10-18,,"Membro","http://dati.senato.it/gruppo/71",
"http://dati.senato.it/senatore/36386","Bizzotto","Mara",19,2022-10-18,2022-11-07,"Membro","http://dati.senato.it/gruppo/33",
"http://dati.senato.it/senatore/36386","Bizzotto","Mara",19,2022-11-08,2026-06-29,"Vicepresidente Vicario","http://dati.senato.it/gruppo/33",
"http://dati.senato.it/senatore/36386","Bizzotto","Mara",19,2026-06-30,,"Membro","http://dati.senato.it/gruppo/33",
"http://dati.senato.it/senatore/25555","Boccia","Francesco",19,2022-10-18,2023-03-27,"Membro","http://dati.senato.it/gruppo/49",
"http://dati.senato.it/senatore/25555","Boccia","Francesco",19,2023-03-28,,"Presidente","http://dati.senato.it/gruppo/49",
"http://dati.senato.it/senatore/22877","Bongiorno","Giulia",19,2022-10-18,,"Membro","http://dati.senato.it/gruppo/33",
"http://dati.senato.it/senatore/29291","Borghese","Mario Alejandro",19,2022-10-18,,"Tesoriere","http://dati.senato.it/gruppo/92",
"http://dati.senato.it/senatore/29292","Borghesi","Stefano",19,2022-10-18,2025-02-24,"Tesoriere","http://dati.senato.it/gruppo/33",
"http://dati.senato.it/senatore/29292","Borghesi","Stefano",19,2025-02-25,,"Membro","http://dati.senato.it/gruppo/33",
"http://dati.senato.it/senatore/33070","Borghi","Claudio",19,2022-10-18,,"Membro","http://dati.senato.it/gruppo/33",
"http://dati.senato.it/senatore/29293","Borghi","Enrico",19,2022-10-18,2023-04-25,"Membro","http://dati.senato.it/gruppo/49",
"http://dati.senato.it/senatore/29293","Borghi","Enrico",19,2023-04-26,2023-07-19,"Membro","http://dati.senato.it/gruppo/91",
"http://dati.senato.it/senatore/29293","Borghi","Enrico",19,2023-07-20,2025-03-03,"Presidente","http://dati.senato.it/gruppo/91",
"http://dati.senato.it/senatore/29293","Borghi","Enrico",19,2025-03-04,,"Membro","http://dati.senato.it/gruppo/91",
"http://dati.senato.it/senatore/32590","Borgonzoni","Lucia",19,2022-10-18,,"Membro","http://dati.senato.it/gruppo/33",
"http://dati.senato.it/senatore/32856","Bucalo","Carmela",19,2022-10-18,,"Membro","http://dati.senato.it/gruppo/85",
"http://dati.senato.it/senatore/407","Butti","Alessio",19,2022-10-18,,"Membro","http://dati.senato.it/gruppo/85",
"http://dati.senato.it/senatore/34485","Calandrini","Nicola",19,2022-10-18,,"Membro","http://dati.senato.it/gruppo/85",
"http://dati.senato.it/senatore/422","Calderoli","Roberto",19,2022-10-18,,"Membro","http://dati.senato.it/gruppo/33",
"http://dati.senato.it/senatore/30110","Calenda","Carlo",19,2022-10-18,2023-11-08,"Membro","http://dati.senato.it/gruppo/91",
"http://dati.senato.it/senatore/30110","Calenda","Carlo",19,2023-11-09,,"Membro","http://dati.senato.it/gruppo/9",
"http://dati.senato.it/senatore/36432","Campione","Susanna Donatella",19,2022-10-18,,"Membro","http://dati.senato.it/gruppo/85",
"http://dati.senato.it/senatore/36392","Camusso","Susanna Lina Giulia",19,2022-10-18,,"Membro","http://dati.senato.it/gruppo/49",
"http://dati.senato.it/senatore/32862","Cantalamessa","Gianluca",19,2022-10-18,,"Membro","http://dati.senato.it/gruppo/33",
"http://dati.senato.it/senatore/32598","Cantu'","Maria Cristina",19,2022-10-18,,"Membro","http://dati.senato.it/gruppo/33",
"http://dati.senato.it/senatore/520","Casini","Pier Ferdinando",19,2022-10-18,,"Membro","http://dati.senato.it/gruppo/49",
"http://dati.senato.it/senatore/36388","Castelli","Guido",19,2022-10-18,,"Membro","http://dati.senato.it/gruppo/85",
"http://dati.senato.it/senatore/32600","Castellone","Maria Domenica",19,2022-10-18,,"Membro","http://dati.senato.it/gruppo/71",
"http://dati.senato.it/senatore/32601","Castiello","Francesco",19,2022-10-18,2024-12-31,"Membro","http://dati.senato.it/gruppo/71",
"http://dati.senato.it/senatore/33065","Cataldi","Roberto",19,2022-10-18,,"Membro","http://dati.senato.it/gruppo/71",
"http://dati.senato.it/senatore/30511","Cattaneo","Elena",19,2022-10-18,,"Membro","http://dati.senato.it/gruppo/69",
"http://dati.senato.it/senatore/29067","Centinaio","Gian Marco",19,2022-10-18,,"Membro","http://dati.senato.it/gruppo/33",
"http://dati.senato.it/senatore/32603","Ciriani","Luca",19,2022-10-18,2022-11-08,"Presidente","http://dati.senato.it/gruppo/85",
"http://dati.senato.it/senatore/32603","Ciriani","Luca",19,2022-11-09,,"Membro","http://dati.senato.it/gruppo/85",
"http://dati.senato.it/senatore/22910","Cosenza","Giulia",19,2022-10-18,,"Membro","http://dati.senato.it/gruppo/85",
"http://dati.senato.it/senatore/36389","Cottarelli","Carlo",19,2022-10-18,2023-05-31,"Membro","http://dati.senato.it/gruppo/49",
"http://dati.senato.it/senatore/22914","Craxi","Stefania Gabriella Anastasia",19,2022-10-18,2026-03-25,"Membro","http://dati.senato.it/gruppo/56",
"http://dati.senato.it/senatore/22914","Craxi","Stefania Gabriella Anastasia",19,2026-03-26,,"Presidente","http://dati.senato.it/gruppo/56",
"http://dati.senato.it/senatore/36387","Crisanti","Andrea",19,2022-10-18,,"Membro","http://dati.senato.it/gruppo/49",
"http://dati.senato.it/senatore/32608","Croatti","Marco",19,2022-10-18,,"Membro","http://dati.senato.it/gruppo/71",
"http://dati.senato.it/senatore/36390","Cucchi","Ilaria",19,2022-10-18,,"Membro","http://dati.senato.it/gruppo/9",
"http://dati.senato.it/senatore/31875","D'Elia","Cecilia",19,2022-10-18,2022-10-24,"Membro","http://dati.senato.it/gruppo/49",
"http://dati.senato.it/senatore/31875","D'Elia","Cecilia",19,2022-10-25,,"Segretario","http://dati.senato.it/gruppo/49",
"http://dati.senato.it/senatore/36391","Damante","Concetta",19,2022-10-18,2026-02-25,"Membro","http://dati.senato.it/gruppo/71",
"http://dati.senato.it/senatore/36391","Damante","Concetta",19,2026-02-26,,"Vicepresidente Vicario","http://dati.senato.it/gruppo/71",
"http://dati.senato.it/senatore/32747","Damiani","Dario",19,2022-10-18,,"Membro","http://dati.senato.it/gruppo/56",
"http://dati.senato.it/senatore/32898","De Carlo","Luca",19,2022-10-18,,"Membro","http://dati.senato.it/gruppo/85",
"http://dati.senato.it/senatore/22918","De Cristofaro","Peppe",19,2022-10-18,,"Presidente","http://dati.senato.it/gruppo/9",
"http://dati.senato.it/senatore/22814","De Poli","Antonio",19,2022-10-18,2023-03-28,"Presidente","http://dati.senato.it/gruppo/92",
"http://dati.senato.it/senatore/22814","De Poli","Antonio",19,2023-03-29,,"Vicepresidente","http://dati.senato.it/gruppo/92",
"http://dati.senato.it/senatore/36393","De Priamo","Andrea",19,2022-10-18,,"Membro","http://dati.senato.it/gruppo/85",
"http://dati.senato.it/senatore/36394","De Rosa","Raffaele",19,2022-10-18,2024-02-08,"Membro","http://dati.senato.it/gruppo/71",
"http://dati.senato.it/senatore/36394","De Rosa","Raffaele",19,2024-02-21,,"Membro","http://dati.senato.it/gruppo/56",
"http://dati.senato.it/senatore/36395","Della Porta","Costanzo",19,2022-10-18,,"Membro","http://dati.senato.it/gruppo/85",
"http://dati.senato.it/senatore/28670","Delrio","Graziano",19,2022-10-18,,"Membro","http://dati.senato.it/gruppo/49",
"http://dati.senato.it/senatore/32619","Di Girolamo","Gabriella",19,2022-10-18,2026-02-25,"Segretario","http://dati.senato.it/gruppo/71",
"http://dati.senato.it/senatore/32619","Di Girolamo","Gabriella",19,2026-02-26,,"Membro","http://dati.senato.it/gruppo/71",
"http://dati.senato.it/senatore/36396","Dreosto","Marco",19,2022-10-18,,"Membro","http://dati.senato.it/gruppo/33",
"http://dati.senato.it/senatore/33096","Durigon","Claudio",19,2022-10-18,,"Membro","http://dati.senato.it/gruppo/33",
"http://dati.senato.it/senatore/32624","Durnwalder","Meinhard",19,2022-10-18,,"Membro","http://dati.senato.it/gruppo/69",
"http://dati.senato.it/senatore/36398","Fallucchi","Anna Maria",19,2022-10-18,,"Membro","http://dati.senato.it/gruppo/85",
"http://dati.senato.it/senatore/36397","Farolfi","Marta",19,2022-10-18,,"Membro","http://dati.senato.it/gruppo/85",
"http://dati.senato.it/senatore/32628","Fazzolari","Giovanbattista",19,2022-10-18,,"Membro","http://dati.senato.it/gruppo/85",
"http://dati.senato.it/senatore/4192","Fazzone","Claudio",19,2022-10-18,,"Membro","http://dati.senato.it/gruppo/56",
"http://dati.senato.it/senatore/30294","Fina","Michele",19,2022-10-18,,"Membro","http://dati.senato.it/gruppo/49",
"http://dati.senato.it/senatore/36399","Floridia","Aurora",19,2022-10-18,2025-02-18,"Vicepresidente","http://dati.senato.it/gruppo/9",
"http://dati.senato.it/senatore/36399","Floridia","Aurora",19,2025-02-19,,"Membro","http://dati.senato.it/gruppo/69",
"http://dati.senato.it/senatore/32634","Floridia","Barbara",19,2022-10-18,2023-04-17,"Presidente","http://dati.senato.it/gruppo/71",
"http://dati.senato.it/senatore/32634","Floridia","Barbara",19,2023-04-18,,"Membro","http://dati.senato.it/gruppo/71",
"http://dati.senato.it/senatore/36400","Franceschelli","Silvio",19,2022-10-18,,"Membro","http://dati.senato.it/gruppo/49",
"http://dati.senato.it/senatore/5799","Franceschini","Dario",19,2022-10-18,,"Membro","http://dati.senato.it/gruppo/49",
"http://dati.senato.it/senatore/29406","Fregolent","Silvia",19,2022-10-18,2022-10-18,"Membro","http://dati.senato.it/gruppo/91",
"http://dati.senato.it/senatore/29406","Fregolent","Silvia",19,2022-10-19,,"Segretario","http://dati.senato.it/gruppo/91",
"http://dati.senato.it/senatore/31725","Furlan","Annamaria",19,2022-10-18,2025-03-06,"Membro","http://dati.senato.it/gruppo/49",
"http://dati.senato.it/senatore/31725","Furlan","Annamaria",19,2025-03-07,2025-06-03,"Membro","http://dati.senato.it/gruppo/91",
"http://dati.senato.it/senatore/31725","Furlan","Annamaria",19,2025-06-04,,"Segretario","http://dati.senato.it/gruppo/91",
"http://dati.senato.it/senatore/32637","Galliani","Adriano",19,2023-11-02,,"Membro","http://dati.senato.it/gruppo/56",
"http://dati.senato.it/senatore/22963","Garavaglia","Massimo",19,2022-10-18,,"Membro","http://dati.senato.it/gruppo/33",
"http://dati.senato.it/senatore/18121","Garnero Santanche'","Daniela",19,2022-10-18,,"Membro","http://dati.senato.it/gruppo/85",
"http://dati.senato.it/senatore/1103","Gasparri","Maurizio",19,2022-10-18,2023-11-21,"Membro","http://dati.senato.it/gruppo/56",
"http://dati.senato.it/senatore/1103","Gasparri","Maurizio",19,2023-11-21,2026-03-25,"Presidente","http://dati.senato.it/gruppo/56",
"http://dati.senato.it/senatore/1103","Gasparri","Maurizio",19,2026-03-26,,"Membro","http://dati.senato.it/gruppo/56",
"http://dati.senato.it/senatore/32640","Gaudiano","Felicia",19,2025-01-09,,"Membro","http://dati.senato.it/gruppo/71",
"http://dati.senato.it/senatore/36433","Gelmetti","Matteo",19,2022-10-18,,"Membro","http://dati.senato.it/gruppo/85",
"http://dati.senato.it/senatore/22966","Gelmini","Mariastella",19,2022-10-18,2022-10-18,"Membro","http://dati.senato.it/gruppo/91",
"http://dati.senato.it/senatore/22966","Gelmini","Mariastella",19,2022-10-19,2023-11-08,"Vicepresidente","http://dati.senato.it/gruppo/91",
"http://dati.senato.it/senatore/22966","Gelmini","Mariastella",19,2023-11-09,2024-10-29,"Membro","http://dati.senato.it/gruppo/9",
"http://dati.senato.it/senatore/22966","Gelmini","Mariastella",19,2024-10-30,,"Membro","http://dati.senato.it/gruppo/92",
"http://dati.senato.it/senatore/1116","Germana'","Antonino",19,2022-10-18,2022-11-07,"Membro","http://dati.senato.it/gruppo/33",
"http://dati.senato.it/senatore/1116","Germana'","Antonino",19,2022-11-08,,"Vicepresidente","http://dati.senato.it/gruppo/33",
"http://dati.senato.it/senatore/1116","Germana'","Antonino",19,2025-02-25,,"Tesoriere","http://dati.senato.it/gruppo/33",
"http://dati.senato.it/senatore/29105","Giacobbe","Francesco",19,2022-10-18,,"Membro","http://dati.senato.it/gruppo/49",
"http://dati.senato.it/senatore/29425","Giorgis","Andrea",19,2022-10-18,,"Membro","http://dati.senato.it/gruppo/49",
"http://dati.senato.it/senatore/1227","Guidi","Antonio",19,2022-10-18,,"Membro","http://dati.senato.it/gruppo/92",
"http://dati.senato.it/senatore/32644","Guidolin","Barbara",19,2022-10-18,,"Membro","http://dati.senato.it/gruppo/71",
"http://dati.senato.it/senatore/32645","Iannone","Antonio",19,2022-10-18,,"Tesoriere","http://dati.senato.it/gruppo/85",
"http://dati.senato.it/senatore/36401","Irto","Nicola",19,2022-10-18,2022-10-24,"Membro","http://dati.senato.it/gruppo/49",
"http://dati.senato.it/senatore/36401","Irto","Nicola",19,2022-10-25,,"Segretario d'Aula","http://dati.senato.it/gruppo/49",
"http://dati.senato.it/senatore/29447","La Marca","Francesca",19,2022-10-18,,"Membro","http://dati.senato.it/gruppo/49",
"http://dati.senato.it/senatore/32650","La Pietra","Patrizio Giacomo",19,2022-10-18,,"Membro","http://dati.senato.it/gruppo/85",
"http://dati.senato.it/senatore/1275","La Russa","Ignazio",19,2022-10-18,,"Membro","http://dati.senato.it/gruppo/85",
"http://dati.senato.it/senatore/36402","Leonardi","Elena",19,2022-10-18,,"Membro","http://dati.senato.it/gruppo/85",
"http://dati.senato.it/senatore/32653","Licheri","Ettore Antonio",19,2022-10-18,,"Membro","http://dati.senato.it/gruppo/71",
"http://dati.senato.it/senatore/36434","Licheri","Sabrina",19,2022-10-18,2026-02-25,"Membro","http://dati.senato.it/gruppo/71",
"http://dati.senato.it/senatore/36434","Licheri","Sabrina",19,2026-02-26,,"Segretario","http://dati.senato.it/gruppo/71",
"http://dati.senato.it/senatore/36403","Liris","Guido Quintino",19,2022-10-18,,"Membro","http://dati.senato.it/gruppo/85",
"http://dati.senato.it/senatore/36435","Lisei","Marco",19,2022-10-18,,"Membro","http://dati.senato.it/gruppo/85",
"http://dati.senato.it/senatore/36436","Lombardo","Marco",19,2022-10-18,2022-10-18,"Membro","http://dati.senato.it/gruppo/91",
"http://dati.senato.it/senatore/36436","Lombardo","Marco",19,2022-10-19,2023-11-08,"Segretario","http://dati.senato.it/gruppo/91",
"http://dati.senato.it/senatore/36436","Lombardo","Marco",19,2023-11-09,,"Membro","http://dati.senato.it/gruppo/9",
"http://dati.senato.it/senatore/36404","Lopreiato","Ada",19,2022-10-18,2026-02-25,"Membro","http://dati.senato.it/gruppo/71",
"http://dati.senato.it/senatore/36404","Lopreiato","Ada",19,2026-02-26,,"Segretario","http://dati.senato.it/gruppo/71",
"http://dati.senato.it/senatore/32655","Lorefice","Pietro",19,2022-10-18,,"Membro","http://dati.senato.it/gruppo/71",
"http://dati.senato.it/senatore/25474","Lorenzin","Beatrice",19,2022-10-18,2022-10-24,"Membro","http://dati.senato.it/gruppo/49",
"http://dati.senato.it/senatore/25474","Lorenzin","Beatrice",19,2022-10-25,,"Vicepresidente","http://dati.senato.it/gruppo/49",
"http://dati.senato.it/senatore/18055","Losacco","Alberto",19,2022-10-18,,"Membro","http://dati.senato.it/gruppo/49",
"http://dati.senato.it/senatore/36405","Lotito","Claudio",19,2022-10-18,,"Membro","http://dati.senato.it/gruppo/56",
"http://dati.senato.it/senatore/33946","Maffoni","Gianpietro",19,2022-10-18,,"Membro","http://dati.senato.it/gruppo/85",
"http://dati.senato.it/senatore/36437","Magni","Tino",19,2022-10-18,2023-03-15,"Membro","http://dati.senato.it/gruppo/9",
"http://dati.senato.it/senatore/36437","Magni","Tino",19,2023-03-16,,"Tesoriere","http://dati.senato.it/gruppo/9",
"http://dati.senato.it/senatore/32658","Maiorino","Alessandra",19,2022-10-18,2026-02-25,"Vicepresidente Vicario","http://dati.senato.it/gruppo/71",
"http://dati.senato.it/senatore/32658","Maiorino","Alessandra",19,2026-02-26,,"Membro","http://dati.senato.it/gruppo/71",
"http://dati.senato.it/senatore/1407","Malan","Lucio",19,2022-10-18,2022-11-08,"Vicepresidente","http://dati.senato.it/gruppo/85",
"http://dati.senato.it/senatore/1407","Malan","Lucio",19,2022-11-09,,"Presidente","http://dati.senato.it/gruppo/85",
"http://dati.senato.it/senatore/29467","Malpezzi","Simona Flavia",19,2022-10-18,2023-03-27,"Presidente","http://dati.senato.it/gruppo/49",
"http://dati.senato.it/senatore/29467","Malpezzi","Simona Flavia",19,2023-03-28,,"Membro","http://dati.senato.it/gruppo/49",
"http://dati.senato.it/senatore/32660","Manca","Daniele",19,2022-10-18,,"Membro","http://dati.senato.it/gruppo/49",
"http://dati.senato.it/senatore/36438","Mancini","Paola",19,2022-10-18,,"Membro","http://dati.senato.it/gruppo/85",
"http://dati.senato.it/senatore/36439","Marcheschi","Paolo",19,2022-10-18,,"Membro","http://dati.senato.it/gruppo/85",
"http://dati.senato.it/senatore/17924","Martella","Andrea",19,2022-10-18,,"Membro","http://dati.senato.it/gruppo/49",
"http://dati.senato.it/senatore/29480","Marti","Roberto",19,2022-10-18,,"Membro","http://dati.senato.it/gruppo/33",
"http://dati.senato.it/senatore/29132","Marton","Bruno",19,2022-10-18,,"Membro","http://dati.senato.it/gruppo/71",
"http://dati.senato.it/senatore/36440","Matera","Domenico",19,2022-10-18,,"Membro","http://dati.senato.it/gruppo/85",
"http://dati.senato.it/senatore/36406","Mazzella","Orfeo",19,2022-10-18,,"Membro","http://dati.senato.it/gruppo/71",
"http://dati.senato.it/senatore/36407","Melchiorre","Filippo",19,2022-10-18,,"Membro","http://dati.senato.it/gruppo/85",
"http://dati.senato.it/senatore/29490","Meloni","Marco",19,2022-10-18,,"Membro","http://dati.senato.it/gruppo/49",
"http://dati.senato.it/senatore/1558","Menia","Roberto",19,2022-10-18,,"Membro","http://dati.senato.it/gruppo/85",
"http://dati.senato.it/senatore/34558","Mennuni","Lavinia",19,2022-10-18,,"Membro","http://dati.senato.it/gruppo/85",
"http://dati.senato.it/senatore/1579","Micciche'","Gianfranco",19,2022-10-18,2023-01-18,"Membro","http://dati.senato.it/gruppo/56",
"http://dati.senato.it/senatore/36408","Mieli","Ester",19,2022-10-18,,"Membro","http://dati.senato.it/gruppo/85",
"http://dati.senato.it/senatore/36013","Minasi","Tilde",19,2022-10-18,2026-06-29,"Membro","http://dati.senato.it/gruppo/33",
"http://dati.senato.it/senatore/36013","Minasi","Tilde",19,2026-06-30,,"Vicepresidente Vicario","http://dati.senato.it/gruppo/33",
"http://dati.senato.it/senatore/29138","Mirabelli","Franco",19,2022-10-18,2022-10-24,"Membro","http://dati.senato.it/gruppo/49",
"http://dati.senato.it/senatore/29138","Mirabelli","Franco",19,2022-10-25,,"Vicepresidente","http://dati.senato.it/gruppo/49",
"http://dati.senato.it/senatore/23011","Misiani","Antonio",19,2022-10-18,2022-10-24,"Membro","http://dati.senato.it/gruppo/49",
"http://dati.senato.it/senatore/23011","Misiani","Antonio",19,2022-10-25,2023-06-05,"Tesoriere","http://dati.senato.it/gruppo/49",
"http://dati.senato.it/senatore/23011","Misiani","Antonio",19,2023-06-06,,"Membro","http://dati.senato.it/gruppo/49",
"http://dati.senato.it/senatore/28543","Monti","Mario",19,2022-10-18,,"Membro","http://dati.senato.it/gruppo/9",
"http://dati.senato.it/senatore/32988","Morelli","Alessandro",19,2022-10-18,,"Membro","http://dati.senato.it/gruppo/33",
"http://dati.senato.it/senatore/33110","Murelli","Elena",19,2022-10-18,,"Membro","http://dati.senato.it/gruppo/33",
"http://dati.senato.it/senatore/36409","Musolino","Dafne",19,2022-10-18,2023-10-04,"Vicepresidente","http://dati.senato.it/gruppo/69",
"http://dati.senato.it/senatore/36409","Musolino","Dafne",19,2023-10-05,2025-06-03,"Membro","http://dati.senato.it/gruppo/91",
"http://dati.senato.it/senatore/36409","Musolino","Dafne",19,2025-06-04,,"Vicepresidente","http://dati.senato.it/gruppo/91",
"http://dati.senato.it/senatore/28306","Musumeci","Nello",19,2022-10-18,,"Membro","http://dati.senato.it/gruppo/85",
"http://dati.senato.it/senatore/1672","Napolitano","Giorgio",19,2022-10-18,2023-09-22,"Membro","http://dati.senato.it/gruppo/69",
"http://dati.senato.it/senatore/25446","Nastri","Gaetano",19,2022-10-18,,"Membro","http://dati.senato.it/gruppo/85",
"http://dati.senato.it/senatore/32673","Naturale","Gisella",19,2022-10-18,,"Membro","http://dati.senato.it/gruppo/71",
"http://dati.senato.it/senatore/36410","Nave","Luigi",19,2022-10-18,2026-02-25,"Segretario","http://dati.senato.it/gruppo/71",
"http://dati.senato.it/senatore/36410","Nave","Luigi",19,2026-02-26,,"Membro","http://dati.senato.it/gruppo/71",
"http://dati.senato.it/senatore/36411","Nicita","Antonio",19,2022-10-18,2023-06-05,"Membro","http://dati.senato.it/gruppo/49",
"http://dati.senato.it/senatore/36411","Nicita","Antonio",19,2023-06-06,,"Vicepresidente","http://dati.senato.it/gruppo/49",
"http://dati.senato.it/senatore/36412","Nocco","Vita Maria",19,2022-10-18,,"Membro","http://dati.senato.it/gruppo/85",
"http://dati.senato.it/senatore/36413","Occhiuto","Mario",19,2022-10-18,,"Membro","http://dati.senato.it/gruppo/56",
"http://dati.senato.it/senatore/36414","Orsomarso","Fausto",19,2022-10-18,,"Membro","http://dati.senato.it/gruppo/85",
"http://dati.senato.it/senatore/32677","Ostellari","Andrea",19,2022-10-18,,"Membro","http://dati.senato.it/gruppo/33",
"http://dati.senato.it/senatore/34243","Paganella","Andrea",19,2022-10-18,,"Membro","http://dati.senato.it/gruppo/33",
"http://dati.senato.it/senatore/33005","Paita","Raffaella",19,2022-10-18,2023-07-19,"Presidente","http://dati.senato.it/gruppo/91",
"http://dati.senato.it/senatore/33005","Paita","Raffaella",19,2023-07-20,2025-03-03,"Membro","http://dati.senato.it/gruppo/91",
"http://dati.senato.it/senatore/33005","Paita","Raffaella",19,2025-03-04,,"Presidente","http://dati.senato.it/gruppo/91",
"http://dati.senato.it/senatore/4512","Paroli","Adriano",19,2022-10-18,2022-11-07,"Membro","http://dati.senato.it/gruppo/56",
"http://dati.senato.it/senatore/4512","Paroli","Adriano",19,2022-11-08,2026-03-30,"Vicepresidente Vicario","http://dati.senato.it/gruppo/56",
"http://dati.senato.it/senatore/4512","Paroli","Adriano",19,2026-03-31,,"Vicepresidente","http://dati.senato.it/gruppo/56",
"http://dati.senato.it/senatore/29521","Parrini","Dario",19,2022-10-18,,"Membro","http://dati.senato.it/gruppo/49",
"http://dati.senato.it/senatore/36415","Patton","Pietro",19,2022-10-18,,"Tesoriere","http://dati.senato.it/gruppo/69",
"http://dati.senato.it/senatore/32681","Patuanelli","Stefano",19,2022-10-18,2023-04-17,"Membro","http://dati.senato.it/gruppo/71",
"http://dati.senato.it/senatore/32681","Patuanelli","Stefano",19,2023-04-18,2026-02-25,"Presidente","http://dati.senato.it/gruppo/71",
"http://dati.senato.it/senatore/32681","Patuanelli","Stefano",19,2026-02-26,,"Membro","http://dati.senato.it/gruppo/71",
"http://dati.senato.it/senatore/35489","Pellegrino","Cinzia",19,2023-05-09,,"Membro","http://dati.senato.it/gruppo/85",
"http://dati.senato.it/senatore/3900","Pera","Marcello",19,2022-10-18,,"Membro","http://dati.senato.it/gruppo/85",
"http://dati.senato.it/senatore/25429","Petrenga","Giovanna",19,2022-10-18,2022-11-07,"Membro","http://dati.senato.it/gruppo/92",
"http://dati.senato.it/senatore/25429","Petrenga","Giovanna",19,2022-11-08,,"Segretario","http://dati.senato.it/gruppo/92",
"http://dati.senato.it/senatore/36416","Petrucci","Simona",19,2022-10-18,,"Membro","http://dati.senato.it/gruppo/85",
"http://dati.senato.it/senatore/30512","Piano","Renzo",19,2022-10-18,,"Membro","http://dati.senato.it/gruppo/9",
"http://dati.senato.it/senatore/36417","Pirondini","Luca",19,2022-10-18,2026-02-25,"Membro","http://dati.senato.it/gruppo/71",
"http://dati.senato.it/senatore/36417","Pirondini","Luca",19,2026-02-26,,"Presidente","http://dati.senato.it/gruppo/71",
"http://dati.senato.it/senatore/18562","Pirovano","Daisy",19,2022-10-18,,"Membro","http://dati.senato.it/gruppo/33",
"http://dati.senato.it/senatore/32691","Pirro","Elisa",19,2022-10-18,2026-02-25,"Tesoriere","http://dati.senato.it/gruppo/71",
"http://dati.senato.it/senatore/32691","Pirro","Elisa",19,2026-02-26,,"Membro","http://dati.senato.it/gruppo/71",
"http://dati.senato.it/senatore/36441","Pogliese","Salvo",19,2022-10-18,,"Membro","http://dati.senato.it/gruppo/85",
"http://dati.senato.it/senatore/33022","Potenti","Manfredi",19,2022-10-18,,"Membro","http://dati.senato.it/gruppo/33",
"http://dati.senato.it/senatore/32697","Pucciarelli","Stefania",19,2022-10-18,,"Membro","http://dati.senato.it/gruppo/33",
"http://dati.senato.it/senatore/36418","Rando","Vincenza",19,2022-10-18,,"Membro","http://dati.senato.it/gruppo/49",
"http://dati.senato.it/senatore/36419","Rapani","Ernesto",19,2022-10-18,,"Membro","http://dati.senato.it/gruppo/85",
"http://dati.senato.it/senatore/36442","Rastrelli","Sergio",19,2022-10-18,,"Membro","http://dati.senato.it/gruppo/85",
"http://dati.senato.it/senatore/32699","Rauti","Isabella",19,2022-10-18,2022-11-08,"Vicepresidente Vicario","http://dati.senato.it/gruppo/85",
"http://dati.senato.it/senatore/32699","Rauti","Isabella",19,2022-11-09,,"Membro","http://dati.senato.it/gruppo/85",
"http://dati.senato.it/senatore/30742","Renzi","Matteo",19,2022-10-18,,"Membro","http://dati.senato.it/gruppo/91",
"http://dati.senato.it/senatore/32703","Rojc","Tatjana",19,2022-10-18,,"Membro","http://dati.senato.it/gruppo/49",
"http://dati.senato.it/senatore/32706","Romeo","Massimiliano",19,2022-10-18,,"Presidente","http://dati.senato.it/gruppo/33",
"http://dati.senato.it/senatore/32707","Ronzulli","Licia",19,2022-10-18,2023-11-21,"Presidente","http://dati.senato.it/gruppo/56",
"http://dati.senato.it/senatore/32707","Ronzulli","Licia",19,2023-11-21,,"Membro","http://dati.senato.it/gruppo/56",
"http://dati.senato.it/senatore/36420","Rosa","Gianni",19,2022-10-18,,"Membro","http://dati.senato.it/gruppo/85",
"http://dati.senato.it/senatore/32779","Rosso","Roberto",19,2022-10-18,2023-12-12,"Membro","http://dati.senato.it/gruppo/56",
"http://dati.senato.it/senatore/32779","Rosso","Roberto",19,2023-12-13,2026-03-30,"Vicepresidente","http://dati.senato.it/gruppo/56",
"http://dati.senato.it/senatore/32779","Rosso","Roberto",19,2026-03-31,,"Vicepresidente Vicario","http://dati.senato.it/gruppo/56",
"http://dati.senato.it/senatore/25411","Rossomando","Anna",19,2022-10-18,,"Membro","http://dati.senato.it/gruppo/49",
"http://dati.senato.it/senatore/30510","Rubbia","Carlo",19,2022-11-09,,"Membro","http://dati.senato.it/gruppo/69",
"http://dati.senato.it/senatore/36421","Russo","Raoul",19,2022-10-18,,"Membro","http://dati.senato.it/gruppo/85",
"http://dati.senato.it/senatore/36422","Sallemi","Salvatore",19,2022-10-18,2022-11-08,"Membro","http://dati.senato.it/gruppo/85",
"http://dati.senato.it/senatore/36422","Sallemi","Salvatore",19,2022-11-09,,"Vicepresidente","http://dati.senato.it/gruppo/85",
"http://dati.senato.it/senatore/25407","Salvini","Matteo",19,2022-10-18,,"Membro","http://dati.senato.it/gruppo/33",
"http://dati.senato.it/senatore/36443","Salvitti","Giorgio",19,2022-10-18,,"Vicepresidente","http://dati.senato.it/gruppo/92",
"http://dati.senato.it/senatore/36444","Satta","Giovanni",19,2022-10-18,,"Membro","http://dati.senato.it/gruppo/85",
"http://dati.senato.it/senatore/25402","Sbrollini","Daniela",19,2022-10-18,,"Membro","http://dati.senato.it/gruppo/91",
"http://dati.senato.it/senatore/29573","Scalfarotto","Ivan",19,2022-10-18,2022-10-18,"Membro","http://dati.senato.it/gruppo/91",
"http://dati.senato.it/senatore/29573","Scalfarotto","Ivan",19,2022-10-19,,"Tesoriere","http://dati.senato.it/gruppo/91",
"http://dati.senato.it/senatore/36423","Scarpinato","Roberto Maria Ferdinando",19,2022-10-18,,"Membro","http://dati.senato.it/gruppo/71",
"http://dati.senato.it/senatore/33863","Scurria","Marco",19,2022-10-18,2024-05-07,"Membro","http://dati.senato.it/gruppo/85",
"http://dati.senato.it/senatore/33863","Scurria","Marco",19,2024-05-08,,"Vicepresidente","http://dati.senato.it/gruppo/85",
"http://dati.senato.it/senatore/32435","Segre","Liliana",19,2022-10-18,,"Membro","http://dati.senato.it/gruppo/9",
"http://dati.senato.it/senatore/27622","Sensi","Filippo",19,2023-03-21,,"Membro","http://dati.senato.it/gruppo/49",
"http://dati.senato.it/senatore/36424","Sigismondi","Etelwardo",19,2022-10-18,,"Membro","http://dati.senato.it/gruppo/85",
"http://dati.senato.it/senatore/36445","Silvestro","Francesco",19,2022-10-18,,"Membro","http://dati.senato.it/gruppo/56",
"http://dati.senato.it/senatore/33137","Silvestroni","Marco",19,2022-10-18,,"Membro","http://dati.senato.it/gruppo/85",
"http://dati.senato.it/senatore/36425","Sironi","Elena",19,2022-10-18,,"Membro","http://dati.senato.it/gruppo/71",
"http://dati.senato.it/senatore/36446","Sisler","Sandro",19,2022-10-18,,"Membro","http://dati.senato.it/gruppo/85",
"http://dati.senato.it/senatore/22263","Sisto","Francesco Paolo",19,2022-10-18,,"Membro","http://dati.senato.it/gruppo/56",
"http://dati.senato.it/senatore/36426","Spagnolli","Luigi",19,2022-10-18,,"Vicepresidente Vicario","http://dati.senato.it/gruppo/69",
"http://dati.senato.it/senatore/36427","Spelgatti","Nicoletta",19,2022-10-18,,"Membro","http://dati.senato.it/gruppo/33",
"http://dati.senato.it/senatore/36428","Speranzon","Raffaele",19,2022-10-18,2022-11-08,"Membro","http://dati.senato.it/gruppo/85",
"http://dati.senato.it/senatore/36428","Speranzon","Raffaele",19,2022-11-09,,"Vicepresidente Vicario","http://dati.senato.it/gruppo/85",
"http://dati.senato.it/senatore/36447","Spinelli","Domenica",19,2022-10-18,,"Membro","http://dati.senato.it/gruppo/85",
"http://dati.senato.it/senatore/29185","Stefani","Erika",19,2022-10-18,,"Membro","http://dati.senato.it/gruppo/33",
"http://dati.senato.it/senatore/37739","Tajani","Cristina",19,2023-05-31,,"Membro","http://dati.senato.it/gruppo/49",
"http://dati.senato.it/senatore/37415","Ternullo","Daniela",19,2023-01-18,2026-03-30,"Membro","http://dati.senato.it/gruppo/56",
"http://dati.senato.it/senatore/37415","Ternullo","Daniela",19,2026-03-31,,"Vicepresidente","http://dati.senato.it/gruppo/56",
"http://dati.senato.it/senatore/28550","Terzi Di Sant'Agata","Giuliomaria",19,2022-10-18,,"Membro","http://dati.senato.it/gruppo/85",
"http://dati.senato.it/senatore/32721","Testor","Elena",19,2022-10-18,,"Membro","http://dati.senato.it/gruppo/33",
"http://dati.senato.it/senatore/30915","Tosato","Paolo",19,2022-10-18,,"Membro","http://dati.senato.it/gruppo/33",
"http://dati.senato.it/senatore/36448","Trevisi","Antonio Salvatore",19,2022-10-18,2024-08-06,"Membro","http://dati.senato.it/gruppo/71",
"http://dati.senato.it/senatore/36448","Trevisi","Antonio Salvatore",19,2024-08-07,,"Membro","http://dati.senato.it/gruppo/56",
"http://dati.senato.it/senatore/36449","Tubetti","Francesca",19,2022-10-18,,"Membro","http://dati.senato.it/gruppo/85",
"http://dati.senato.it/senatore/32726","Turco","Mario",19,2022-10-18,,"Membro","http://dati.senato.it/gruppo/71",
"http://dati.senato.it/senatore/32727","Unterberger","Julia",19,2022-10-18,,"Presidente","http://dati.senato.it/gruppo/69",
"http://dati.senato.it/senatore/2444","Urso","Adolfo",19,2022-10-18,,"Membro","http://dati.senato.it/gruppo/85",
"http://dati.senato.it/senatore/29604","Valente","Valeria",19,2022-10-18,,"Membro","http://dati.senato.it/gruppo/49",
"http://dati.senato.it/senatore/28924","Verducci","Francesco",19,2022-10-18,,"Membro","http://dati.senato.it/gruppo/49",
"http://dati.senato.it/senatore/25377","Verini","Walter",19,2022-10-18,,"Membro","http://dati.senato.it/gruppo/49",
"http://dati.senato.it/senatore/33027","Versace","Giusy",19,2022-10-18,2023-11-08,"Membro","http://dati.senato.it/gruppo/91",
"http://dati.senato.it/senatore/33027","Versace","Giusy",19,2023-11-09,2024-11-26,"Membro","http://dati.senato.it/gruppo/9",
"http://dati.senato.it/senatore/33027","Versace","Giusy",19,2024-11-27,,"Membro","http://dati.senato.it/gruppo/92",
"http://dati.senato.it/senatore/32732","Zaffini","Francesco",19,2022-10-18,,"Membro","http://dati.senato.it/gruppo/85",
"http://dati.senato.it/senatore/36429","Zambito","Ylenia",19,2022-10-18,2023-06-05,"Membro","http://dati.senato.it/gruppo/49",
"http://dati.senato.it/senatore/36429","Zambito","Ylenia",19,2023-06-06,,"Tesoriere","http://dati.senato.it/gruppo/49",
"http://dati.senato.it/senatore/24016","Zampa","Sandra",19,2022-10-18,2022-10-24,"Membro","http://dati.senato.it/gruppo/49",
"http://dati.senato.it/senatore/24016","Zampa","Sandra",19,2022-10-25,,"Segretario","http://dati.senato.it/gruppo/49",
"http://dati.senato.it/senatore/17811","Zanettin","Pierantonio",19,2022-10-18,,"Membro","http://dati.senato.it/gruppo/56",
"http://dati.senato.it/senatore/33038","Zangrillo","Paolo",19,2022-10-18,,"Membro","http://dati.senato.it/gruppo/56",
"http://dati.senato.it/senatore/36430","Zedda","Antonella",19,2022-10-18,2022-11-08,"Membro","http://dati.senato.it/gruppo/85",
"http://dati.senato.it/senatore/36430","Zedda","Antonella",19,2022-11-09,,"Vicepresidente","http://dati.senato.it/gruppo/85",
"http://dati.senato.it/senatore/36450","Zullo","Ignazio",19,2022-10-18,,"Membro","http://dati.senato.it/gruppo/85",
