"s","lastName","firstName","m","leg","inizio","fine","tipoMandato","tipoElezione","regione","collegio","tipoFine"
"http://dati.senato.it/senatore/32","Alberti Casellati","Maria Elisabetta","http://dati.senato.it/mandato/S_19_32_1",19,2022-10-13,,"elettivo","Eletto uninominale dalla XVIII legislatura","Basilicata","BASILICATA - U01 (POTENZA)",
"http://dati.senato.it/senatore/32578","Alfieri","Alessandro","http://dati.senato.it/mandato/S_19_32578_1",19,2022-10-13,,"elettivo","Eletto proporzionale dalla XVIII legislatura","Lombardia",,
"http://dati.senato.it/senatore/36381","Aloisio","Vincenza","http://dati.senato.it/mandato/S_19_36381_1",19,2022-10-13,,"elettivo","Eletto proporzionale dalla XVIII legislatura","Campania",,
"http://dati.senato.it/senatore/36382","Ambrogio","Paola","http://dati.senato.it/mandato/S_19_36382_1",19,2022-10-13,,"elettivo","Eletto uninominale dalla XVIII legislatura","Piemonte","PIEMONTE - U02 (MONCALIERI)",
"http://dati.senato.it/senatore/31010","Amidei","Bartolomeo","http://dati.senato.it/mandato/S_19_31010_1",19,2022-10-13,,"elettivo","Eletto proporzionale dalla XVIII legislatura","Veneto",,
"http://dati.senato.it/senatore/36383","Ancorotti","Renato","http://dati.senato.it/mandato/S_19_36383_1",19,2022-10-13,,"elettivo","Eletto proporzionale dalla XVIII legislatura","Lombardia",,
"http://dati.senato.it/senatore/29040","Astorre","Bruno","http://dati.senato.it/mandato/S_19_29040_1",19,2022-10-13,2023-03-03,"elettivo","Eletto proporzionale dalla XVIII legislatura","Lazio",,"Deceduto"
"http://dati.senato.it/senatore/22707","Augello","Andrea","http://dati.senato.it/mandato/S_19_22707_1",19,2022-10-13,2023-04-28,"elettivo","Eletto proporzionale dalla XVIII legislatura","Lazio",,"Deceduto"
"http://dati.senato.it/senatore/17542","Balboni","Alberto","http://dati.senato.it/mandato/S_19_17542_1",19,2022-10-13,,"elettivo","Eletto uninominale dalla XVIII legislatura","Emilia-Romagna","EMILIA-ROMAGNA - U04 (RAVENNA)",
"http://dati.senato.it/senatore/32583","Barachini","Alberto","http://dati.senato.it/mandato/S_19_32583_1",19,2022-10-13,,"elettivo","Eletto proporzionale dalla XVIII legislatura","Lombardia",,
"http://dati.senato.it/senatore/36431","Barcaiuolo","Michele","http://dati.senato.it/mandato/S_19_36431_1",19,2022-10-13,,"elettivo","Eletto proporzionale dalla XVIII legislatura","Emilia-Romagna",,
"http://dati.senato.it/senatore/29270","Basso","Lorenzo","http://dati.senato.it/mandato/S_19_29270_1",19,2022-10-13,,"elettivo","Eletto proporzionale dalla XVIII legislatura","Liguria",,
"http://dati.senato.it/senatore/29273","Bazoli","Alfredo","http://dati.senato.it/mandato/S_19_29273_1",19,2022-10-13,,"elettivo","Eletto proporzionale dalla XVIII legislatura","Lombardia",,
"http://dati.senato.it/senatore/32586","Bergesio","Giorgio Maria","http://dati.senato.it/mandato/S_19_32586_1",19,2022-10-13,,"elettivo","Eletto uninominale dalla XVIII legislatura","Piemonte","PIEMONTE - U05 (CUNEO)",
"http://dati.senato.it/senatore/227","Berlusconi","Silvio","http://dati.senato.it/mandato/S_19_227_1",19,2022-10-13,2023-06-12,"elettivo","Eletto uninominale dalla XVIII legislatura","Lombardia","LOMBARDIA - U06 (MONZA)","Deceduto"
"http://dati.senato.it/senatore/25558","Bernini","Anna Maria","http://dati.senato.it/mandato/S_19_25558_1",19,2022-10-13,,"elettivo","Eletto uninominale dalla XVIII legislatura","Veneto","VENETO - U03 (PADOVA)",
"http://dati.senato.it/senatore/36384","Berrino","Gianni","http://dati.senato.it/mandato/S_19_36384_1",19,2022-10-13,,"elettivo","Eletto uninominale dalla XVIII legislatura","Liguria","LIGURIA - U01 (GENOVA: MUNICIPIO VII - PONENTE)",
"http://dati.senato.it/senatore/36385","Bevilacqua","Dolores","http://dati.senato.it/mandato/S_19_36385_1",19,2022-10-13,,"elettivo","Eletto uninominale dalla XVIII legislatura","Sicilia","SICILIA - U01 (PALERMO: QUARTIERE 11 - SETTE CANNOLI)",
"http://dati.senato.it/senatore/22871","Biancofiore","Michaela","http://dati.senato.it/mandato/S_19_22871_1",19,2022-10-13,,"elettivo","Eletto uninominale dalla XVIII legislatura","Trentino-Alto Adige","TRENTINO-ALTO ADIGE/SÜDTIROL - U02 (ROVERETO)",
"http://dati.senato.it/senatore/32851","Bilotti","Anna","http://dati.senato.it/mandato/S_19_32851_1",19,2022-10-13,,"elettivo","Eletto proporzionale dalla XVIII legislatura","Campania",,
"http://dati.senato.it/senatore/36386","Bizzotto","Mara","http://dati.senato.it/mandato/S_19_36386_1",19,2022-10-13,,"elettivo","Eletto uninominale dalla XVIII legislatura","Veneto","VENETO - U04 (VICENZA)",
"http://dati.senato.it/senatore/25555","Boccia","Francesco","http://dati.senato.it/mandato/S_19_25555_1",19,2022-10-13,,"elettivo","Eletto proporzionale dalla XVIII legislatura","Puglia",,
"http://dati.senato.it/senatore/22877","Bongiorno","Giulia","http://dati.senato.it/mandato/S_19_22877_1",19,2022-10-13,,"elettivo","Eletto uninominale dalla XVIII legislatura","Lazio","LAZIO - U03 (ROMA: MUNICIPIO V)",
"http://dati.senato.it/senatore/29291","Borghese","Mario Alejandro","http://dati.senato.it/mandato/S_19_29291_1",19,2022-10-13,,"elettivo","circoscrizioni estere","AMERICA MERIDIONALE",,
"http://dati.senato.it/senatore/29292","Borghesi","Stefano","http://dati.senato.it/mandato/S_19_29292_1",19,2022-10-13,,"elettivo","Eletto uninominale dalla XVIII legislatura","Lombardia","LOMBARDIA - U08 (BRESCIA)",
"http://dati.senato.it/senatore/33070","Borghi","Claudio","http://dati.senato.it/mandato/S_19_33070_1",19,2022-10-13,,"elettivo","Eletto proporzionale dalla XVIII legislatura","Toscana",,
"http://dati.senato.it/senatore/29293","Borghi","Enrico","http://dati.senato.it/mandato/S_19_29293_1",19,2022-10-13,,"elettivo","Eletto proporzionale dalla XVIII legislatura","Piemonte",,
"http://dati.senato.it/senatore/32590","Borgonzoni","Lucia","http://dati.senato.it/mandato/S_19_32590_1",19,2022-10-13,,"elettivo","Eletto proporzionale dalla XVIII legislatura","Emilia-Romagna",,
"http://dati.senato.it/senatore/32856","Bucalo","Carmela","http://dati.senato.it/mandato/S_19_32856_1",19,2022-10-13,,"elettivo","Eletto proporzionale dalla XVIII legislatura","Sicilia",,
"http://dati.senato.it/senatore/407","Butti","Alessio","http://dati.senato.it/mandato/S_19_407_1",19,2022-10-13,,"elettivo","Eletto proporzionale dalla XVIII legislatura","Lombardia",,
"http://dati.senato.it/senatore/34485","Calandrini","Nicola","http://dati.senato.it/mandato/S_19_34485_1",19,2022-10-13,,"elettivo","Eletto proporzionale dalla XVIII legislatura","Lazio",,
"http://dati.senato.it/senatore/422","Calderoli","Roberto","http://dati.senato.it/mandato/S_19_422_1",19,2022-10-13,,"elettivo","Eletto proporzionale dalla XVIII legislatura","Lombardia",,
"http://dati.senato.it/senatore/30110","Calenda","Carlo","http://dati.senato.it/mandato/S_19_30110_1",19,2022-10-13,,"elettivo","Eletto proporzionale dalla XVIII legislatura","Sicilia",,
"http://dati.senato.it/senatore/36432","Campione","Susanna Donatella","http://dati.senato.it/mandato/S_19_36432_1",19,2022-10-13,,"elettivo","Eletto proporzionale dalla XVIII legislatura","Toscana",,
"http://dati.senato.it/senatore/36392","Camusso","Susanna Lina Giulia","http://dati.senato.it/mandato/S_19_36392_1",19,2022-10-13,,"elettivo","Eletto proporzionale dalla XVIII legislatura","Campania",,
"http://dati.senato.it/senatore/32862","Cantalamessa","Gianluca","http://dati.senato.it/mandato/S_19_32862_1",19,2022-10-13,,"elettivo","Eletto proporzionale dalla XVIII legislatura","Campania",,
"http://dati.senato.it/senatore/32598","Cantu'","Maria Cristina","http://dati.senato.it/mandato/S_19_32598_1",19,2022-10-13,,"elettivo","Eletto proporzionale dalla XVIII legislatura","Lombardia",,
"http://dati.senato.it/senatore/520","Casini","Pier Ferdinando","http://dati.senato.it/mandato/S_19_520_1",19,2022-10-13,,"elettivo","Eletto uninominale dalla XVIII legislatura","Emilia-Romagna","EMILIA-ROMAGNA - U03 (BOLOGNA)",
"http://dati.senato.it/senatore/36388","Castelli","Guido","http://dati.senato.it/mandato/S_19_36388_1",19,2022-10-13,,"elettivo","Eletto proporzionale dalla XVIII legislatura","Marche",,
"http://dati.senato.it/senatore/32600","Castellone","Maria Domenica","http://dati.senato.it/mandato/S_19_32600_1",19,2022-10-13,,"elettivo","Eletto uninominale dalla XVIII legislatura","Campania","CAMPANIA - U05 (GIUGLIANO IN CAMPANIA)",
"http://dati.senato.it/senatore/32601","Castiello","Francesco","http://dati.senato.it/mandato/S_19_32601_1",19,2022-10-13,2024-12-31,"elettivo","Eletto proporzionale dalla XVIII legislatura","Campania",,"Deceduto"
"http://dati.senato.it/senatore/33065","Cataldi","Roberto","http://dati.senato.it/mandato/S_19_33065_1",19,2022-10-13,,"elettivo","Eletto proporzionale dalla XVIII legislatura","Marche",,
"http://dati.senato.it/senatore/30511","Cattaneo","Elena","http://dati.senato.it/mandato/S_19_30511_1",19,2022-10-13,,"a vita, di nomina del Presidente della Repubblica",,,,
"http://dati.senato.it/senatore/29067","Centinaio","Gian Marco","http://dati.senato.it/mandato/S_19_29067_1",19,2022-10-13,,"elettivo","Eletto uninominale dalla XVIII legislatura","Lombardia","LOMBARDIA - U10 (PAVIA)",
"http://dati.senato.it/senatore/32603","Ciriani","Luca","http://dati.senato.it/mandato/S_19_32603_1",19,2022-10-13,,"elettivo","Eletto uninominale dalla XVIII legislatura","Friuli-Venezia Giulia","FRIULI-VENEZIA GIULIA - U01 (TRIESTE)",
"http://dati.senato.it/senatore/22910","Cosenza","Giulia","http://dati.senato.it/mandato/S_19_22910_1",19,2022-10-13,,"elettivo","Eletto uninominale dalla XVIII legislatura","Campania","CAMPANIA - U02 (BENEVENTO)",
"http://dati.senato.it/senatore/36389","Cottarelli","Carlo","http://dati.senato.it/mandato/S_19_36389_1",19,2022-10-13,2023-05-31,"elettivo","Eletto proporzionale dalla XVIII legislatura","Lombardia",,"Dimissioni accettate"
"http://dati.senato.it/senatore/22914","Craxi","Stefania Gabriella Anastasia","http://dati.senato.it/mandato/S_19_22914_1",19,2022-10-13,,"elettivo","Eletto uninominale dalla XVIII legislatura","Sicilia","SICILIA - U03 (GELA)",
"http://dati.senato.it/senatore/36387","Crisanti","Andrea","http://dati.senato.it/mandato/S_19_36387_1",19,2022-10-13,,"elettivo","circoscrizioni estere","EUROPA",,
"http://dati.senato.it/senatore/32608","Croatti","Marco","http://dati.senato.it/mandato/S_19_32608_1",19,2022-10-13,,"elettivo","Eletto proporzionale dalla XVIII legislatura","Emilia-Romagna",,
"http://dati.senato.it/senatore/36390","Cucchi","Ilaria","http://dati.senato.it/mandato/S_19_36390_1",19,2022-10-13,,"elettivo","Eletto uninominale dalla XVIII legislatura","Toscana","TOSCANA - U04 (FIRENZE)",
"http://dati.senato.it/senatore/31875","D'Elia","Cecilia","http://dati.senato.it/mandato/S_19_31875_1",19,2022-10-13,,"elettivo","Eletto proporzionale dalla XVIII legislatura","Lazio",,
"http://dati.senato.it/senatore/36391","Damante","Concetta","http://dati.senato.it/mandato/S_19_36391_1",19,2022-10-13,,"elettivo","Eletto proporzionale dalla XVIII legislatura","Sicilia",,
"http://dati.senato.it/senatore/32747","Damiani","Dario","http://dati.senato.it/mandato/S_19_32747_1",19,2022-10-13,,"elettivo","Eletto proporzionale dalla XVIII legislatura","Puglia",,
"http://dati.senato.it/senatore/32898","De Carlo","Luca","http://dati.senato.it/mandato/S_19_32898_1",19,2022-10-13,,"elettivo","Eletto uninominale dalla XVIII legislatura","Veneto","VENETO - U02 (TREVISO)",
"http://dati.senato.it/senatore/22918","De Cristofaro","Peppe","http://dati.senato.it/mandato/S_19_22918_1",19,2022-10-13,,"elettivo","Eletto proporzionale dalla XVIII legislatura","Lazio",,
"http://dati.senato.it/senatore/22814","De Poli","Antonio","http://dati.senato.it/mandato/S_19_22814_1",19,2022-10-13,,"elettivo","Eletto uninominale dalla XVIII legislatura","Marche","MARCHE - U02 (ANCONA)",
"http://dati.senato.it/senatore/36393","De Priamo","Andrea","http://dati.senato.it/mandato/S_19_36393_1",19,2022-10-13,,"elettivo","Eletto proporzionale dalla XVIII legislatura","Lazio",,
"http://dati.senato.it/senatore/36394","De Rosa","Raffaele","http://dati.senato.it/mandato/S_19_36394_1",19,2022-10-13,,"elettivo","Eletto uninominale dalla XVIII legislatura","Campania","CAMPANIA - U07 (ACERRA)",
"http://dati.senato.it/senatore/36395","Della Porta","Costanzo","http://dati.senato.it/mandato/S_19_36395_1",19,2022-10-13,,"elettivo","Eletto proporzionale dalla XVIII legislatura","Molise",,
"http://dati.senato.it/senatore/28670","Delrio","Graziano","http://dati.senato.it/mandato/S_19_28670_1",19,2022-10-13,,"elettivo","Eletto proporzionale dalla XVIII legislatura","Emilia-Romagna",,
"http://dati.senato.it/senatore/32619","Di Girolamo","Gabriella","http://dati.senato.it/mandato/S_19_32619_1",19,2022-10-13,,"elettivo","Eletto proporzionale dalla XVIII legislatura","Abruzzo",,
"http://dati.senato.it/senatore/36396","Dreosto","Marco","http://dati.senato.it/mandato/S_19_36396_1",19,2022-10-13,,"elettivo","Eletto proporzionale dalla XVIII legislatura","Friuli-Venezia Giulia",,
"http://dati.senato.it/senatore/33096","Durigon","Claudio","http://dati.senato.it/mandato/S_19_33096_1",19,2022-10-13,,"elettivo","Eletto uninominale dalla XVIII legislatura","Lazio","LAZIO - U01 (VITERBO)",
"http://dati.senato.it/senatore/32624","Durnwalder","Meinhard","http://dati.senato.it/mandato/S_19_32624_1",19,2022-10-13,,"elettivo","Eletto uninominale dalla XVIII legislatura","Trentino-Alto Adige","TRENTINO-ALTO ADIGE/SÜDTIROL - U06 (BRESSANONE/BRIXEN)",
"http://dati.senato.it/senatore/36398","Fallucchi","Anna Maria","http://dati.senato.it/mandato/S_19_36398_1",19,2022-10-13,,"elettivo","Eletto uninominale dalla XVIII legislatura","Puglia","PUGLIA - U01 (FOGGIA)",
"http://dati.senato.it/senatore/36397","Farolfi","Marta","http://dati.senato.it/mandato/S_19_36397_1",19,2022-10-13,,"elettivo","Eletto uninominale dalla XVIII legislatura","Emilia-Romagna","EMILIA-ROMAGNA - U05 (RIMINI)",
"http://dati.senato.it/senatore/32628","Fazzolari","Giovanbattista","http://dati.senato.it/mandato/S_19_32628_1",19,2022-10-13,,"elettivo","Eletto proporzionale dalla XVIII legislatura","Puglia",,
"http://dati.senato.it/senatore/4192","Fazzone","Claudio","http://dati.senato.it/mandato/S_19_4192_1",19,2022-10-13,,"elettivo","Eletto uninominale dalla XVIII legislatura","Lazio","LAZIO - U06 (LATINA)",
"http://dati.senato.it/senatore/30294","Fina","Michele","http://dati.senato.it/mandato/S_19_30294_1",19,2022-10-13,,"elettivo","Eletto proporzionale dalla XVIII legislatura","Abruzzo",,
"http://dati.senato.it/senatore/36399","Floridia","Aurora","http://dati.senato.it/mandato/S_19_36399_1",19,2022-10-13,,"elettivo","Eletto proporzionale dalla XVIII legislatura","Veneto",,
"http://dati.senato.it/senatore/32634","Floridia","Barbara","http://dati.senato.it/mandato/S_19_32634_1",19,2022-10-13,,"elettivo","Eletto proporzionale dalla XVIII legislatura","Sicilia",,
"http://dati.senato.it/senatore/36400","Franceschelli","Silvio","http://dati.senato.it/mandato/S_19_36400_1",19,2022-10-13,,"elettivo","Eletto proporzionale dalla XVIII legislatura","Toscana",,
"http://dati.senato.it/senatore/5799","Franceschini","Dario","http://dati.senato.it/mandato/S_19_5799_1",19,2022-10-13,,"elettivo","Eletto proporzionale dalla XVIII legislatura","Campania",,
"http://dati.senato.it/senatore/29406","Fregolent","Silvia","http://dati.senato.it/mandato/S_19_29406_1",19,2022-10-13,,"elettivo","Eletto proporzionale dalla XVIII legislatura","Emilia-Romagna",,
"http://dati.senato.it/senatore/31725","Furlan","Annamaria","http://dati.senato.it/mandato/S_19_31725_1",19,2022-10-13,,"elettivo","Eletto proporzionale dalla XVIII legislatura","Sicilia",,
"http://dati.senato.it/senatore/22963","Garavaglia","Massimo","http://dati.senato.it/mandato/S_19_22963_1",19,2022-10-13,,"elettivo","Eletto proporzionale dalla XVIII legislatura","Piemonte",,
"http://dati.senato.it/senatore/18121","Garnero Santanche'","Daniela","http://dati.senato.it/mandato/S_19_18121_1",19,2022-10-13,,"elettivo","Eletto uninominale dalla XVIII legislatura","Lombardia","LOMBARDIA - U11 (CREMONA)",
"http://dati.senato.it/senatore/1103","Gasparri","Maurizio","http://dati.senato.it/mandato/S_19_1103_1",19,2022-10-13,,"elettivo","Eletto proporzionale dalla XVIII legislatura","Lazio",,
"http://dati.senato.it/senatore/36433","Gelmetti","Matteo","http://dati.senato.it/mandato/S_19_36433_1",19,2022-10-13,,"elettivo","Eletto proporzionale dalla XVIII legislatura","Veneto",,
"http://dati.senato.it/senatore/22966","Gelmini","Mariastella","http://dati.senato.it/mandato/S_19_22966_1",19,2022-10-13,,"elettivo","Eletto proporzionale dalla XVIII legislatura","Toscana",,
"http://dati.senato.it/senatore/1116","Germana'","Antonino","http://dati.senato.it/mandato/S_19_1116_1",19,2022-10-13,,"elettivo","Eletto proporzionale dalla XVIII legislatura","Sicilia",,
"http://dati.senato.it/senatore/29105","Giacobbe","Francesco","http://dati.senato.it/mandato/S_19_29105_1",19,2022-10-13,,"elettivo","circoscrizioni estere","AFRICA ASIA OCEANIA ANTARTIDE",,
"http://dati.senato.it/senatore/29425","Giorgis","Andrea","http://dati.senato.it/mandato/S_19_29425_1",19,2022-10-13,,"elettivo","Eletto uninominale dalla XVIII legislatura","Piemonte","PIEMONTE - U01 (TORINO: CIRCOSCRIZIONE 2 - SANTA RITA - MIRAFIORI NORD - MIRAFIORI SUD)",
"http://dati.senato.it/senatore/1227","Guidi","Antonio","http://dati.senato.it/mandato/S_19_1227_1",19,2022-10-13,,"elettivo","Eletto proporzionale dalla XVIII legislatura","Umbria",,
"http://dati.senato.it/senatore/32644","Guidolin","Barbara","http://dati.senato.it/mandato/S_19_32644_1",19,2022-10-13,,"elettivo","Eletto proporzionale dalla XVIII legislatura","Veneto",,
"http://dati.senato.it/senatore/32645","Iannone","Antonio","http://dati.senato.it/mandato/S_19_32645_1",19,2022-10-13,,"elettivo","Eletto uninominale dalla XVIII legislatura","Campania","CAMPANIA - U03 (SALERNO)",
"http://dati.senato.it/senatore/36401","Irto","Nicola","http://dati.senato.it/mandato/S_19_36401_1",19,2022-10-13,,"elettivo","Eletto proporzionale dalla XVIII legislatura","Calabria",,
"http://dati.senato.it/senatore/29447","La Marca","Francesca","http://dati.senato.it/mandato/S_19_29447_1",19,2022-10-13,,"elettivo","circoscrizioni estere","AMERICA SETTENTRIONALE E CENTRALE",,
"http://dati.senato.it/senatore/32650","La Pietra","Patrizio Giacomo","http://dati.senato.it/mandato/S_19_32650_1",19,2022-10-13,,"elettivo","Eletto uninominale dalla XVIII legislatura","Toscana","TOSCANA - U03 (PRATO)",
"http://dati.senato.it/senatore/1275","La Russa","Ignazio","http://dati.senato.it/mandato/S_19_1275_1",19,2022-10-13,,"elettivo","Eletto uninominale dalla XVIII legislatura","Lombardia","LOMBARDIA - U05 (COLOGNO MONZESE)",
"http://dati.senato.it/senatore/36402","Leonardi","Elena","http://dati.senato.it/mandato/S_19_36402_1",19,2022-10-13,,"elettivo","Eletto uninominale dalla XVIII legislatura","Marche","MARCHE - U01 (ASCOLI PICENO)",
"http://dati.senato.it/senatore/32653","Licheri","Ettore Antonio","http://dati.senato.it/mandato/S_19_32653_1",19,2022-10-13,,"elettivo","Eletto proporzionale dalla XVIII legislatura","Toscana",,
"http://dati.senato.it/senatore/36434","Licheri","Sabrina","http://dati.senato.it/mandato/S_19_36434_1",19,2022-10-13,,"elettivo","Eletto proporzionale dalla XVIII legislatura","Sardegna",,
"http://dati.senato.it/senatore/36403","Liris","Guido Quintino","http://dati.senato.it/mandato/S_19_36403_1",19,2022-10-13,,"elettivo","Eletto uninominale dalla XVIII legislatura","Abruzzo","ABRUZZO - U01 (PESCARA)",
"http://dati.senato.it/senatore/36435","Lisei","Marco","http://dati.senato.it/mandato/S_19_36435_1",19,2022-10-13,,"elettivo","Eletto proporzionale dalla XVIII legislatura","Emilia-Romagna",,
"http://dati.senato.it/senatore/36436","Lombardo","Marco","http://dati.senato.it/mandato/S_19_36436_1",19,2022-10-13,,"elettivo","Eletto proporzionale dalla XVIII legislatura","Lombardia",,
"http://dati.senato.it/senatore/36404","Lopreiato","Ada","http://dati.senato.it/mandato/S_19_36404_1",19,2022-10-13,,"elettivo","Eletto uninominale dalla XVIII legislatura","Campania","CAMPANIA - U04 (NAPOLI: QUARTIERE 19 - FUORIGROTTA)",
"http://dati.senato.it/senatore/32655","Lorefice","Pietro","http://dati.senato.it/mandato/S_19_32655_1",19,2022-10-13,,"elettivo","Eletto proporzionale dalla XVIII legislatura","Sicilia",,
"http://dati.senato.it/senatore/25474","Lorenzin","Beatrice","http://dati.senato.it/mandato/S_19_25474_1",19,2022-10-13,,"elettivo","Eletto proporzionale dalla XVIII legislatura","Veneto",,
"http://dati.senato.it/senatore/18055","Losacco","Alberto","http://dati.senato.it/mandato/S_19_18055_1",19,2022-10-13,,"elettivo","Eletto proporzionale dalla XVIII legislatura","Marche",,
"http://dati.senato.it/senatore/36405","Lotito","Claudio","http://dati.senato.it/mandato/S_19_36405_1",19,2022-10-13,,"elettivo","Eletto uninominale dalla XVIII legislatura","Molise","MOLISE - U01 (CAMPOBASSO)",
"http://dati.senato.it/senatore/33946","Maffoni","Gianpietro","http://dati.senato.it/mandato/S_19_33946_1",19,2022-10-13,,"elettivo","Eletto proporzionale dalla XVIII legislatura","Lombardia",,
"http://dati.senato.it/senatore/36437","Magni","Tino","http://dati.senato.it/mandato/S_19_36437_1",19,2022-10-13,,"elettivo","Eletto proporzionale dalla XVIII legislatura","Lombardia",,
"http://dati.senato.it/senatore/32658","Maiorino","Alessandra","http://dati.senato.it/mandato/S_19_32658_1",19,2022-10-13,,"elettivo","Eletto proporzionale dalla XVIII legislatura","Lazio",,
"http://dati.senato.it/senatore/1407","Malan","Lucio","http://dati.senato.it/mandato/S_19_1407_1",19,2022-10-13,,"elettivo","Eletto proporzionale dalla XVIII legislatura","Piemonte",,
"http://dati.senato.it/senatore/29467","Malpezzi","Simona Flavia","http://dati.senato.it/mandato/S_19_29467_1",19,2022-10-13,,"elettivo","Eletto proporzionale dalla XVIII legislatura","Lombardia",,
"http://dati.senato.it/senatore/32660","Manca","Daniele","http://dati.senato.it/mandato/S_19_32660_1",19,2022-10-13,,"elettivo","Eletto proporzionale dalla XVIII legislatura","Emilia-Romagna",,
"http://dati.senato.it/senatore/36438","Mancini","Paola","http://dati.senato.it/mandato/S_19_36438_1",19,2022-10-13,,"elettivo","Eletto proporzionale dalla XVIII legislatura","Lombardia",,
"http://dati.senato.it/senatore/36439","Marcheschi","Paolo","http://dati.senato.it/mandato/S_19_36439_1",19,2022-10-13,,"elettivo","Eletto proporzionale dalla XVIII legislatura","Toscana",,
"http://dati.senato.it/senatore/17924","Martella","Andrea","http://dati.senato.it/mandato/S_19_17924_1",19,2022-10-13,,"elettivo","Eletto proporzionale dalla XVIII legislatura","Veneto",,
"http://dati.senato.it/senatore/29480","Marti","Roberto","http://dati.senato.it/mandato/S_19_29480_1",19,2022-10-13,,"elettivo","Eletto uninominale dalla XVIII legislatura","Puglia","PUGLIA - U05 (LECCE)",
"http://dati.senato.it/senatore/29132","Marton","Bruno","http://dati.senato.it/mandato/S_19_29132_1",19,2022-10-13,,"elettivo","Eletto proporzionale dalla XVIII legislatura","Lombardia",,
"http://dati.senato.it/senatore/36440","Matera","Domenico","http://dati.senato.it/mandato/S_19_36440_1",19,2022-10-13,,"elettivo","Eletto proporzionale dalla XVIII legislatura","Campania",,
"http://dati.senato.it/senatore/36406","Mazzella","Orfeo","http://dati.senato.it/mandato/S_19_36406_1",19,2022-10-13,,"elettivo","Eletto uninominale dalla XVIII legislatura","Campania","CAMPANIA - U06 (TORRE DEL GRECO)",
"http://dati.senato.it/senatore/36407","Melchiorre","Filippo","http://dati.senato.it/mandato/S_19_36407_1",19,2022-10-13,,"elettivo","Eletto uninominale dalla XVIII legislatura","Puglia","PUGLIA - U03 (BARI)",
"http://dati.senato.it/senatore/29490","Meloni","Marco","http://dati.senato.it/mandato/S_19_29490_1",19,2022-10-13,,"elettivo","Eletto proporzionale dalla XVIII legislatura","Sardegna",,
"http://dati.senato.it/senatore/1558","Menia","Roberto","http://dati.senato.it/mandato/S_19_1558_1",19,2022-10-13,,"elettivo","Eletto proporzionale dalla XVIII legislatura","Liguria",,
"http://dati.senato.it/senatore/34558","Mennuni","Lavinia","http://dati.senato.it/mandato/S_19_34558_1",19,2022-10-13,,"elettivo","Eletto uninominale dalla XVIII legislatura","Lazio","LAZIO - U02 (ROMA: MUNICIPIO XIV)",
"http://dati.senato.it/senatore/1579","Micciche'","Gianfranco","http://dati.senato.it/mandato/S_19_1579_1",19,2022-10-13,2023-01-18,"elettivo","Eletto proporzionale dalla XVIII legislatura","Sicilia",,"Dimissioni per incompatibilità"
"http://dati.senato.it/senatore/36408","Mieli","Ester","http://dati.senato.it/mandato/S_19_36408_1",19,2022-10-13,,"elettivo","Eletto uninominale dalla XVIII legislatura","Lazio","LAZIO - U04 (ROMA: MUNICIPIO VII)",
"http://dati.senato.it/senatore/36013","Minasi","Tilde","http://dati.senato.it/mandato/S_19_36013_1",19,2022-10-13,,"elettivo","Eletto uninominale dalla XVIII legislatura","Calabria","CALABRIA - U02 (REGGIO DI CALABRIA)",
"http://dati.senato.it/senatore/29138","Mirabelli","Franco","http://dati.senato.it/mandato/S_19_29138_1",19,2022-10-13,,"elettivo","Eletto proporzionale dalla XVIII legislatura","Lombardia",,
"http://dati.senato.it/senatore/23011","Misiani","Antonio","http://dati.senato.it/mandato/S_19_23011_1",19,2022-10-13,,"elettivo","Eletto uninominale dalla XVIII legislatura","Lombardia","LOMBARDIA - U03 (MILANO: NIL 21 - BUENOS AIRES - VENEZIA)",
"http://dati.senato.it/senatore/28543","Monti","Mario","http://dati.senato.it/mandato/S_19_28543_1",19,2022-10-13,,"a vita, di nomina del Presidente della Repubblica",,,,
"http://dati.senato.it/senatore/32988","Morelli","Alessandro","http://dati.senato.it/mandato/S_19_32988_1",19,2022-10-13,,"elettivo","Eletto proporzionale dalla XVIII legislatura","Lombardia",,
"http://dati.senato.it/senatore/33110","Murelli","Elena","http://dati.senato.it/mandato/S_19_33110_1",19,2022-10-13,,"elettivo","Eletto uninominale dalla XVIII legislatura","Emilia-Romagna","EMILIA-ROMAGNA - U01 (PARMA)",
"http://dati.senato.it/senatore/36409","Musolino","Dafne","http://dati.senato.it/mandato/S_19_36409_1",19,2022-10-13,,"elettivo","Eletto uninominale dalla XVIII legislatura","Sicilia","SICILIA - U06 (MESSINA)",
"http://dati.senato.it/senatore/28306","Musumeci","Nello","http://dati.senato.it/mandato/S_19_28306_1",19,2022-10-13,,"elettivo","Eletto uninominale dalla XVIII legislatura","Sicilia","SICILIA - U04 (CATANIA)",
"http://dati.senato.it/senatore/1672","Napolitano","Giorgio","http://dati.senato.it/mandato/S_19_1672_1",19,2022-10-13,2023-09-22,"di diritto e a vita, Presidente emerito della Repubblica",,,,"Deceduto"
"http://dati.senato.it/senatore/25446","Nastri","Gaetano","http://dati.senato.it/mandato/S_19_25446_1",19,2022-10-13,,"elettivo","Eletto uninominale dalla XVIII legislatura","Piemonte","PIEMONTE - U03 (NOVARA)",
"http://dati.senato.it/senatore/32673","Naturale","Gisella","http://dati.senato.it/mandato/S_19_32673_1",19,2022-10-13,,"elettivo","Eletto proporzionale dalla XVIII legislatura","Puglia",,
"http://dati.senato.it/senatore/36410","Nave","Luigi","http://dati.senato.it/mandato/S_19_36410_1",19,2022-10-13,,"elettivo","Eletto proporzionale dalla XVIII legislatura","Campania",,
"http://dati.senato.it/senatore/36411","Nicita","Antonio","http://dati.senato.it/mandato/S_19_36411_1",19,2022-10-13,,"elettivo","Eletto proporzionale dalla XVIII legislatura","Sicilia",,
"http://dati.senato.it/senatore/36412","Nocco","Vita Maria","http://dati.senato.it/mandato/S_19_36412_1",19,2022-10-13,,"elettivo","Eletto uninominale dalla XVIII legislatura","Puglia","PUGLIA - U04 (TARANTO)",
"http://dati.senato.it/senatore/36413","Occhiuto","Mario","http://dati.senato.it/mandato/S_19_36413_1",19,2022-10-13,,"elettivo","Eletto proporzionale dalla XVIII legislatura","Calabria",,
"http://dati.senato.it/senatore/36414","Orsomarso","Fausto","http://dati.senato.it/mandato/S_19_36414_1",19,2022-10-13,,"elettivo","Eletto proporzionale dalla XVIII legislatura","Calabria",,
"http://dati.senato.it/senatore/32677","Ostellari","Andrea","http://dati.senato.it/mandato/S_19_32677_1",19,2022-10-13,,"elettivo","Eletto proporzionale dalla XVIII legislatura","Veneto",,
"http://dati.senato.it/senatore/34243","Paganella","Andrea","http://dati.senato.it/mandato/S_19_34243_1",19,2022-10-13,,"elettivo","Eletto proporzionale dalla XVIII legislatura","Lazio",,
"http://dati.senato.it/senatore/33005","Paita","Raffaella","http://dati.senato.it/mandato/S_19_33005_1",19,2022-10-13,,"elettivo","Eletto proporzionale dalla XVIII legislatura","Lazio",,
"http://dati.senato.it/senatore/4512","Paroli","Adriano","http://dati.senato.it/mandato/S_19_4512_1",19,2022-10-13,,"elettivo","Eletto proporzionale dalla XVIII legislatura","Lombardia",,
"http://dati.senato.it/senatore/29521","Parrini","Dario","http://dati.senato.it/mandato/S_19_29521_1",19,2022-10-13,,"elettivo","Eletto proporzionale dalla XVIII legislatura","Toscana",,
"http://dati.senato.it/senatore/36415","Patton","Pietro","http://dati.senato.it/mandato/S_19_36415_1",19,2022-10-13,,"elettivo","Eletto uninominale dalla XVIII legislatura","Trentino-Alto Adige","TRENTINO-ALTO ADIGE/SÜDTIROL - U01 (TRENTO)",
"http://dati.senato.it/senatore/32681","Patuanelli","Stefano","http://dati.senato.it/mandato/S_19_32681_1",19,2022-10-13,,"elettivo","Eletto proporzionale dalla XVIII legislatura","Lazio",,
"http://dati.senato.it/senatore/3900","Pera","Marcello","http://dati.senato.it/mandato/S_19_3900_1",19,2022-10-13,,"elettivo","Eletto uninominale dalla XVIII legislatura","Sardegna","SARDEGNA - U02 (SASSARI)",
"http://dati.senato.it/senatore/25429","Petrenga","Giovanna","http://dati.senato.it/mandato/S_19_25429_1",19,2022-10-13,,"elettivo","Eletto uninominale dalla XVIII legislatura","Campania","CAMPANIA - U01 (CASERTA)",
"http://dati.senato.it/senatore/36416","Petrucci","Simona","http://dati.senato.it/mandato/S_19_36416_1",19,2022-10-13,,"elettivo","Eletto uninominale dalla XVIII legislatura","Toscana","TOSCANA - U01 (AREZZO)",
"http://dati.senato.it/senatore/30512","Piano","Renzo","http://dati.senato.it/mandato/S_19_30512_1",19,2022-10-13,,"a vita, di nomina del Presidente della Repubblica",,,,
"http://dati.senato.it/senatore/36417","Pirondini","Luca","http://dati.senato.it/mandato/S_19_36417_1",19,2022-10-13,,"elettivo","Eletto proporzionale dalla XVIII legislatura","Liguria",,
"http://dati.senato.it/senatore/18562","Pirovano","Daisy","http://dati.senato.it/mandato/S_19_18562_1",19,2022-10-13,,"elettivo","Eletto uninominale dalla XVIII legislatura","Lombardia","LOMBARDIA - U07 (BERGAMO)",
"http://dati.senato.it/senatore/32691","Pirro","Elisa","http://dati.senato.it/mandato/S_19_32691_1",19,2022-10-13,,"elettivo","Eletto proporzionale dalla XVIII legislatura","Piemonte",,
"http://dati.senato.it/senatore/36441","Pogliese","Salvo","http://dati.senato.it/mandato/S_19_36441_1",19,2022-10-13,,"elettivo","Eletto proporzionale dalla XVIII legislatura","Sicilia",,
"http://dati.senato.it/senatore/33022","Potenti","Manfredi","http://dati.senato.it/mandato/S_19_33022_1",19,2022-10-13,,"elettivo","Eletto uninominale dalla XVIII legislatura","Toscana","TOSCANA - U02 (LIVORNO)",
"http://dati.senato.it/senatore/32697","Pucciarelli","Stefania","http://dati.senato.it/mandato/S_19_32697_1",19,2022-10-13,,"elettivo","Eletto uninominale dalla XVIII legislatura","Liguria","LIGURIA - U02 (LA SPEZIA)",
"http://dati.senato.it/senatore/36418","Rando","Vincenza","http://dati.senato.it/mandato/S_19_36418_1",19,2022-10-13,,"elettivo","Eletto uninominale dalla XVIII legislatura","Emilia-Romagna","EMILIA-ROMAGNA - U02 (MODENA)",
"http://dati.senato.it/senatore/36419","Rapani","Ernesto","http://dati.senato.it/mandato/S_19_36419_1",19,2022-10-13,,"elettivo","Eletto uninominale dalla XVIII legislatura","Calabria","CALABRIA - U01 (CORIGLIANO-ROSSANO)",
"http://dati.senato.it/senatore/36442","Rastrelli","Sergio","http://dati.senato.it/mandato/S_19_36442_1",19,2022-10-13,,"elettivo","Eletto proporzionale dalla XVIII legislatura","Campania",,
"http://dati.senato.it/senatore/32699","Rauti","Isabella","http://dati.senato.it/mandato/S_19_32699_1",19,2022-10-13,,"elettivo","Eletto uninominale dalla XVIII legislatura","Lombardia","LOMBARDIA - U04 (SESTO SAN GIOVANNI)",
"http://dati.senato.it/senatore/30742","Renzi","Matteo","http://dati.senato.it/mandato/S_19_30742_1",19,2022-10-13,,"elettivo","Eletto proporzionale dalla XVIII legislatura","Campania",,
"http://dati.senato.it/senatore/32703","Rojc","Tatjana","http://dati.senato.it/mandato/S_19_32703_1",19,2022-10-13,,"elettivo","Eletto proporzionale dalla XVIII legislatura","Friuli-Venezia Giulia",,
"http://dati.senato.it/senatore/32706","Romeo","Massimiliano","http://dati.senato.it/mandato/S_19_32706_1",19,2022-10-13,,"elettivo","Eletto uninominale dalla XVIII legislatura","Lombardia","LOMBARDIA - U01 (VARESE)",
"http://dati.senato.it/senatore/32707","Ronzulli","Licia","http://dati.senato.it/mandato/S_19_32707_1",19,2022-10-13,,"elettivo","Eletto uninominale dalla XVIII legislatura","Lombardia","LOMBARDIA - U02 (COMO)",
"http://dati.senato.it/senatore/36420","Rosa","Gianni","http://dati.senato.it/mandato/S_19_36420_1",19,2022-10-13,,"elettivo","Eletto proporzionale dalla XVIII legislatura","Basilicata",,
"http://dati.senato.it/senatore/32779","Rosso","Roberto","http://dati.senato.it/mandato/S_19_32779_1",19,2022-10-13,,"elettivo","Eletto proporzionale dalla XVIII legislatura","Piemonte",,
"http://dati.senato.it/senatore/25411","Rossomando","Anna","http://dati.senato.it/mandato/S_19_25411_1",19,2022-10-13,,"elettivo","Eletto proporzionale dalla XVIII legislatura","Piemonte",,
"http://dati.senato.it/senatore/30510","Rubbia","Carlo","http://dati.senato.it/mandato/S_19_30510_1",19,2022-10-13,,"a vita, di nomina del Presidente della Repubblica",,,,
"http://dati.senato.it/senatore/36421","Russo","Raoul","http://dati.senato.it/mandato/S_19_36421_1",19,2022-10-13,,"elettivo","Eletto uninominale dalla XVIII legislatura","Sicilia","SICILIA - U02 (MARSALA)",
"http://dati.senato.it/senatore/36422","Sallemi","Salvatore","http://dati.senato.it/mandato/S_19_36422_1",19,2022-10-13,,"elettivo","Eletto uninominale dalla XVIII legislatura","Sicilia","SICILIA - U05 (SIRACUSA)",
"http://dati.senato.it/senatore/25407","Salvini","Matteo","http://dati.senato.it/mandato/S_19_25407_1",19,2022-10-13,,"elettivo","Eletto proporzionale dalla XVIII legislatura","Puglia",,
"http://dati.senato.it/senatore/36443","Salvitti","Giorgio","http://dati.senato.it/mandato/S_19_36443_1",19,2022-10-13,,"elettivo","Eletto proporzionale dalla XVIII legislatura","Piemonte",,
"http://dati.senato.it/senatore/36444","Satta","Giovanni","http://dati.senato.it/mandato/S_19_36444_1",19,2022-10-13,,"elettivo","Eletto proporzionale dalla XVIII legislatura","Sardegna",,
"http://dati.senato.it/senatore/25402","Sbrollini","Daniela","http://dati.senato.it/mandato/S_19_25402_1",19,2022-10-13,,"elettivo","Eletto proporzionale dalla XVIII legislatura","Veneto",,
"http://dati.senato.it/senatore/29573","Scalfarotto","Ivan","http://dati.senato.it/mandato/S_19_29573_1",19,2022-10-13,,"elettivo","Eletto proporzionale dalla XVIII legislatura","Piemonte",,
"http://dati.senato.it/senatore/36423","Scarpinato","Roberto Maria Ferdinando","http://dati.senato.it/mandato/S_19_36423_1",19,2022-10-13,,"elettivo","Eletto proporzionale dalla XVIII legislatura","Calabria",,
"http://dati.senato.it/senatore/33863","Scurria","Marco","http://dati.senato.it/mandato/S_19_33863_1",19,2022-10-13,,"elettivo","Eletto proporzionale dalla XVIII legislatura","Lazio",,
"http://dati.senato.it/senatore/32435","Segre","Liliana","http://dati.senato.it/mandato/S_19_32435_1",19,2022-10-13,,"a vita, di nomina del Presidente della Repubblica",,,,
"http://dati.senato.it/senatore/36424","Sigismondi","Etelwardo","http://dati.senato.it/mandato/S_19_36424_1",19,2022-10-13,,"elettivo","Eletto proporzionale dalla XVIII legislatura","Abruzzo",,
"http://dati.senato.it/senatore/36445","Silvestro","Francesco","http://dati.senato.it/mandato/S_19_36445_1",19,2022-10-13,,"elettivo","Eletto proporzionale dalla XVIII legislatura","Campania",,
"http://dati.senato.it/senatore/33137","Silvestroni","Marco","http://dati.senato.it/mandato/S_19_33137_1",19,2022-10-13,,"elettivo","Eletto uninominale dalla XVIII legislatura","Lazio","LAZIO - U05 (GUIDONIA MONTECELIO)",
"http://dati.senato.it/senatore/36425","Sironi","Elena","http://dati.senato.it/mandato/S_19_36425_1",19,2022-10-13,,"elettivo","Eletto proporzionale dalla XVIII legislatura","Lombardia",,
"http://dati.senato.it/senatore/36446","Sisler","Sandro","http://dati.senato.it/mandato/S_19_36446_1",19,2022-10-13,,"elettivo","Eletto proporzionale dalla XVIII legislatura","Lombardia",,
"http://dati.senato.it/senatore/22263","Sisto","Francesco Paolo","http://dati.senato.it/mandato/S_19_22263_1",19,2022-10-13,,"elettivo","Eletto uninominale dalla XVIII legislatura","Puglia","PUGLIA - U02 (ANDRIA)",
"http://dati.senato.it/senatore/36426","Spagnolli","Luigi","http://dati.senato.it/mandato/S_19_36426_1",19,2022-10-13,,"elettivo","Eletto uninominale dalla XVIII legislatura","Trentino-Alto Adige","TRENTINO-ALTO ADIGE/SÜDTIROL - U04 (BOLZANO/BOZEN)",
"http://dati.senato.it/senatore/36427","Spelgatti","Nicoletta","http://dati.senato.it/mandato/S_19_36427_1",19,2022-10-13,,"elettivo","Eletto uninominale dalla XVIII legislatura","Valle D'Aosta","VALLE D'AOSTA - U01 (AOSTA)",
"http://dati.senato.it/senatore/36428","Speranzon","Raffaele","http://dati.senato.it/mandato/S_19_36428_1",19,2022-10-13,,"elettivo","Eletto uninominale dalla XVIII legislatura","Veneto","VENETO - U01 (VENEZIA)",
"http://dati.senato.it/senatore/36447","Spinelli","Domenica","http://dati.senato.it/mandato/S_19_36447_1",19,2022-10-13,,"elettivo","Eletto proporzionale dalla XVIII legislatura","Emilia-Romagna",,
"http://dati.senato.it/senatore/29185","Stefani","Erika","http://dati.senato.it/mandato/S_19_29185_1",19,2022-10-13,,"elettivo","Eletto proporzionale dalla XVIII legislatura","Veneto",,
"http://dati.senato.it/senatore/28550","Terzi Di Sant'Agata","Giuliomaria","http://dati.senato.it/mandato/S_19_28550_1",19,2022-10-13,,"elettivo","Eletto uninominale dalla XVIII legislatura","Lombardia","LOMBARDIA - U09 (TREVIGLIO)",
"http://dati.senato.it/senatore/32721","Testor","Elena","http://dati.senato.it/mandato/S_19_32721_1",19,2022-10-13,,"elettivo","Eletto uninominale dalla XVIII legislatura","Trentino-Alto Adige","TRENTINO-ALTO ADIGE/SÜDTIROL - U03 (PERGINE VALSUGANA)",
"http://dati.senato.it/senatore/30915","Tosato","Paolo","http://dati.senato.it/mandato/S_19_30915_1",19,2022-10-13,,"elettivo","Eletto uninominale dalla XVIII legislatura","Veneto","VENETO - U05 (VERONA)",
"http://dati.senato.it/senatore/36448","Trevisi","Antonio Salvatore","http://dati.senato.it/mandato/S_19_36448_1",19,2022-10-13,,"elettivo","Eletto proporzionale dalla XVIII legislatura","Puglia",,
"http://dati.senato.it/senatore/36449","Tubetti","Francesca","http://dati.senato.it/mandato/S_19_36449_1",19,2022-10-13,,"elettivo","Eletto proporzionale dalla XVIII legislatura","Friuli-Venezia Giulia",,
"http://dati.senato.it/senatore/32726","Turco","Mario","http://dati.senato.it/mandato/S_19_32726_1",19,2022-10-13,,"elettivo","Eletto proporzionale dalla XVIII legislatura","Basilicata",,
"http://dati.senato.it/senatore/32727","Unterberger","Julia","http://dati.senato.it/mandato/S_19_32727_1",19,2022-10-13,,"elettivo","Eletto uninominale dalla XVIII legislatura","Trentino-Alto Adige","TRENTINO-ALTO ADIGE/SÜDTIROL - U05 (MERANO/MERAN)",
"http://dati.senato.it/senatore/2444","Urso","Adolfo","http://dati.senato.it/mandato/S_19_2444_1",19,2022-10-13,,"elettivo","Eletto proporzionale dalla XVIII legislatura","Veneto",,
"http://dati.senato.it/senatore/29604","Valente","Valeria","http://dati.senato.it/mandato/S_19_29604_1",19,2022-10-13,,"elettivo","Eletto proporzionale dalla XVIII legislatura","Puglia",,
"http://dati.senato.it/senatore/28924","Verducci","Francesco","http://dati.senato.it/mandato/S_19_28924_1",19,2022-10-13,,"elettivo","Eletto proporzionale dalla XVIII legislatura","Piemonte",,
"http://dati.senato.it/senatore/25377","Verini","Walter","http://dati.senato.it/mandato/S_19_25377_1",19,2022-10-13,,"elettivo","Eletto proporzionale dalla XVIII legislatura","Umbria",,
"http://dati.senato.it/senatore/33027","Versace","Giusy","http://dati.senato.it/mandato/S_19_33027_1",19,2022-10-13,,"elettivo","Eletto proporzionale dalla XVIII legislatura","Lombardia",,
"http://dati.senato.it/senatore/32732","Zaffini","Francesco","http://dati.senato.it/mandato/S_19_32732_1",19,2022-10-13,,"elettivo","Eletto uninominale dalla XVIII legislatura","Umbria","UMBRIA - U01 (PERUGIA)",
"http://dati.senato.it/senatore/36429","Zambito","Ylenia","http://dati.senato.it/mandato/S_19_36429_1",19,2022-10-13,,"elettivo","Eletto proporzionale dalla XVIII legislatura","Toscana",,
"http://dati.senato.it/senatore/24016","Zampa","Sandra","http://dati.senato.it/mandato/S_19_24016_1",19,2022-10-13,,"elettivo","Eletto proporzionale dalla XVIII legislatura","Emilia-Romagna",,
"http://dati.senato.it/senatore/17811","Zanettin","Pierantonio","http://dati.senato.it/mandato/S_19_17811_1",19,2022-10-13,,"elettivo","Eletto proporzionale dalla XVIII legislatura","Veneto",,
"http://dati.senato.it/senatore/33038","Zangrillo","Paolo","http://dati.senato.it/mandato/S_19_33038_1",19,2022-10-13,,"elettivo","Eletto uninominale dalla XVIII legislatura","Piemonte","PIEMONTE - U04 (ALESSANDRIA)",
"http://dati.senato.it/senatore/36430","Zedda","Antonella","http://dati.senato.it/mandato/S_19_36430_1",19,2022-10-13,,"elettivo","Eletto uninominale dalla XVIII legislatura","Sardegna","SARDEGNA - U01 (CAGLIARI)",
"http://dati.senato.it/senatore/36450","Zullo","Ignazio","http://dati.senato.it/mandato/S_19_36450_1",19,2022-10-13,,"elettivo","Eletto proporzionale dalla XVIII legislatura","Puglia",,
"http://dati.senato.it/senatore/37415","Ternullo","Daniela","http://dati.senato.it/mandato/S_19_37415_1",19,2023-01-18,,"elettivo","Eletto proporzionale dalla XVIII legislatura","Sicilia",,
"http://dati.senato.it/senatore/27622","Sensi","Filippo","http://dati.senato.it/mandato/S_19_27622_1",19,2023-03-21,,"elettivo","Eletto proporzionale dalla XVIII legislatura","Lazio",,
"http://dati.senato.it/senatore/35489","Pellegrino","Cinzia","http://dati.senato.it/mandato/S_19_35489_1",19,2023-05-09,,"elettivo","Eletto proporzionale dalla XVIII legislatura","Lazio",,
"http://dati.senato.it/senatore/37739","Tajani","Cristina","http://dati.senato.it/mandato/S_19_37739_1",19,2023-05-31,,"elettivo","Eletto proporzionale dalla XVIII legislatura","Lombardia",,
"http://dati.senato.it/senatore/32637","Galliani","Adriano","http://dati.senato.it/mandato/S_19_32637_1",19,2023-10-30,,"elettivo","Eletto uninominale dalla XVIII legislatura","Lombardia","LOMBARDIA - U06",
"http://dati.senato.it/senatore/32640","Gaudiano","Felicia","http://dati.senato.it/mandato/S_19_32640_1",19,2025-01-08,,"elettivo","Eletto proporzionale dalla XVIII legislatura","Campania",,
