"d","surname","firstName","start","end","gruppo","label","componente"
"http://dati.camera.it/ocd/deputato.rdf/d307394_19","AIELLO","DAVIDE","20221018",,"http://dati.camera.it/ocd/gruppoParlamentare.rdf/gr4131","MOVIMENTO 5 STELLE (18.10.2022)",
"http://dati.camera.it/ocd/deputato.rdf/d308421_19","ALBANO","LUCIA","20221018",,"http://dati.camera.it/ocd/gruppoParlamentare.rdf/gr4133","FRATELLI D'ITALIA (18.10.2022)",
"http://dati.camera.it/ocd/deputato.rdf/d308872_19","ALIFANO","ENRICA","20221018",,"http://dati.camera.it/ocd/gruppoParlamentare.rdf/gr4131","MOVIMENTO 5 STELLE (18.10.2022)",
"http://dati.camera.it/ocd/deputato.rdf/d308910_19","ALMICI","CRISTINA","20221018",,"http://dati.camera.it/ocd/gruppoParlamentare.rdf/gr4133","FRATELLI D'ITALIA (18.10.2022)",
"http://dati.camera.it/ocd/deputato.rdf/d308849_19","AMATO","GAETANO","20221018",,"http://dati.camera.it/ocd/gruppoParlamentare.rdf/gr4131","MOVIMENTO 5 STELLE (18.10.2022)",
"http://dati.camera.it/ocd/deputato.rdf/d308832_19","AMBROSI","ALESSIA","20221018",,"http://dati.camera.it/ocd/gruppoParlamentare.rdf/gr4133","FRATELLI D'ITALIA (18.10.2022)",
"http://dati.camera.it/ocd/deputato.rdf/d305931_19","AMENDOLA","VINCENZO","20221018",,"http://dati.camera.it/ocd/gruppoParlamentare.rdf/gr4136","PARTITO DEMOCRATICO - ITALIA DEMOCRATICA E PROGRESSISTA (18.10.2022)",
"http://dati.camera.it/ocd/deputato.rdf/d308825_19","AMICH","VINCENZO","20221018",,"http://dati.camera.it/ocd/gruppoParlamentare.rdf/gr4133","FRATELLI D'ITALIA (18.10.2022)",
"http://dati.camera.it/ocd/deputato.rdf/d308884_19","AMORESE","ALESSANDRO","20221018",,"http://dati.camera.it/ocd/gruppoParlamentare.rdf/gr4133","FRATELLI D'ITALIA (18.10.2022)",
"http://dati.camera.it/ocd/deputato.rdf/d307686_19","ANDREUZZA","GIORGIA","20221018",,"http://dati.camera.it/ocd/gruppoParlamentare.rdf/gr4132","LEGA - SALVINI PREMIER (18.10.2022)",
"http://dati.camera.it/ocd/deputato.rdf/d302942_19","ANGELUCCI","ANTONIO","20221018",,"http://dati.camera.it/ocd/gruppoParlamentare.rdf/gr4132","LEGA - SALVINI PREMIER (18.10.2022)",
"http://dati.camera.it/ocd/deputato.rdf/d308909_19","ANTONIOZZI","ALFREDO","20221018",,"http://dati.camera.it/ocd/gruppoParlamentare.rdf/gr4133","FRATELLI D'ITALIA (18.10.2022)",
"http://dati.camera.it/ocd/deputato.rdf/d308824_19","APPENDINO","CHIARA","20221018",,"http://dati.camera.it/ocd/gruppoParlamentare.rdf/gr4131","MOVIMENTO 5 STELLE (18.10.2022)",
"http://dati.camera.it/ocd/deputato.rdf/d308906_19","ARRUZZOLO","GIOVANNI","20221018",,"http://dati.camera.it/ocd/gruppoParlamentare.rdf/gr4134","FORZA ITALIA - BERLUSCONI PRESIDENTE - PPE (18.10.2022)",
"http://dati.camera.it/ocd/deputato.rdf/d305704_19","ASCANI","ANNA","20221018",,"http://dati.camera.it/ocd/gruppoParlamentare.rdf/gr4136","PARTITO DEMOCRATICO - ITALIA DEMOCRATICA E PROGRESSISTA (18.10.2022)",
"http://dati.camera.it/ocd/deputato.rdf/d307302_19","ASCARI","STEFANIA","20221018",,"http://dati.camera.it/ocd/gruppoParlamentare.rdf/gr4131","MOVIMENTO 5 STELLE (18.10.2022)",
"http://dati.camera.it/ocd/deputato.rdf/d308846_19","AURIEMMA","CARMELA","20221018",,"http://dati.camera.it/ocd/gruppoParlamentare.rdf/gr4131","MOVIMENTO 5 STELLE (18.10.2022)",
"http://dati.camera.it/ocd/deputato.rdf/d307749_19","BAGNAI","ALBERTO","20221018","20260915","http://dati.camera.it/ocd/gruppoParlamentare.rdf/gr4132","LEGA - SALVINI PREMIER (18.10.2022-15.09.2026)",
"http://dati.camera.it/ocd/deputato.rdf/d307134_19","BAGNASCO","ROBERTO","20221018",,"http://dati.camera.it/ocd/gruppoParlamentare.rdf/gr4134","FORZA ITALIA - BERLUSCONI PRESIDENTE - PPE (18.10.2022)",
"http://dati.camera.it/ocd/deputato.rdf/d308931_19","BAKKALI","OUIDAD","20221018",,"http://dati.camera.it/ocd/gruppoParlamentare.rdf/gr4136","PARTITO DEMOCRATICO - ITALIA DEMOCRATICA E PROGRESSISTA (18.10.2022)",
"http://dati.camera.it/ocd/deputato.rdf/d308805_19","BALDELLI","ANTONIO","20221018",,"http://dati.camera.it/ocd/gruppoParlamentare.rdf/gr4133","FRATELLI D'ITALIA (18.10.2022)",
"http://dati.camera.it/ocd/deputato.rdf/d307435_19","BALDINO","VITTORIA","20221018",,"http://dati.camera.it/ocd/gruppoParlamentare.rdf/gr4131","MOVIMENTO 5 STELLE (18.10.2022)",
"http://dati.camera.it/ocd/deputato.rdf/d308890_19","BARABOTTI","ANDREA","20221018",,"http://dati.camera.it/ocd/gruppoParlamentare.rdf/gr4132","LEGA - SALVINI PREMIER (18.10.2022)",
"http://dati.camera.it/ocd/deputato.rdf/d308902_19","BARBAGALLO","ANTHONY EMANUELE","20221018",,"http://dati.camera.it/ocd/gruppoParlamentare.rdf/gr4136","PARTITO DEMOCRATICO - ITALIA DEMOCRATICA E PROGRESSISTA (18.10.2022)",
"http://dati.camera.it/ocd/deputato.rdf/d300497_19","BARELLI","PAOLO","20221018",,"http://dati.camera.it/ocd/gruppoParlamentare.rdf/gr4134","FORZA ITALIA - BERLUSCONI PRESIDENTE - PPE (18.10.2022)",
"http://dati.camera.it/ocd/deputato.rdf/d308001_19","BARZOTTI","VALENTINA","20221018",,"http://dati.camera.it/ocd/gruppoParlamentare.rdf/gr4131","MOVIMENTO 5 STELLE (18.10.2022)",
"http://dati.camera.it/ocd/deputato.rdf/d307456_19","BATTILOCCHIO","ALESSANDRO","20221018",,"http://dati.camera.it/ocd/gruppoParlamentare.rdf/gr4134","FORZA ITALIA - BERLUSCONI PRESIDENTE - PPE (18.10.2022)",
"http://dati.camera.it/ocd/deputato.rdf/d307752_19","BATTISTONI","FRANCESCO","20221018",,"http://dati.camera.it/ocd/gruppoParlamentare.rdf/gr4134","FORZA ITALIA - BERLUSCONI PRESIDENTE - PPE (18.10.2022)",
"http://dati.camera.it/ocd/deputato.rdf/d308830_19","BELLOMO","DAVIDE","20221018","20250321","http://dati.camera.it/ocd/gruppoParlamentare.rdf/gr4132","LEGA - SALVINI PREMIER (18.10.2022-21.03.2025)",
"http://dati.camera.it/ocd/deputato.rdf/d308830_19","BELLOMO","DAVIDE","20250321",,"http://dati.camera.it/ocd/gruppoParlamentare.rdf/gr4134","FORZA ITALIA - BERLUSCONI PRESIDENTE - PPE (21.03.2025)",
"http://dati.camera.it/ocd/deputato.rdf/d307426_19","BELLUCCI","MARIA TERESA","20221018",,"http://dati.camera.it/ocd/gruppoParlamentare.rdf/gr4133","FRATELLI D'ITALIA (18.10.2022)",
"http://dati.camera.it/ocd/deputato.rdf/d307604_19","BENIGNI","STEFANO","20221018",,"http://dati.camera.it/ocd/gruppoParlamentare.rdf/gr4134","FORZA ITALIA - BERLUSCONI PRESIDENTE - PPE (18.10.2022)",
"http://dati.camera.it/ocd/deputato.rdf/d308762_19","BENVENUTI GOSTOLI","STEFANO MARIA","20221018",,"http://dati.camera.it/ocd/gruppoParlamentare.rdf/gr4133","FRATELLI D'ITALIA (18.10.2022)",
"http://dati.camera.it/ocd/deputato.rdf/d307471_19","BENVENUTO","ALESSANDRO MANUEL","20221018",,"http://dati.camera.it/ocd/gruppoParlamentare.rdf/gr4132","LEGA - SALVINI PREMIER (18.10.2022)",
"http://dati.camera.it/ocd/deputato.rdf/d308913_19","BENZONI","FABRIZIO","20221018",,"http://dati.camera.it/ocd/gruppoParlamentare.rdf/gr4135","AZIONE - ITALIA VIVA - RENEW EUROPE (18.10.2022)",
"http://dati.camera.it/ocd/deputato.rdf/d308928_19","BERGAMINI","DAVIDE","20221018","20260107","http://dati.camera.it/ocd/gruppoParlamentare.rdf/gr4132","LEGA - SALVINI PREMIER (18.10.2022-07.01.2026)",
"http://dati.camera.it/ocd/deputato.rdf/d308928_19","BERGAMINI","DAVIDE","20260107","20260120","http://dati.camera.it/ocd/gruppoParlamentare.rdf/gr4111","MISTO (07.01.2026-20.01.2026)",
"http://dati.camera.it/ocd/deputato.rdf/d308928_19","BERGAMINI","DAVIDE","20260120","20260608","http://dati.camera.it/ocd/gruppoParlamentare.rdf/gr4134","FORZA ITALIA - BERLUSCONI PRESIDENTE - PPE (20.01.2026-08.06.2026)",
"http://dati.camera.it/ocd/deputato.rdf/d308928_19","BERGAMINI","DAVIDE","20260608",,"http://dati.camera.it/ocd/gruppoParlamentare.rdf/gr4111","MISTO (08.06.2026)",
"http://dati.camera.it/ocd/deputato.rdf/d302867_19","BERGAMINI","DEBORAH","20221018",,"http://dati.camera.it/ocd/gruppoParlamentare.rdf/gr4134","FORZA ITALIA - BERLUSCONI PRESIDENTE - PPE (18.10.2022)",
"http://dati.camera.it/ocd/deputato.rdf/d308815_19","BERRUTO","MAURO","20221018",,"http://dati.camera.it/ocd/gruppoParlamentare.rdf/gr4136","PARTITO DEMOCRATICO - ITALIA DEMOCRATICA E PROGRESSISTA (18.10.2022)",
"http://dati.camera.it/ocd/deputato.rdf/d308790_19","BICCHIELLI","GIUSEPPE","20221018","20221027","http://dati.camera.it/ocd/gruppoParlamentare.rdf/gr4111","MISTO (18.10.2022-27.10.2022)",
"http://dati.camera.it/ocd/deputato.rdf/d308790_19","BICCHIELLI","GIUSEPPE","20221027","20250916","http://dati.camera.it/ocd/gruppoParlamentare.rdf/gr4152","NOI MODERATI (27.10.2022-16.09.2025)",
"http://dati.camera.it/ocd/deputato.rdf/d308790_19","BICCHIELLI","GIUSEPPE","20250916",,"http://dati.camera.it/ocd/gruppoParlamentare.rdf/gr4134","FORZA ITALIA - BERLUSCONI PRESIDENTE - PPE (16.09.2025)",
"http://dati.camera.it/ocd/deputato.rdf/d307298_19","BIGNAMI","GALEAZZO","20221018",,"http://dati.camera.it/ocd/gruppoParlamentare.rdf/gr4133","FRATELLI D'ITALIA (18.10.2022)",
"http://dati.camera.it/ocd/deputato.rdf/d307151_19","BILLI","SIMONE","20221018",,"http://dati.camera.it/ocd/gruppoParlamentare.rdf/gr4132","LEGA - SALVINI PREMIER (18.10.2022)",
"http://dati.camera.it/ocd/deputato.rdf/d307689_19","BISA","INGRID","20221018",,"http://dati.camera.it/ocd/gruppoParlamentare.rdf/gr4132","LEGA - SALVINI PREMIER (18.10.2022)",
"http://dati.camera.it/ocd/deputato.rdf/d302824_19","BITONCI","MASSIMO","20221018","20251228","http://dati.camera.it/ocd/gruppoParlamentare.rdf/gr4132","LEGA - SALVINI PREMIER (18.10.2022-28.12.2025)",
"http://dati.camera.it/ocd/deputato.rdf/d308801_19","BOF","GIANANGELO","20221018","20260608","http://dati.camera.it/ocd/gruppoParlamentare.rdf/gr4132","LEGA - SALVINI PREMIER (18.10.2022-08.06.2026)",
"http://dati.camera.it/ocd/deputato.rdf/d308801_19","BOF","GIANANGELO","20260608",,"http://dati.camera.it/ocd/gruppoParlamentare.rdf/gr4111","MISTO (08.06.2026)",
"http://dati.camera.it/ocd/deputato.rdf/d305757_19","BOLDRINI","LAURA","20221018",,"http://dati.camera.it/ocd/gruppoParlamentare.rdf/gr4136","PARTITO DEMOCRATICO - ITALIA DEMOCRATICA E PROGRESSISTA (18.10.2022)",
"http://dati.camera.it/ocd/deputato.rdf/d305549_19","BONAFE'","SIMONA","20221018",,"http://dati.camera.it/ocd/gruppoParlamentare.rdf/gr4136","PARTITO DEMOCRATICO - ITALIA DEMOCRATICA E PROGRESSISTA (18.10.2022)",
"http://dati.camera.it/ocd/deputato.rdf/d302080_19","BONELLI","ANGELO","20221018","20221027","http://dati.camera.it/ocd/gruppoParlamentare.rdf/gr4111","MISTO (18.10.2022-27.10.2022)",
"http://dati.camera.it/ocd/deputato.rdf/d302080_19","BONELLI","ANGELO","20221027",,"http://dati.camera.it/ocd/gruppoParlamentare.rdf/gr4154","ALLEANZA VERDI E SINISTRA (27.10.2022)",
"http://dati.camera.it/ocd/deputato.rdf/d308244_19","BONETTI","ELENA","20221018",,"http://dati.camera.it/ocd/gruppoParlamentare.rdf/gr4135","AZIONE - ITALIA VIVA - RENEW EUROPE (18.10.2022)",
"http://dati.camera.it/ocd/deputato.rdf/d306003_19","BONIFAZI","FRANCESCO","20221018","20231120","http://dati.camera.it/ocd/gruppoParlamentare.rdf/gr4135","AZIONE - ITALIA VIVA - RENEW EUROPE (18.10.2022-20.11.2023)",
"http://dati.camera.it/ocd/deputato.rdf/d306003_19","BONIFAZI","FRANCESCO","20231120",,"http://dati.camera.it/ocd/gruppoParlamentare.rdf/gr4211","ITALIA VIVA-IL CENTRO-RENEW EUROPE (20.11.2023)",
"http://dati.camera.it/ocd/deputato.rdf/d307601_19","BORDONALI","SIMONA","20221018",,"http://dati.camera.it/ocd/gruppoParlamentare.rdf/gr4132","LEGA - SALVINI PREMIER (18.10.2022)",
"http://dati.camera.it/ocd/deputato.rdf/d308857_19","BORRELLI","FRANCESCO EMILIO","20221018","20221027","http://dati.camera.it/ocd/gruppoParlamentare.rdf/gr4111","MISTO (18.10.2022-27.10.2022)",
"http://dati.camera.it/ocd/deputato.rdf/d308857_19","BORRELLI","FRANCESCO EMILIO","20221027",,"http://dati.camera.it/ocd/gruppoParlamentare.rdf/gr4154","ALLEANZA VERDI E SINISTRA (27.10.2022)",
"http://dati.camera.it/ocd/deputato.rdf/d309161_19","BOSCAINI","MARIA PAOLA","20240709",,"http://dati.camera.it/ocd/gruppoParlamentare.rdf/gr4134","FORZA ITALIA - BERLUSCONI PRESIDENTE - PPE (09.07.2024)",
"http://dati.camera.it/ocd/deputato.rdf/d306160_19","BOSCHI","MARIA ELENA","20221018","20231120","http://dati.camera.it/ocd/gruppoParlamentare.rdf/gr4135","AZIONE - ITALIA VIVA - RENEW EUROPE (18.10.2022-20.11.2023)",
"http://dati.camera.it/ocd/deputato.rdf/d306160_19","BOSCHI","MARIA ELENA","20231120",,"http://dati.camera.it/ocd/gruppoParlamentare.rdf/gr4211","ITALIA VIVA-IL CENTRO-RENEW EUROPE (20.11.2023)",
"http://dati.camera.it/ocd/deputato.rdf/d32460_19","BOSSI","UMBERTO","20221018","20260319","http://dati.camera.it/ocd/gruppoParlamentare.rdf/gr4132","LEGA - SALVINI PREMIER (18.10.2022-19.03.2026)",
"http://dati.camera.it/ocd/deputato.rdf/d302754_19","BRAGA","CHIARA","20221018",,"http://dati.camera.it/ocd/gruppoParlamentare.rdf/gr4136","PARTITO DEMOCRATICO - ITALIA DEMOCRATICA E PROGRESSISTA (18.10.2022)",
"http://dati.camera.it/ocd/deputato.rdf/d302838_19","BRAMBILLA","MICHELA VITTORIA","20221018","20230302","http://dati.camera.it/ocd/gruppoParlamentare.rdf/gr4111","MISTO (18.10.2022-02.03.2023)",
"http://dati.camera.it/ocd/deputato.rdf/d302838_19","BRAMBILLA","MICHELA VITTORIA","20230302",,"http://dati.camera.it/ocd/gruppoParlamentare.rdf/gr4152","NOI MODERATI (NOI CON L'ITALIA, CORAGGIO ITALIA, UDC, ITALIA AL CENTRO)-MAIE (02.03.2023)",
"http://dati.camera.it/ocd/deputato.rdf/d307193_19","BRUNO","RAFFAELE","20221018",,"http://dati.camera.it/ocd/gruppoParlamentare.rdf/gr4131","MOVIMENTO 5 STELLE (18.10.2022)",
"http://dati.camera.it/ocd/deputato.rdf/d307762_19","BRUZZONE","FRANCESCO","20221018",,"http://dati.camera.it/ocd/gruppoParlamentare.rdf/gr4132","LEGA - SALVINI PREMIER (18.10.2022)",
"http://dati.camera.it/ocd/deputato.rdf/d308937_19","BUONGUERRIERI","ALICE","20221018",,"http://dati.camera.it/ocd/gruppoParlamentare.rdf/gr4133","FRATELLI D'ITALIA (18.10.2022)",
"http://dati.camera.it/ocd/deputato.rdf/d308933_19","CAFIERO DE RAHO","FEDERICO","20221018",,"http://dati.camera.it/ocd/gruppoParlamentare.rdf/gr4131","MOVIMENTO 5 STELLE (18.10.2022)",
"http://dati.camera.it/ocd/deputato.rdf/d307162_19","CAIATA","SALVATORE","20221018",,"http://dati.camera.it/ocd/gruppoParlamentare.rdf/gr4133","FRATELLI D'ITALIA (18.10.2022)",
"http://dati.camera.it/ocd/deputato.rdf/d308766_19","CALDERONE","TOMMASO ANTONINO","20221018","20260921","http://dati.camera.it/ocd/gruppoParlamentare.rdf/gr4134","FORZA ITALIA - BERLUSCONI PRESIDENTE - PPE (18.10.2022-21.09.2026)",
"http://dati.camera.it/ocd/deputato.rdf/d308766_19","CALDERONE","TOMMASO ANTONINO","20260921",,"http://dati.camera.it/ocd/gruppoParlamentare.rdf/gr4111","MISTO (21.09.2026)",
"http://dati.camera.it/ocd/deputato.rdf/d308794_19","CALOVINI","GIANGIACOMO","20221018",,"http://dati.camera.it/ocd/gruppoParlamentare.rdf/gr4133","FRATELLI D'ITALIA (18.10.2022)",
"http://dati.camera.it/ocd/deputato.rdf/d306349_19","CANDIANI","STEFANO","20221018",,"http://dati.camera.it/ocd/gruppoParlamentare.rdf/gr4132","LEGA - SALVINI PREMIER (18.10.2022)",
"http://dati.camera.it/ocd/deputato.rdf/d308786_19","CANGIANO","GEROLAMO","20221018",,"http://dati.camera.it/ocd/gruppoParlamentare.rdf/gr4133","FRATELLI D'ITALIA (18.10.2022)",
"http://dati.camera.it/ocd/deputato.rdf/d308765_19","CANNATA","GIOVANNI LUCA","20221018",,"http://dati.camera.it/ocd/gruppoParlamentare.rdf/gr4133","FRATELLI D'ITALIA (18.10.2022)",
"http://dati.camera.it/ocd/deputato.rdf/d307568_19","CANNIZZARO","FRANCESCO","20221018","20260722","http://dati.camera.it/ocd/gruppoParlamentare.rdf/gr4134","FORZA ITALIA - BERLUSCONI PRESIDENTE - PPE (18.10.2022-22.07.2026)",
"http://dati.camera.it/ocd/deputato.rdf/d307416_19","CANTONE","LUCIANO","20221018",,"http://dati.camera.it/ocd/gruppoParlamentare.rdf/gr4131","MOVIMENTO 5 STELLE (18.10.2022)",
"http://dati.camera.it/ocd/deputato.rdf/d307420_19","CAPARVI","VIRGINIO","20221018",,"http://dati.camera.it/ocd/gruppoParlamentare.rdf/gr4132","LEGA - SALVINI PREMIER (18.10.2022)",
"http://dati.camera.it/ocd/deputato.rdf/d307215_19","CAPPELLACCI","UGO","20221018",,"http://dati.camera.it/ocd/gruppoParlamentare.rdf/gr4134","FORZA ITALIA - BERLUSCONI PRESIDENTE - PPE (18.10.2022)",
"http://dati.camera.it/ocd/deputato.rdf/d306352_19","CAPPELLETTI","ENRICO","20221018",,"http://dati.camera.it/ocd/gruppoParlamentare.rdf/gr4131","MOVIMENTO 5 STELLE (18.10.2022)",
"http://dati.camera.it/ocd/deputato.rdf/d308819_19","CARAMANNA","GIANLUCA","20221018",,"http://dati.camera.it/ocd/gruppoParlamentare.rdf/gr4133","FRATELLI D'ITALIA (18.10.2022)",
"http://dati.camera.it/ocd/deputato.rdf/d308854_19","CARAMIELLO","ALESSANDRO","20221018",,"http://dati.camera.it/ocd/gruppoParlamentare.rdf/gr4131","MOVIMENTO 5 STELLE (18.10.2022)",
"http://dati.camera.it/ocd/deputato.rdf/d307161_19","CARE'","NICOLA","20221018",,"http://dati.camera.it/ocd/gruppoParlamentare.rdf/gr4136","PARTITO DEMOCRATICO - ITALIA DEMOCRATICA E PROGRESSISTA (18.10.2022)",
"http://dati.camera.it/ocd/deputato.rdf/d307573_19","CARETTA","MARIA CRISTINA","20221018",,"http://dati.camera.it/ocd/gruppoParlamentare.rdf/gr4133","FRATELLI D'ITALIA (18.10.2022)",
"http://dati.camera.it/ocd/deputato.rdf/d301531_19","CARFAGNA","MARIA ROSARIA","20221018","20240924","http://dati.camera.it/ocd/gruppoParlamentare.rdf/gr4135","AZIONE - ITALIA VIVA - RENEW EUROPE (18.10.2022-24.09.2024)",
"http://dati.camera.it/ocd/deputato.rdf/d301531_19","CARFAGNA","MARIA ROSARIA","20240924","20241030","http://dati.camera.it/ocd/gruppoParlamentare.rdf/gr4111","MISTO (24.09.2024-30.10.2024)",
"http://dati.camera.it/ocd/deputato.rdf/d301531_19","CARFAGNA","MARIA ROSARIA","20241030",,"http://dati.camera.it/ocd/gruppoParlamentare.rdf/gr4152","NOI MODERATI (NOI CON L'ITALIA, CORAGGIO ITALIA, UDC E ITALIA AL CENTRO)-MAIE-CENTRO POPOLARE (30.10.2024)",
"http://dati.camera.it/ocd/deputato.rdf/d308763_19","CARLONI","MIRCO","20221018",,"http://dati.camera.it/ocd/gruppoParlamentare.rdf/gr4132","LEGA - SALVINI PREMIER (18.10.2022)",
"http://dati.camera.it/ocd/deputato.rdf/d308820_19","CARMINA","IDA","20221018",,"http://dati.camera.it/ocd/gruppoParlamentare.rdf/gr4131","MOVIMENTO 5 STELLE (18.10.2022)",
"http://dati.camera.it/ocd/deputato.rdf/d308807_19","CAROPPO","ANDREA","20221018",,"http://dati.camera.it/ocd/gruppoParlamentare.rdf/gr4134","FORZA ITALIA - BERLUSCONI PRESIDENTE - PPE (18.10.2022)",
"http://dati.camera.it/ocd/deputato.rdf/d308844_19","CAROTENUTO","DARIO","20221018",,"http://dati.camera.it/ocd/gruppoParlamentare.rdf/gr4131","MOVIMENTO 5 STELLE (18.10.2022)",
"http://dati.camera.it/ocd/deputato.rdf/d308900_19","CARRA'","ANASTASIO","20221018",,"http://dati.camera.it/ocd/gruppoParlamentare.rdf/gr4132","LEGA - SALVINI PREMIER (18.10.2022)",
"http://dati.camera.it/ocd/deputato.rdf/d308793_19","CASASCO","MAURIZIO","20221018",,"http://dati.camera.it/ocd/gruppoParlamentare.rdf/gr4134","FORZA ITALIA - BERLUSCONI PRESIDENTE - PPE (18.10.2022)",
"http://dati.camera.it/ocd/deputato.rdf/d308840_19","CASO","ANTONIO","20221018",,"http://dati.camera.it/ocd/gruppoParlamentare.rdf/gr4131","MOVIMENTO 5 STELLE (18.10.2022)",
"http://dati.camera.it/ocd/deputato.rdf/d306158_19","CASTIGLIONE","GIUSEPPE","20221018","20240514","http://dati.camera.it/ocd/gruppoParlamentare.rdf/gr4135","AZIONE - ITALIA VIVA - RENEW EUROPE (18.10.2022-14.05.2024)",
"http://dati.camera.it/ocd/deputato.rdf/d306158_19","CASTIGLIONE","GIUSEPPE","20240514",,"http://dati.camera.it/ocd/gruppoParlamentare.rdf/gr4134","FORZA ITALIA - BERLUSCONI PRESIDENTE - PPE (14.05.2024)",
"http://dati.camera.it/ocd/deputato.rdf/d308600_19","CASU","ANDREA","20221018",,"http://dati.camera.it/ocd/gruppoParlamentare.rdf/gr4136","PARTITO DEMOCRATICO - ITALIA DEMOCRATICA E PROGRESSISTA (18.10.2022)",
"http://dati.camera.it/ocd/deputato.rdf/d307657_19","CATTANEO","ALESSANDRO","20221018",,"http://dati.camera.it/ocd/gruppoParlamentare.rdf/gr4134","FORZA ITALIA - BERLUSCONI PRESIDENTE - PPE (18.10.2022)",
"http://dati.camera.it/ocd/deputato.rdf/d307716_19","CATTOI","VANESSA","20221018",,"http://dati.camera.it/ocd/gruppoParlamentare.rdf/gr4132","LEGA - SALVINI PREMIER (18.10.2022)",
"http://dati.camera.it/ocd/deputato.rdf/d307285_19","CAVANDOLI","LAURA","20221018",,"http://dati.camera.it/ocd/gruppoParlamentare.rdf/gr4132","LEGA - SALVINI PREMIER (18.10.2022)",
"http://dati.camera.it/ocd/deputato.rdf/d308785_19","CAVO","ILARIA","20221018","20221027","http://dati.camera.it/ocd/gruppoParlamentare.rdf/gr4111","MISTO (18.10.2022-27.10.2022)",
"http://dati.camera.it/ocd/deputato.rdf/d308785_19","CAVO","ILARIA","20221027",,"http://dati.camera.it/ocd/gruppoParlamentare.rdf/gr4152","NOI MODERATI (27.10.2022)",
"http://dati.camera.it/ocd/deputato.rdf/d307680_19","CECCHETTI","FABRIZIO","20221018",,"http://dati.camera.it/ocd/gruppoParlamentare.rdf/gr4132","LEGA - SALVINI PREMIER (18.10.2022)",
"http://dati.camera.it/ocd/deputato.rdf/d307632_19","CENTEMERO","GIULIO","20221018",,"http://dati.camera.it/ocd/gruppoParlamentare.rdf/gr4132","LEGA - SALVINI PREMIER (18.10.2022)",
"http://dati.camera.it/ocd/deputato.rdf/d309321_19","CENTENARO","GIULIO","20260326",,"http://dati.camera.it/ocd/gruppoParlamentare.rdf/gr4132","LEGA - SALVINI PREMIER (26.03.2026)",
"http://dati.camera.it/ocd/deputato.rdf/d308874_19","CERRETO","MARCO","20221018",,"http://dati.camera.it/ocd/gruppoParlamentare.rdf/gr4133","FRATELLI D'ITALIA (18.10.2022)",
"http://dati.camera.it/ocd/deputato.rdf/d301439_19","CESA","LORENZO","20221018","20221027","http://dati.camera.it/ocd/gruppoParlamentare.rdf/gr4111","MISTO (18.10.2022-27.10.2022)",
"http://dati.camera.it/ocd/deputato.rdf/d301439_19","CESA","LORENZO","20221027","20240418","http://dati.camera.it/ocd/gruppoParlamentare.rdf/gr4152","NOI MODERATI (27.10.2022-18.04.2024)",
"http://dati.camera.it/ocd/deputato.rdf/d301439_19","CESA","LORENZO","20240418",,"http://dati.camera.it/ocd/gruppoParlamentare.rdf/gr4111","MISTO (18.04.2024)",
"http://dati.camera.it/ocd/deputato.rdf/d308858_19","CHERCHI","SUSANNA","20221018",,"http://dati.camera.it/ocd/gruppoParlamentare.rdf/gr4131","MOVIMENTO 5 STELLE (18.10.2022)",
"http://dati.camera.it/ocd/deputato.rdf/d308915_19","CHIESA","PAOLA MARIA","20221018",,"http://dati.camera.it/ocd/gruppoParlamentare.rdf/gr4133","FRATELLI D'ITALIA (18.10.2022)",
"http://dati.camera.it/ocd/deputato.rdf/d307511_19","CIABURRO","MONICA","20221018",,"http://dati.camera.it/ocd/gruppoParlamentare.rdf/gr4133","FRATELLI D'ITALIA (18.10.2022)",
"http://dati.camera.it/ocd/deputato.rdf/d308764_19","CIANCITTO","FRANCESCO MARIA SALVATORE","20221018",,"http://dati.camera.it/ocd/gruppoParlamentare.rdf/gr4133","FRATELLI D'ITALIA (18.10.2022)",
"http://dati.camera.it/ocd/deputato.rdf/d308835_19","CIANI","PAOLO","20221018",,"http://dati.camera.it/ocd/gruppoParlamentare.rdf/gr4136","PARTITO DEMOCRATICO - ITALIA DEMOCRATICA E PROGRESSISTA (18.10.2022)",
"http://dati.camera.it/ocd/deputato.rdf/d35980_19","CIOCCHETTI","LUCIANO","20221018",,"http://dati.camera.it/ocd/gruppoParlamentare.rdf/gr4133","FRATELLI D'ITALIA (18.10.2022)",
"http://dati.camera.it/ocd/deputato.rdf/d300319_19","CIRIELLI","EDMONDO","20221018",,"http://dati.camera.it/ocd/gruppoParlamentare.rdf/gr4133","FRATELLI D'ITALIA (18.10.2022)",
"http://dati.camera.it/ocd/deputato.rdf/d307688_19","COIN","DIMITRI","20221018",,"http://dati.camera.it/ocd/gruppoParlamentare.rdf/gr4132","LEGA - SALVINI PREMIER (18.10.2022)",
"http://dati.camera.it/ocd/deputato.rdf/d308926_19","COLOMBO","BEATRIZ","20221018",,"http://dati.camera.it/ocd/gruppoParlamentare.rdf/gr4133","FRATELLI D'ITALIA (18.10.2022)",
"http://dati.camera.it/ocd/deputato.rdf/d308917_19","COLOSIMO","CHIARA","20221018",,"http://dati.camera.it/ocd/gruppoParlamentare.rdf/gr4133","FRATELLI D'ITALIA (18.10.2022)",
"http://dati.camera.it/ocd/deputato.rdf/d307603_19","COLUCCI","ALESSANDRO","20221018","20221027","http://dati.camera.it/ocd/gruppoParlamentare.rdf/gr4111","MISTO (18.10.2022-27.10.2022)",
"http://dati.camera.it/ocd/deputato.rdf/d307603_19","COLUCCI","ALESSANDRO","20221027",,"http://dati.camera.it/ocd/gruppoParlamentare.rdf/gr4152","NOI MODERATI (27.10.2022)",
"http://dati.camera.it/ocd/deputato.rdf/d308841_19","COLUCCI","ALFONSO","20221018",,"http://dati.camera.it/ocd/gruppoParlamentare.rdf/gr4131","MOVIMENTO 5 STELLE (18.10.2022)",
"http://dati.camera.it/ocd/deputato.rdf/d302764_19","COMAROLI","SILVANA ANDREINA","20221018",,"http://dati.camera.it/ocd/gruppoParlamentare.rdf/gr4132","LEGA - SALVINI PREMIER (18.10.2022)",
"http://dati.camera.it/ocd/deputato.rdf/d308826_19","COMBA","FABRIZIO","20221018",,"http://dati.camera.it/ocd/gruppoParlamentare.rdf/gr4133","FRATELLI D'ITALIA (18.10.2022)",
"http://dati.camera.it/ocd/deputato.rdf/d308833_19","CONGEDO","SAVERIO","20221018",,"http://dati.camera.it/ocd/gruppoParlamentare.rdf/gr4133","FRATELLI D'ITALIA (18.10.2022)",
"http://dati.camera.it/ocd/deputato.rdf/d307926_19","CONTE","GIUSEPPE","20221018",,"http://dati.camera.it/ocd/gruppoParlamentare.rdf/gr4131","MOVIMENTO 5 STELLE (18.10.2022)",
"http://dati.camera.it/ocd/deputato.rdf/d308796_19","COPPO","MARCELLO","20221018",,"http://dati.camera.it/ocd/gruppoParlamentare.rdf/gr4133","FRATELLI D'ITALIA (18.10.2022)",
"http://dati.camera.it/ocd/deputato.rdf/d307580_19","CORTELAZZO","PIERGIORGIO","20221018",,"http://dati.camera.it/ocd/gruppoParlamentare.rdf/gr4134","FORZA ITALIA - BERLUSCONI PRESIDENTE - PPE (18.10.2022)",
"http://dati.camera.it/ocd/deputato.rdf/d301541_19","COSTA","ENRICO","20221018","20240916","http://dati.camera.it/ocd/gruppoParlamentare.rdf/gr4135","AZIONE - ITALIA VIVA - RENEW EUROPE (18.10.2022-16.09.2024)",
"http://dati.camera.it/ocd/deputato.rdf/d301541_19","COSTA","ENRICO","20240916",,"http://dati.camera.it/ocd/gruppoParlamentare.rdf/gr4134","FORZA ITALIA - BERLUSCONI PRESIDENTE - PPE (16.09.2024)",
"http://dati.camera.it/ocd/deputato.rdf/d307922_19","COSTA","SERGIO","20221018",,"http://dati.camera.it/ocd/gruppoParlamentare.rdf/gr4131","MOVIMENTO 5 STELLE (18.10.2022)",
"http://dati.camera.it/ocd/deputato.rdf/d307639_19","CRIPPA","ANDREA","20221018",,"http://dati.camera.it/ocd/gruppoParlamentare.rdf/gr4132","LEGA - SALVINI PREMIER (18.10.2022)",
"http://dati.camera.it/ocd/deputato.rdf/d302422_19","CUPERLO","GIOVANNI","20221018",,"http://dati.camera.it/ocd/gruppoParlamentare.rdf/gr4136","PARTITO DEMOCRATICO - ITALIA DEMOCRATICA E PROGRESSISTA (18.10.2022)",
"http://dati.camera.it/ocd/deputato.rdf/d308804_19","CURTI","AUGUSTO","20221018",,"http://dati.camera.it/ocd/gruppoParlamentare.rdf/gr4136","PARTITO DEMOCRATICO - ITALIA DEMOCRATICA E PROGRESSISTA (18.10.2022)",
"http://dati.camera.it/ocd/deputato.rdf/d308875_19","D'ALESSIO","ANTONIO","20221018",,"http://dati.camera.it/ocd/gruppoParlamentare.rdf/gr4135","AZIONE - ITALIA VIVA - RENEW EUROPE (18.10.2022)",
"http://dati.camera.it/ocd/deputato.rdf/d307782_19","D'ALFONSO","LUCIANO","20221018",,"http://dati.camera.it/ocd/gruppoParlamentare.rdf/gr4136","PARTITO DEMOCRATICO - ITALIA DEMOCRATICA E PROGRESSISTA (18.10.2022)",
"http://dati.camera.it/ocd/deputato.rdf/d307312_19","D'ATTIS","MAURO","20221018",,"http://dati.camera.it/ocd/gruppoParlamentare.rdf/gr4134","FORZA ITALIA - BERLUSCONI PRESIDENTE - PPE (18.10.2022)",
"http://dati.camera.it/ocd/deputato.rdf/d307388_19","D'ORSO","VALENTINA","20221018",,"http://dati.camera.it/ocd/gruppoParlamentare.rdf/gr4131","MOVIMENTO 5 STELLE (18.10.2022)",
"http://dati.camera.it/ocd/deputato.rdf/d308829_19","DALLA CHIESA","RITA","20221018",,"http://dati.camera.it/ocd/gruppoParlamentare.rdf/gr4134","FORZA ITALIA - BERLUSCONI PRESIDENTE - PPE (18.10.2022)",
"http://dati.camera.it/ocd/deputato.rdf/d307683_19","DARA","ANDREA","20221018",,"http://dati.camera.it/ocd/gruppoParlamentare.rdf/gr4132","LEGA - SALVINI PREMIER (18.10.2022)",
"http://dati.camera.it/ocd/deputato.rdf/d307918_19","DE BERTOLDI","ANDREA","20221018","20240812","http://dati.camera.it/ocd/gruppoParlamentare.rdf/gr4133","FRATELLI D'ITALIA (18.10.2022-12.08.2024)",
"http://dati.camera.it/ocd/deputato.rdf/d307918_19","DE BERTOLDI","ANDREA","20240812","20250205","http://dati.camera.it/ocd/gruppoParlamentare.rdf/gr4111","MISTO (12.08.2024-05.02.2025)",
"http://dati.camera.it/ocd/deputato.rdf/d307918_19","DE BERTOLDI","ANDREA","20250205",,"http://dati.camera.it/ocd/gruppoParlamentare.rdf/gr4132","LEGA - SALVINI PREMIER (05.02.2025)",
"http://dati.camera.it/ocd/deputato.rdf/d200291_19","DE CORATO","RICCARDO","20221018",,"http://dati.camera.it/ocd/gruppoParlamentare.rdf/gr4133","FRATELLI D'ITALIA (18.10.2022)",
"http://dati.camera.it/ocd/deputato.rdf/d307561_19","DE LUCA","PIERO","20221018",,"http://dati.camera.it/ocd/gruppoParlamentare.rdf/gr4136","PARTITO DEMOCRATICO - ITALIA DEMOCRATICA E PROGRESSISTA (18.10.2022)",
"http://dati.camera.it/ocd/deputato.rdf/d305698_19","DE MARIA","ANDREA","20221018",,"http://dati.camera.it/ocd/gruppoParlamentare.rdf/gr4136","PARTITO DEMOCRATICO - ITALIA DEMOCRATICA E PROGRESSISTA (18.10.2022)",
"http://dati.camera.it/ocd/deputato.rdf/d302856_19","DE MICHELI","PAOLA","20221018",,"http://dati.camera.it/ocd/gruppoParlamentare.rdf/gr4136","PARTITO DEMOCRATICO - ITALIA DEMOCRATICA E PROGRESSISTA (18.10.2022)",
"http://dati.camera.it/ocd/deputato.rdf/d306379_19","DE MONTE","ISABELLA","20221018","20231120","http://dati.camera.it/ocd/gruppoParlamentare.rdf/gr4135","AZIONE - ITALIA VIVA - RENEW EUROPE (18.10.2022-20.11.2023)",
"http://dati.camera.it/ocd/deputato.rdf/d306379_19","DE MONTE","ISABELLA","20231120","20240930","http://dati.camera.it/ocd/gruppoParlamentare.rdf/gr4211","ITALIA VIVA-IL CENTRO-RENEW EUROPE (20.11.2023-30.09.2024)",
"http://dati.camera.it/ocd/deputato.rdf/d306379_19","DE MONTE","ISABELLA","20240930",,"http://dati.camera.it/ocd/gruppoParlamentare.rdf/gr4134","FORZA ITALIA - BERLUSCONI PRESIDENTE - PPE (30.09.2024)",
"http://dati.camera.it/ocd/deputato.rdf/d308806_19","DE PALMA","VITO","20221018",,"http://dati.camera.it/ocd/gruppoParlamentare.rdf/gr4134","FORZA ITALIA - BERLUSCONI PRESIDENTE - PPE (18.10.2022)",
"http://dati.camera.it/ocd/deputato.rdf/d307219_19","DEIDDA","SALVATORE","20221018",,"http://dati.camera.it/ocd/gruppoParlamentare.rdf/gr4133","FRATELLI D'ITALIA (18.10.2022)",
"http://dati.camera.it/ocd/deputato.rdf/d306382_19","DEL BARBA","MAURO","20221018","20231120","http://dati.camera.it/ocd/gruppoParlamentare.rdf/gr4135","AZIONE - ITALIA VIVA - RENEW EUROPE (18.10.2022-20.11.2023)",
"http://dati.camera.it/ocd/deputato.rdf/d306382_19","DEL BARBA","MAURO","20231120",,"http://dati.camera.it/ocd/gruppoParlamentare.rdf/gr4211","ITALIA VIVA-IL CENTRO-RENEW EUROPE (20.11.2023)",
"http://dati.camera.it/ocd/deputato.rdf/d307790_19","DELL'OLIO","GIANMAURO","20221018",,"http://dati.camera.it/ocd/gruppoParlamentare.rdf/gr4131","MOVIMENTO 5 STELLE (18.10.2022)",
"http://dati.camera.it/ocd/deputato.rdf/d301577_19","DELLA VEDOVA","BENEDETTO","20221018",,"http://dati.camera.it/ocd/gruppoParlamentare.rdf/gr4111","MISTO (18.10.2022)",
"http://dati.camera.it/ocd/deputato.rdf/d307479_19","DELMASTRO DELLE VEDOVE","ANDREA","20221018",,"http://dati.camera.it/ocd/gruppoParlamentare.rdf/gr4133","FRATELLI D'ITALIA (18.10.2022)",
"http://dati.camera.it/ocd/deputato.rdf/d308843_19","DI BIASE","MICHELA","20221018",,"http://dati.camera.it/ocd/gruppoParlamentare.rdf/gr4136","PARTITO DEMOCRATICO - ITALIA DEMOCRATICA E PROGRESSISTA (18.10.2022)",
"http://dati.camera.it/ocd/deputato.rdf/d308784_19","DI GIUSEPPE","ANDREA","20221018",,"http://dati.camera.it/ocd/gruppoParlamentare.rdf/gr4133","FRATELLI D'ITALIA (18.10.2022)",
"http://dati.camera.it/ocd/deputato.rdf/d307210_19","DI LAURO","CARMELA","20221018",,"http://dati.camera.it/ocd/gruppoParlamentare.rdf/gr4131","MOVIMENTO 5 STELLE (18.10.2022)",
"http://dati.camera.it/ocd/deputato.rdf/d308888_19","DI MAGGIO","GRAZIA","20221018",,"http://dati.camera.it/ocd/gruppoParlamentare.rdf/gr4133","FRATELLI D'ITALIA (18.10.2022)",
"http://dati.camera.it/ocd/deputato.rdf/d308808_19","DI MATTINA","SALVATORE MARCELLO","20221018",,"http://dati.camera.it/ocd/gruppoParlamentare.rdf/gr4132","LEGA - SALVINI PREMIER (18.10.2022)",
"http://dati.camera.it/ocd/deputato.rdf/d309320_19","DI RUBBA","ALBERTO","20260326",,"http://dati.camera.it/ocd/gruppoParlamentare.rdf/gr4132","LEGA - SALVINI PREMIER (26.03.2026)",
"http://dati.camera.it/ocd/deputato.rdf/d308783_19","DI SANZO","CHRISTIAN DIEGO","20221018",,"http://dati.camera.it/ocd/gruppoParlamentare.rdf/gr4136","PARTITO DEMOCRATICO - ITALIA DEMOCRATICA E PROGRESSISTA (18.10.2022)",
"http://dati.camera.it/ocd/deputato.rdf/d308935_19","DONDI","DANIELA","20221018",,"http://dati.camera.it/ocd/gruppoParlamentare.rdf/gr4133","FRATELLI D'ITALIA (18.10.2022)",
"http://dati.camera.it/ocd/deputato.rdf/d307348_19","DONNO","LEONARDO","20221018",,"http://dati.camera.it/ocd/gruppoParlamentare.rdf/gr4131","MOVIMENTO 5 STELLE (18.10.2022)",
"http://dati.camera.it/ocd/deputato.rdf/d307246_19","DONZELLI","GIOVANNI","20221018",,"http://dati.camera.it/ocd/gruppoParlamentare.rdf/gr4133","FRATELLI D'ITALIA (18.10.2022)",
"http://dati.camera.it/ocd/deputato.rdf/d307634_19","DORI","DEVIS","20221018","20221027","http://dati.camera.it/ocd/gruppoParlamentare.rdf/gr4111","MISTO (18.10.2022-27.10.2022)",
"http://dati.camera.it/ocd/deputato.rdf/d307634_19","DORI","DEVIS","20221027",,"http://dati.camera.it/ocd/gruppoParlamentare.rdf/gr4154","ALLEANZA VERDI E SINISTRA (27.10.2022)",
"http://dati.camera.it/ocd/deputato.rdf/d308893_19","EVI","ELEONORA","20221018","20221027","http://dati.camera.it/ocd/gruppoParlamentare.rdf/gr4111","MISTO (18.10.2022-27.10.2022)",
"http://dati.camera.it/ocd/deputato.rdf/d308893_19","EVI","ELEONORA","20221027","20240423","http://dati.camera.it/ocd/gruppoParlamentare.rdf/gr4154","ALLEANZA VERDI E SINISTRA (27.10.2022-23.04.2024)",
"http://dati.camera.it/ocd/deputato.rdf/d308893_19","EVI","ELEONORA","20240423",,"http://dati.camera.it/ocd/gruppoParlamentare.rdf/gr4136","PARTITO DEMOCRATICO - ITALIA DEMOCRATICA E PROGRESSISTA (23.04.2024)",
"http://dati.camera.it/ocd/deputato.rdf/d306005_19","FARAONE","DAVIDE","20221018","20231120","http://dati.camera.it/ocd/gruppoParlamentare.rdf/gr4135","AZIONE - ITALIA VIVA - RENEW EUROPE (18.10.2022-20.11.2023)",
"http://dati.camera.it/ocd/deputato.rdf/d306005_19","FARAONE","DAVIDE","20231120",,"http://dati.camera.it/ocd/gruppoParlamentare.rdf/gr4211","ITALIA VIVA-IL CENTRO-RENEW EUROPE (20.11.2023)",
"http://dati.camera.it/ocd/deputato.rdf/d307185_19","FASCINA","MARTA ANTONIA","20221018",,"http://dati.camera.it/ocd/gruppoParlamentare.rdf/gr4134","FORZA ITALIA - BERLUSCONI PRESIDENTE - PPE (18.10.2022)",
"http://dati.camera.it/ocd/deputato.rdf/d36500_19","FASSINO","PIERO FRANCO","20221018",,"http://dati.camera.it/ocd/gruppoParlamentare.rdf/gr4136","PARTITO DEMOCRATICO - ITALIA DEMOCRATICA E PROGRESSISTA (18.10.2022)",
"http://dati.camera.it/ocd/deputato.rdf/d307803_19","FEDE","GIORGIO","20221018",,"http://dati.camera.it/ocd/gruppoParlamentare.rdf/gr4131","MOVIMENTO 5 STELLE (18.10.2022)",
"http://dati.camera.it/ocd/deputato.rdf/d307804_19","FENU","EMILIANO","20221018","20250722","http://dati.camera.it/ocd/gruppoParlamentare.rdf/gr4131","MOVIMENTO 5 STELLE (18.10.2022-22.07.2025)",
"http://dati.camera.it/ocd/deputato.rdf/d308876_19","FERRANTE","TULLIO","20221018",,"http://dati.camera.it/ocd/gruppoParlamentare.rdf/gr4134","FORZA ITALIA - BERLUSCONI PRESIDENTE - PPE (18.10.2022)",
"http://dati.camera.it/ocd/deputato.rdf/d309140_19","FERRARA","ANTONIO","20240410",,"http://dati.camera.it/ocd/gruppoParlamentare.rdf/gr4131","MOVIMENTO 5 STELLE (10.04.2024)",
"http://dati.camera.it/ocd/deputato.rdf/d308834_19","FERRARI","SARA","20221018",,"http://dati.camera.it/ocd/gruppoParlamentare.rdf/gr4136","PARTITO DEMOCRATICO - ITALIA DEMOCRATICA E PROGRESSISTA (18.10.2022)",
"http://dati.camera.it/ocd/deputato.rdf/d307567_19","FERRO","WANDA","20221018",,"http://dati.camera.it/ocd/gruppoParlamentare.rdf/gr4133","FRATELLI D'ITALIA (18.10.2022)",
"http://dati.camera.it/ocd/deputato.rdf/d308799_19","FILINI","FRANCESCO","20221018",,"http://dati.camera.it/ocd/gruppoParlamentare.rdf/gr4133","FRATELLI D'ITALIA (18.10.2022)",
"http://dati.camera.it/ocd/deputato.rdf/d306395_19","FILIPPIN","ROSANNA","20241220",,"http://dati.camera.it/ocd/gruppoParlamentare.rdf/gr4136","PARTITO DEMOCRATICO - ITALIA DEMOCRATICA E PROGRESSISTA (20.12.2024)",
"http://dati.camera.it/ocd/deputato.rdf/d301551_19","FITTO","RAFFAELE","20221018","20241202","http://dati.camera.it/ocd/gruppoParlamentare.rdf/gr4133","FRATELLI D'ITALIA (18.10.2022-02.12.2024)",
"http://dati.camera.it/ocd/deputato.rdf/d307459_19","FONTANA","ILARIA","20221018",,"http://dati.camera.it/ocd/gruppoParlamentare.rdf/gr4131","MOVIMENTO 5 STELLE (18.10.2022)",
"http://dati.camera.it/ocd/deputato.rdf/d307591_19","FONTANA","LORENZO","20221018",,"http://dati.camera.it/ocd/gruppoParlamentare.rdf/gr4132","LEGA - SALVINI PREMIER (18.10.2022)",
"http://dati.camera.it/ocd/deputato.rdf/d308916_19","FORATTINI","ANTONELLA","20221018",,"http://dati.camera.it/ocd/gruppoParlamentare.rdf/gr4136","PARTITO DEMOCRATICO - ITALIA DEMOCRATICA E PROGRESSISTA (18.10.2022)",
"http://dati.camera.it/ocd/deputato.rdf/d307602_19","FORMENTINI","PAOLO","20221018",,"http://dati.camera.it/ocd/gruppoParlamentare.rdf/gr4132","LEGA - SALVINI PREMIER (18.10.2022)",
"http://dati.camera.it/ocd/deputato.rdf/d306398_19","FORNARO","FEDERICO","20221018",,"http://dati.camera.it/ocd/gruppoParlamentare.rdf/gr4136","PARTITO DEMOCRATICO - ITALIA DEMOCRATICA E PROGRESSISTA (18.10.2022)",
"http://dati.camera.it/ocd/deputato.rdf/d308881_19","FOSSI","EMILIANO","20221018",,"http://dati.camera.it/ocd/gruppoParlamentare.rdf/gr4136","PARTITO DEMOCRATICO - ITALIA DEMOCRATICA E PROGRESSISTA (18.10.2022)",
"http://dati.camera.it/ocd/deputato.rdf/d50204_19","FOTI","TOMMASO","20221018",,"http://dati.camera.it/ocd/gruppoParlamentare.rdf/gr4133","FRATELLI D'ITALIA (18.10.2022)",
"http://dati.camera.it/ocd/deputato.rdf/d301457_19","FRASSINETTI","PAOLA","20221018",,"http://dati.camera.it/ocd/gruppoParlamentare.rdf/gr4133","FRATELLI D'ITALIA (18.10.2022)",
"http://dati.camera.it/ocd/deputato.rdf/d307630_19","FRASSINI","REBECCA","20221018",,"http://dati.camera.it/ocd/gruppoParlamentare.rdf/gr4132","LEGA - SALVINI PREMIER (18.10.2022)",
"http://dati.camera.it/ocd/deputato.rdf/d305880_19","FRATOIANNI","NICOLA","20221018","20221027","http://dati.camera.it/ocd/gruppoParlamentare.rdf/gr4111","MISTO (18.10.2022-27.10.2022)",
"http://dati.camera.it/ocd/deputato.rdf/d305880_19","FRATOIANNI","NICOLA","20221027",,"http://dati.camera.it/ocd/gruppoParlamentare.rdf/gr4154","ALLEANZA VERDI E SINISTRA (27.10.2022)",
"http://dati.camera.it/ocd/deputato.rdf/d308837_19","FRENI","FEDERICO","20221018",,"http://dati.camera.it/ocd/gruppoParlamentare.rdf/gr4132","LEGA - SALVINI PREMIER (18.10.2022)",
"http://dati.camera.it/ocd/deputato.rdf/d308870_19","FRIJIA","MARIA GRAZIA","20221018",,"http://dati.camera.it/ocd/gruppoParlamentare.rdf/gr4133","FRATELLI D'ITALIA (18.10.2022)",
"http://dati.camera.it/ocd/deputato.rdf/d308892_19","FURFARO","MARCO","20221018",,"http://dati.camera.it/ocd/gruppoParlamentare.rdf/gr4136","PARTITO DEMOCRATICO - ITALIA DEMOCRATICA E PROGRESSISTA (18.10.2022)",
"http://dati.camera.it/ocd/deputato.rdf/d307718_19","FURGIUELE","DOMENICO","20221018","20260608","http://dati.camera.it/ocd/gruppoParlamentare.rdf/gr4132","LEGA - SALVINI PREMIER (18.10.2022-08.06.2026)",
"http://dati.camera.it/ocd/deputato.rdf/d307718_19","FURGIUELE","DOMENICO","20260608",,"http://dati.camera.it/ocd/gruppoParlamentare.rdf/gr4111","MISTO (08.06.2026)",
"http://dati.camera.it/ocd/deputato.rdf/d309200_19","GABELLONE","ANTONIO MARIA","20241202",,"http://dati.camera.it/ocd/gruppoParlamentare.rdf/gr4133","FRATELLI D'ITALIA (02.12.2024)",
"http://dati.camera.it/ocd/deputato.rdf/d305553_19","GADDA","MARIA CHIARA","20221018","20231120","http://dati.camera.it/ocd/gruppoParlamentare.rdf/gr4135","AZIONE - ITALIA VIVA - RENEW EUROPE (18.10.2022-20.11.2023)",
"http://dati.camera.it/ocd/deputato.rdf/d305553_19","GADDA","MARIA CHIARA","20231120",,"http://dati.camera.it/ocd/gruppoParlamentare.rdf/gr4211","ITALIA VIVA-IL CENTRO-RENEW EUROPE (20.11.2023)",
"http://dati.camera.it/ocd/deputato.rdf/d308767_19","GALLO","FRANCESCO","20221018",,"http://dati.camera.it/ocd/gruppoParlamentare.rdf/gr4111","MISTO (18.10.2022)",
"http://dati.camera.it/ocd/deputato.rdf/d301558_19","GARDINI","ELISABETTA","20221018",,"http://dati.camera.it/ocd/gruppoParlamentare.rdf/gr4133","FRATELLI D'ITALIA (18.10.2022)",
"http://dati.camera.it/ocd/deputato.rdf/d308827_19","GATTA","GIACOMO DIEGO","20221018",,"http://dati.camera.it/ocd/gruppoParlamentare.rdf/gr4134","FORZA ITALIA - BERLUSCONI PRESIDENTE - PPE (18.10.2022)",
"http://dati.camera.it/ocd/deputato.rdf/d307138_19","GAVA","VANNIA","20221018",,"http://dati.camera.it/ocd/gruppoParlamentare.rdf/gr4132","LEGA - SALVINI PREMIER (18.10.2022)",
"http://dati.camera.it/ocd/deputato.rdf/d305580_19","GEBHARD","RENATE","20221018",,"http://dati.camera.it/ocd/gruppoParlamentare.rdf/gr4111","MISTO (18.10.2022)",
"http://dati.camera.it/ocd/deputato.rdf/d307332_19","GEMMATO","MARCELLO","20221018",,"http://dati.camera.it/ocd/gruppoParlamentare.rdf/gr4133","FRATELLI D'ITALIA (18.10.2022)",
"http://dati.camera.it/ocd/deputato.rdf/d308620_19","GENTILE","ANDREA","20250312",,"http://dati.camera.it/ocd/gruppoParlamentare.rdf/gr4134","FORZA ITALIA - BERLUSCONI PRESIDENTE - PPE (12.03.2025)",
"http://dati.camera.it/ocd/deputato.rdf/d308871_19","GHIO","VALENTINA","20221018",,"http://dati.camera.it/ocd/gruppoParlamentare.rdf/gr4136","PARTITO DEMOCRATICO - ITALIA DEMOCRATICA E PROGRESSISTA (18.10.2022)",
"http://dati.camera.it/ocd/deputato.rdf/d308861_19","GHIRRA","FRANCESCA","20221018","20221027","http://dati.camera.it/ocd/gruppoParlamentare.rdf/gr4111","MISTO (18.10.2022-27.10.2022)",
"http://dati.camera.it/ocd/deputato.rdf/d308861_19","GHIRRA","FRANCESCA","20221027",,"http://dati.camera.it/ocd/gruppoParlamentare.rdf/gr4154","ALLEANZA VERDI E SINISTRA (27.10.2022)",
"http://dati.camera.it/ocd/deputato.rdf/d307508_19","GIACCONE","ANDREA","20221018",,"http://dati.camera.it/ocd/gruppoParlamentare.rdf/gr4132","LEGA - SALVINI PREMIER (18.10.2022)",
"http://dati.camera.it/ocd/deputato.rdf/d300480_19","GIACHETTI","ROBERTO","20221018","20231120","http://dati.camera.it/ocd/gruppoParlamentare.rdf/gr4135","AZIONE - ITALIA VIVA - RENEW EUROPE (18.10.2022-20.11.2023)",
"http://dati.camera.it/ocd/deputato.rdf/d300480_19","GIACHETTI","ROBERTO","20231120",,"http://dati.camera.it/ocd/gruppoParlamentare.rdf/gr4211","ITALIA VIVA-IL CENTRO-RENEW EUROPE (20.11.2023)",
"http://dati.camera.it/ocd/deputato.rdf/d308770_19","GIAGONI","DARIO","20221018",,"http://dati.camera.it/ocd/gruppoParlamentare.rdf/gr4132","LEGA - SALVINI PREMIER (18.10.2022)",
"http://dati.camera.it/ocd/deputato.rdf/d308880_19","GIANASSI","FEDERICO","20221018",,"http://dati.camera.it/ocd/gruppoParlamentare.rdf/gr4136","PARTITO DEMOCRATICO - ITALIA DEMOCRATICA E PROGRESSISTA (18.10.2022)",
"http://dati.camera.it/ocd/deputato.rdf/d307502_19","GIGLIO VIGNA","ALESSANDRO","20221018",,"http://dati.camera.it/ocd/gruppoParlamentare.rdf/gr4132","LEGA - SALVINI PREMIER (18.10.2022)",
"http://dati.camera.it/ocd/deputato.rdf/d308823_19","GIORDANO","ANTONIO","20221018",,"http://dati.camera.it/ocd/gruppoParlamentare.rdf/gr4133","FRATELLI D'ITALIA (18.10.2022)",
"http://dati.camera.it/ocd/deputato.rdf/d50115_19","GIORGETTI","GIANCARLO","20221018",,"http://dati.camera.it/ocd/gruppoParlamentare.rdf/gr4132","LEGA - SALVINI PREMIER (18.10.2022)",
"http://dati.camera.it/ocd/deputato.rdf/d308787_19","GIORGIANNI","CARMEN LETIZIA","20221018",,"http://dati.camera.it/ocd/gruppoParlamentare.rdf/gr4133","FRATELLI D'ITALIA (18.10.2022)",
"http://dati.camera.it/ocd/deputato.rdf/d308855_19","GIOVINE","SILVIO","20221018",,"http://dati.camera.it/ocd/gruppoParlamentare.rdf/gr4133","FRATELLI D'ITALIA (18.10.2022)",
"http://dati.camera.it/ocd/deputato.rdf/d308912_19","GIRELLI","GIAN ANTONIO","20221018",,"http://dati.camera.it/ocd/gruppoParlamentare.rdf/gr4136","PARTITO DEMOCRATICO - ITALIA DEMOCRATICA E PROGRESSISTA (18.10.2022)",
"http://dati.camera.it/ocd/deputato.rdf/d307370_19","GIULIANO","CARLA","20221018",,"http://dati.camera.it/ocd/gruppoParlamentare.rdf/gr4131","MOVIMENTO 5 STELLE (18.10.2022)",
"http://dati.camera.it/ocd/deputato.rdf/d308932_19","GNASSI","ANDREA","20221018",,"http://dati.camera.it/ocd/gruppoParlamentare.rdf/gr4136","PARTITO DEMOCRATICO - ITALIA DEMOCRATICA E PROGRESSISTA (18.10.2022)",
"http://dati.camera.it/ocd/deputato.rdf/d309260_19","GORI","IRENE","20251203",,"http://dati.camera.it/ocd/gruppoParlamentare.rdf/gr4133","FRATELLI D'ITALIA (03.12.2025)",
"http://dati.camera.it/ocd/deputato.rdf/d302818_19","GRAZIANO","STEFANO","20221018",,"http://dati.camera.it/ocd/gruppoParlamentare.rdf/gr4136","PARTITO DEMOCRATICO - ITALIA DEMOCRATICA E PROGRESSISTA (18.10.2022)",
"http://dati.camera.it/ocd/deputato.rdf/d306008_19","GRIBAUDO","CHIARA","20221018",,"http://dati.camera.it/ocd/gruppoParlamentare.rdf/gr4136","PARTITO DEMOCRATICO - ITALIA DEMOCRATICA E PROGRESSISTA (18.10.2022)",
"http://dati.camera.it/ocd/deputato.rdf/d308810_19","GRIMALDI","MARCO","20221018","20221027","http://dati.camera.it/ocd/gruppoParlamentare.rdf/gr4111","MISTO (18.10.2022-27.10.2022)",
"http://dati.camera.it/ocd/deputato.rdf/d308810_19","GRIMALDI","MARCO","20221027",,"http://dati.camera.it/ocd/gruppoParlamentare.rdf/gr4154","ALLEANZA VERDI E SINISTRA (27.10.2022)",
"http://dati.camera.it/ocd/deputato.rdf/d308802_19","GRIPPO","VALENTINA","20221018",,"http://dati.camera.it/ocd/gruppoParlamentare.rdf/gr4135","AZIONE - ITALIA VIVA - RENEW EUROPE (18.10.2022)",
"http://dati.camera.it/ocd/deputato.rdf/d308924_19","GRUPPIONI","NAIKE","20221018","20231120","http://dati.camera.it/ocd/gruppoParlamentare.rdf/gr4135","AZIONE - ITALIA VIVA - RENEW EUROPE (18.10.2022-20.11.2023)",
"http://dati.camera.it/ocd/deputato.rdf/d308924_19","GRUPPIONI","NAIKE","20231120","20250605","http://dati.camera.it/ocd/gruppoParlamentare.rdf/gr4211","ITALIA VIVA-IL CENTRO-RENEW EUROPE (20.11.2023-05.06.2025)",
"http://dati.camera.it/ocd/deputato.rdf/d308924_19","GRUPPIONI","NAIKE","20250605",,"http://dati.camera.it/ocd/gruppoParlamentare.rdf/gr4133","FRATELLI D'ITALIA (05.06.2025)",
"http://dati.camera.it/ocd/deputato.rdf/d307531_19","GUBITOSA","MICHELE","20221018",,"http://dati.camera.it/ocd/gruppoParlamentare.rdf/gr4131","MOVIMENTO 5 STELLE (18.10.2022)",
"http://dati.camera.it/ocd/deputato.rdf/d305624_19","GUERINI","LORENZO","20221018",,"http://dati.camera.it/ocd/gruppoParlamentare.rdf/gr4136","PARTITO DEMOCRATICO - ITALIA DEMOCRATICA E PROGRESSISTA (18.10.2022)",
"http://dati.camera.it/ocd/deputato.rdf/d306412_19","GUERRA","MARIA CECILIA","20221018",,"http://dati.camera.it/ocd/gruppoParlamentare.rdf/gr4136","PARTITO DEMOCRATICO - ITALIA DEMOCRATICA E PROGRESSISTA (18.10.2022)",
"http://dati.camera.it/ocd/deputato.rdf/d307475_19","GUSMEROLI","ALBERTO LUIGI","20221018",,"http://dati.camera.it/ocd/gruppoParlamentare.rdf/gr4132","LEGA - SALVINI PREMIER (18.10.2022)",
"http://dati.camera.it/ocd/deputato.rdf/d308821_19","IACONO","GIOVANNA","20221018",,"http://dati.camera.it/ocd/gruppoParlamentare.rdf/gr4136","PARTITO DEMOCRATICO - ITALIA DEMOCRATICA E PROGRESSISTA (18.10.2022)",
"http://dati.camera.it/ocd/deputato.rdf/d308831_19","IAIA","DARIO","20221018",,"http://dati.camera.it/ocd/gruppoParlamentare.rdf/gr4133","FRATELLI D'ITALIA (18.10.2022)",
"http://dati.camera.it/ocd/deputato.rdf/d308809_19","IARIA","ANTONINO","20221018",,"http://dati.camera.it/ocd/gruppoParlamentare.rdf/gr4131","MOVIMENTO 5 STELLE (18.10.2022)",
"http://dati.camera.it/ocd/deputato.rdf/d307641_19","IEZZI","IGOR GIANCARLO","20221018",,"http://dati.camera.it/ocd/gruppoParlamentare.rdf/gr4132","LEGA - SALVINI PREMIER (18.10.2022)",
"http://dati.camera.it/ocd/deputato.rdf/d308904_19","KELANY","SARA","20221018",,"http://dati.camera.it/ocd/gruppoParlamentare.rdf/gr4133","FRATELLI D'ITALIA (18.10.2022)",
"http://dati.camera.it/ocd/deputato.rdf/d307822_19","L'ABBATE","PASQUA","20221018",,"http://dati.camera.it/ocd/gruppoParlamentare.rdf/gr4131","MOVIMENTO 5 STELLE (18.10.2022)",
"http://dati.camera.it/ocd/deputato.rdf/d308883_19","LA PORTA","CHIARA","20221018","20251203","http://dati.camera.it/ocd/gruppoParlamentare.rdf/gr4133","FRATELLI D'ITALIA (18.10.2022-03.12.2025)",
"http://dati.camera.it/ocd/deputato.rdf/d308811_19","LA SALANDRA","GIANDONATO","20221018",,"http://dati.camera.it/ocd/gruppoParlamentare.rdf/gr4133","FRATELLI D'ITALIA (18.10.2022)",
"http://dati.camera.it/ocd/deputato.rdf/d307308_19","LACARRA","MARCO","20221018",,"http://dati.camera.it/ocd/gruppoParlamentare.rdf/gr4136","PARTITO DEMOCRATICO - ITALIA DEMOCRATICA E PROGRESSISTA (18.10.2022)",
"http://dati.camera.it/ocd/deputato.rdf/d306417_19","LAI","BACHISIO SILVIO","20221018",,"http://dati.camera.it/ocd/gruppoParlamentare.rdf/gr4136","PARTITO DEMOCRATICO - ITALIA DEMOCRATICA E PROGRESSISTA (18.10.2022)",
"http://dati.camera.it/ocd/deputato.rdf/d308768_19","LAMPIS","GIANNI","20221018",,"http://dati.camera.it/ocd/gruppoParlamentare.rdf/gr4133","FRATELLI D'ITALIA (18.10.2022)",
"http://dati.camera.it/ocd/deputato.rdf/d308920_19","LANCELLOTTA","ELISABETTA CHRISTIANA","20221018",,"http://dati.camera.it/ocd/gruppoParlamentare.rdf/gr4133","FRATELLI D'ITALIA (18.10.2022)",
"http://dati.camera.it/ocd/deputato.rdf/d307173_19","LATINI","GIORGIA","20221018",,"http://dati.camera.it/ocd/gruppoParlamentare.rdf/gr4132","LEGA - SALVINI PREMIER (18.10.2022)",
"http://dati.camera.it/ocd/deputato.rdf/d307826_19","LAUS","MAURO ANTONIO DONATO","20221018",,"http://dati.camera.it/ocd/gruppoParlamentare.rdf/gr4136","PARTITO DEMOCRATICO - ITALIA DEMOCRATICA E PROGRESSISTA (18.10.2022)",
"http://dati.camera.it/ocd/deputato.rdf/d307570_19","LAZZARINI","ARIANNA","20221018",,"http://dati.camera.it/ocd/gruppoParlamentare.rdf/gr4132","LEGA - SALVINI PREMIER (18.10.2022)",
"http://dati.camera.it/ocd/deputato.rdf/d300444_19","LEO","MAURIZIO","20221018",,"http://dati.camera.it/ocd/gruppoParlamentare.rdf/gr4133","FRATELLI D'ITALIA (18.10.2022)",
"http://dati.camera.it/ocd/deputato.rdf/d300127_19","LETTA","ENRICO","20221018","20241220","http://dati.camera.it/ocd/gruppoParlamentare.rdf/gr4136","PARTITO DEMOCRATICO - ITALIA DEMOCRATICA E PROGRESSISTA (18.10.2022-20.12.2024)",
"http://dati.camera.it/ocd/deputato.rdf/d308911_19","LOIZZO","SIMONA","20221018",,"http://dati.camera.it/ocd/gruppoParlamentare.rdf/gr4132","LEGA - SALVINI PREMIER (18.10.2022)",
"http://dati.camera.it/ocd/deputato.rdf/d307463_19","LOLLOBRIGIDA","FRANCESCO","20221018",,"http://dati.camera.it/ocd/gruppoParlamentare.rdf/gr4133","FRATELLI D'ITALIA (18.10.2022)",
"http://dati.camera.it/ocd/deputato.rdf/d307829_19","LOMUTI","ARNALDO","20221018",,"http://dati.camera.it/ocd/gruppoParlamentare.rdf/gr4131","MOVIMENTO 5 STELLE (18.10.2022)",
"http://dati.camera.it/ocd/deputato.rdf/d308898_19","LONGI","ELIANA","20221018",,"http://dati.camera.it/ocd/gruppoParlamentare.rdf/gr4133","FRATELLI D'ITALIA (18.10.2022)",
"http://dati.camera.it/ocd/deputato.rdf/d308940_19","LOPERFIDO","EMANUELE","20221018",,"http://dati.camera.it/ocd/gruppoParlamentare.rdf/gr4133","FRATELLI D'ITALIA (18.10.2022)",
"http://dati.camera.it/ocd/deputato.rdf/d307356_19","LOVECCHIO","GIORGIO","20221018","20240904","http://dati.camera.it/ocd/gruppoParlamentare.rdf/gr4131","MOVIMENTO 5 STELLE (18.10.2022-04.09.2024)",
"http://dati.camera.it/ocd/deputato.rdf/d307356_19","LOVECCHIO","GIORGIO","20240904",,"http://dati.camera.it/ocd/gruppoParlamentare.rdf/gr4134","FORZA ITALIA - BERLUSCONI PRESIDENTE - PPE (04.09.2024)",
"http://dati.camera.it/ocd/deputato.rdf/d307340_19","LUCASELLI","YLENJA","20221018",,"http://dati.camera.it/ocd/gruppoParlamentare.rdf/gr4133","FRATELLI D'ITALIA (18.10.2022)",
"http://dati.camera.it/ocd/deputato.rdf/d300447_19","LUPI","MAURIZIO ENZO","20221018","20221027","http://dati.camera.it/ocd/gruppoParlamentare.rdf/gr4111","MISTO (18.10.2022-27.10.2022)",
"http://dati.camera.it/ocd/deputato.rdf/d300447_19","LUPI","MAURIZIO ENZO","20221027",,"http://dati.camera.it/ocd/gruppoParlamentare.rdf/gr4152","NOI MODERATI (27.10.2022)",
"http://dati.camera.it/ocd/deputato.rdf/d302980_19","MACCANTI","ELENA","20221018",,"http://dati.camera.it/ocd/gruppoParlamentare.rdf/gr4132","LEGA - SALVINI PREMIER (18.10.2022)",
"http://dati.camera.it/ocd/deputato.rdf/d308914_19","MACCARI","CARLO","20221018",,"http://dati.camera.it/ocd/gruppoParlamentare.rdf/gr4133","FRATELLI D'ITALIA (18.10.2022)",
"http://dati.camera.it/ocd/deputato.rdf/d302789_19","MADIA","MARIA ANNA","20221018","20260506","http://dati.camera.it/ocd/gruppoParlamentare.rdf/gr4136","PARTITO DEMOCRATICO - ITALIA DEMOCRATICA E PROGRESSISTA (18.10.2022-06.05.2026)",
"http://dati.camera.it/ocd/deputato.rdf/d302789_19","MADIA","MARIA ANNA","20260506",,"http://dati.camera.it/ocd/gruppoParlamentare.rdf/gr4211","ITALIA VIVA-IL CENTRO-RENEW EUROPE (06.05.2026)",
"http://dati.camera.it/ocd/deputato.rdf/d308905_19","MAERNA","NOVO UMBERTO","20221018",,"http://dati.camera.it/ocd/gruppoParlamentare.rdf/gr4133","FRATELLI D'ITALIA (18.10.2022)",
"http://dati.camera.it/ocd/deputato.rdf/d309300_19","MAFFIOLI","MANUELA","20260326",,"http://dati.camera.it/ocd/gruppoParlamentare.rdf/gr4132","LEGA - SALVINI PREMIER (26.03.2026)",
"http://dati.camera.it/ocd/deputato.rdf/d307436_19","MAGI","RICCARDO","20221018",,"http://dati.camera.it/ocd/gruppoParlamentare.rdf/gr4111","MISTO (18.10.2022)",
"http://dati.camera.it/ocd/deputato.rdf/d308814_19","MAIORANO","LUIGI GIOVANNI","20221018",,"http://dati.camera.it/ocd/gruppoParlamentare.rdf/gr4133","FRATELLI D'ITALIA (18.10.2022)",
"http://dati.camera.it/ocd/deputato.rdf/d308886_19","MALAGOLA","LORENZO","20221018",,"http://dati.camera.it/ocd/gruppoParlamentare.rdf/gr4133","FRATELLI D'ITALIA (18.10.2022)",
"http://dati.camera.it/ocd/deputato.rdf/d308938_19","MALAGUTI","MAURO","20221018",,"http://dati.camera.it/ocd/gruppoParlamentare.rdf/gr4133","FRATELLI D'ITALIA (18.10.2022)",
"http://dati.camera.it/ocd/deputato.rdf/d308934_19","MALAVASI","ILENIA","20221018",,"http://dati.camera.it/ocd/gruppoParlamentare.rdf/gr4136","PARTITO DEMOCRATICO - ITALIA DEMOCRATICA E PROGRESSISTA (18.10.2022)",
"http://dati.camera.it/ocd/deputato.rdf/d307481_19","MANCINI","CLAUDIO","20221018",,"http://dati.camera.it/ocd/gruppoParlamentare.rdf/gr4136","PARTITO DEMOCRATICO - ITALIA DEMOCRATICA E PROGRESSISTA (18.10.2022)",
"http://dati.camera.it/ocd/deputato.rdf/d308760_19","MANES","FRANCO","20221018",,"http://dati.camera.it/ocd/gruppoParlamentare.rdf/gr4111","MISTO (18.10.2022)",
"http://dati.camera.it/ocd/deputato.rdf/d307837_19","MANGIALAVORI","GIUSEPPE TOMMASO VINCENZO","20221018",,"http://dati.camera.it/ocd/gruppoParlamentare.rdf/gr4134","FORZA ITALIA - BERLUSCONI PRESIDENTE - PPE (18.10.2022)",
"http://dati.camera.it/ocd/deputato.rdf/d308101_19","MANTOVANI","LUCREZIA MARIA BENEDETTA","20221018",,"http://dati.camera.it/ocd/gruppoParlamentare.rdf/gr4133","FRATELLI D'ITALIA (18.10.2022)",
"http://dati.camera.it/ocd/deputato.rdf/d305771_19","MANZI","IRENE","20221018",,"http://dati.camera.it/ocd/gruppoParlamentare.rdf/gr4136","PARTITO DEMOCRATICO - ITALIA DEMOCRATICA E PROGRESSISTA (18.10.2022)",
"http://dati.camera.it/ocd/deputato.rdf/d307328_19","MARATTIN","LUIGI","20221018","20231120","http://dati.camera.it/ocd/gruppoParlamentare.rdf/gr4135","AZIONE - ITALIA VIVA - RENEW EUROPE (18.10.2022-20.11.2023)",
"http://dati.camera.it/ocd/deputato.rdf/d307328_19","MARATTIN","LUIGI","20231120","20240909","http://dati.camera.it/ocd/gruppoParlamentare.rdf/gr4211","ITALIA VIVA-IL CENTRO-RENEW EUROPE (20.11.2023-09.09.2024)",
"http://dati.camera.it/ocd/deputato.rdf/d307328_19","MARATTIN","LUIGI","20240909",,"http://dati.camera.it/ocd/gruppoParlamentare.rdf/gr4111","MISTO (09.09.2024)",
"http://dati.camera.it/ocd/deputato.rdf/d307453_19","MARCHETTI","RICCARDO AUGUSTO","20221018",,"http://dati.camera.it/ocd/gruppoParlamentare.rdf/gr4132","LEGA - SALVINI PREMIER (18.10.2022)",
"http://dati.camera.it/ocd/deputato.rdf/d308800_19","MARCHETTO","MARINA","20221018",,"http://dati.camera.it/ocd/gruppoParlamentare.rdf/gr4133","FRATELLI D'ITALIA (18.10.2022)",
"http://dati.camera.it/ocd/deputato.rdf/d308869_19","MARI","FRANCESCO","20221018","20221027","http://dati.camera.it/ocd/gruppoParlamentare.rdf/gr4111","MISTO (18.10.2022-27.10.2022)",
"http://dati.camera.it/ocd/deputato.rdf/d308869_19","MARI","FRANCESCO","20221027",,"http://dati.camera.it/ocd/gruppoParlamentare.rdf/gr4154","ALLEANZA VERDI E SINISTRA (27.10.2022)",
"http://dati.camera.it/ocd/deputato.rdf/d308901_19","MARINO","MARIA STEFANIA","20221018",,"http://dati.camera.it/ocd/gruppoParlamentare.rdf/gr4136","PARTITO DEMOCRATICO - ITALIA DEMOCRATICA E PROGRESSISTA (18.10.2022)",
"http://dati.camera.it/ocd/deputato.rdf/d307466_19","MARROCCO","PATRIZIA","20221018",,"http://dati.camera.it/ocd/gruppoParlamentare.rdf/gr4134","FORZA ITALIA - BERLUSCONI PRESIDENTE - PPE (18.10.2022)",
"http://dati.camera.it/ocd/deputato.rdf/d308903_19","MASCARETTI","ANDREA","20221018",,"http://dati.camera.it/ocd/gruppoParlamentare.rdf/gr4133","FRATELLI D'ITALIA (18.10.2022)",
"http://dati.camera.it/ocd/deputato.rdf/d307575_19","MASCHIO","CIRO","20221018",,"http://dati.camera.it/ocd/gruppoParlamentare.rdf/gr4133","FRATELLI D'ITALIA (18.10.2022)",
"http://dati.camera.it/ocd/deputato.rdf/d308828_19","MATERA","MARIANGELA","20221018",,"http://dati.camera.it/ocd/gruppoParlamentare.rdf/gr4133","FRATELLI D'ITALIA (18.10.2022)",
"http://dati.camera.it/ocd/deputato.rdf/d308836_19","MATONE","SIMONETTA","20221018",,"http://dati.camera.it/ocd/gruppoParlamentare.rdf/gr4132","LEGA - SALVINI PREMIER (18.10.2022)",
"http://dati.camera.it/ocd/deputato.rdf/d308941_19","MATTEONI","NICOLE","20221018",,"http://dati.camera.it/ocd/gruppoParlamentare.rdf/gr4133","FRATELLI D'ITALIA (18.10.2022)",
"http://dati.camera.it/ocd/deputato.rdf/d308939_19","MATTIA","ALDO","20221018",,"http://dati.camera.it/ocd/gruppoParlamentare.rdf/gr4133","FRATELLI D'ITALIA (18.10.2022)",
"http://dati.camera.it/ocd/deputato.rdf/d308885_19","MAULLU","STEFANO GIOVANNI","20221018",,"http://dati.camera.it/ocd/gruppoParlamentare.rdf/gr4133","FRATELLI D'ITALIA (18.10.2022)",
"http://dati.camera.it/ocd/deputato.rdf/d306176_19","MAURI","MATTEO","20221018",,"http://dati.camera.it/ocd/gruppoParlamentare.rdf/gr4136","PARTITO DEMOCRATICO - ITALIA DEMOCRATICA E PROGRESSISTA (18.10.2022)",
"http://dati.camera.it/ocd/deputato.rdf/d307248_19","MAZZETTI","ERICA","20221018",,"http://dati.camera.it/ocd/gruppoParlamentare.rdf/gr4134","FORZA ITALIA - BERLUSCONI PRESIDENTE - PPE (18.10.2022)",
"http://dati.camera.it/ocd/deputato.rdf/d308860_19","MAZZI","GIANMARCO","20221018",,"http://dati.camera.it/ocd/gruppoParlamentare.rdf/gr4133","FRATELLI D'ITALIA (18.10.2022)",
"http://dati.camera.it/ocd/deputato.rdf/d302103_19","MELONI","GIORGIA","20221018",,"http://dati.camera.it/ocd/gruppoParlamentare.rdf/gr4133","FRATELLI D'ITALIA (18.10.2022)",
"http://dati.camera.it/ocd/deputato.rdf/d308936_19","MEROLA","VIRGINIO","20221018",,"http://dati.camera.it/ocd/gruppoParlamentare.rdf/gr4136","PARTITO DEMOCRATICO - ITALIA DEMOCRATICA E PROGRESSISTA (18.10.2022)",
"http://dati.camera.it/ocd/deputato.rdf/d308897_19","MESSINA","MANLIO","20221018","20250731","http://dati.camera.it/ocd/gruppoParlamentare.rdf/gr4133","FRATELLI D'ITALIA (18.10.2022-31.07.2025)",
"http://dati.camera.it/ocd/deputato.rdf/d308897_19","MESSINA","MANLIO","20250731",,"http://dati.camera.it/ocd/gruppoParlamentare.rdf/gr4111","MISTO (31.07.2025)",
"http://dati.camera.it/ocd/deputato.rdf/d308887_19","MICHELOTTI","FRANCESCO","20221018",,"http://dati.camera.it/ocd/gruppoParlamentare.rdf/gr4133","FRATELLI D'ITALIA (18.10.2022)",
"http://dati.camera.it/ocd/deputato.rdf/d308921_19","MIELE","GIOVANNA","20221018",,"http://dati.camera.it/ocd/gruppoParlamentare.rdf/gr4132","LEGA - SALVINI PREMIER (18.10.2022)",
"http://dati.camera.it/ocd/deputato.rdf/d308922_19","MILANI","MASSIMO","20221018",,"http://dati.camera.it/ocd/gruppoParlamentare.rdf/gr4133","FRATELLI D'ITALIA (18.10.2022)",
"http://dati.camera.it/ocd/deputato.rdf/d302913_19","MINARDO","ANTONINO","20221018","20240419","http://dati.camera.it/ocd/gruppoParlamentare.rdf/gr4132","LEGA - SALVINI PREMIER (18.10.2022-19.04.2024)",
"http://dati.camera.it/ocd/deputato.rdf/d302913_19","MINARDO","ANTONINO","20240419","20250718","http://dati.camera.it/ocd/gruppoParlamentare.rdf/gr4111","MISTO (19.04.2024-18.07.2025)",
"http://dati.camera.it/ocd/deputato.rdf/d302913_19","MINARDO","ANTONINO","20250718",,"http://dati.camera.it/ocd/gruppoParlamentare.rdf/gr4134","FORZA ITALIA - BERLUSCONI PRESIDENTE - PPE (18.07.2025)",
"http://dati.camera.it/ocd/deputato.rdf/d307507_19","MOLINARI","RICCARDO","20221018",,"http://dati.camera.it/ocd/gruppoParlamentare.rdf/gr4132","LEGA - SALVINI PREMIER (18.10.2022)",
"http://dati.camera.it/ocd/deputato.rdf/d307424_19","MOLLICONE","FEDERICO","20221018",,"http://dati.camera.it/ocd/gruppoParlamentare.rdf/gr4133","FRATELLI D'ITALIA (18.10.2022)",
"http://dati.camera.it/ocd/deputato.rdf/d302762_19","MOLTENI","NICOLA","20221018",,"http://dati.camera.it/ocd/gruppoParlamentare.rdf/gr4132","LEGA - SALVINI PREMIER (18.10.2022)",
"http://dati.camera.it/ocd/deputato.rdf/d307464_19","MONTARULI","AUGUSTA","20221018",,"http://dati.camera.it/ocd/gruppoParlamentare.rdf/gr4133","FRATELLI D'ITALIA (18.10.2022)",
"http://dati.camera.it/ocd/deputato.rdf/d308878_19","MONTEMAGNI","ELISA","20221018",,"http://dati.camera.it/ocd/gruppoParlamentare.rdf/gr4132","LEGA - SALVINI PREMIER (18.10.2022)",
"http://dati.camera.it/ocd/deputato.rdf/d302794_19","MORASSUT","ROBERTO","20221018",,"http://dati.camera.it/ocd/gruppoParlamentare.rdf/gr4136","PARTITO DEMOCRATICO - ITALIA DEMOCRATICA E PROGRESSISTA (18.10.2022)",
"http://dati.camera.it/ocd/deputato.rdf/d308818_19","MORFINO","DANIELA","20221018",,"http://dati.camera.it/ocd/gruppoParlamentare.rdf/gr4131","MOVIMENTO 5 STELLE (18.10.2022)",
"http://dati.camera.it/ocd/deputato.rdf/d308863_19","MORGANTE","MADDALENA","20221018",,"http://dati.camera.it/ocd/gruppoParlamentare.rdf/gr4133","FRATELLI D'ITALIA (18.10.2022)",
"http://dati.camera.it/ocd/deputato.rdf/d307300_19","MORRONE","JACOPO","20221018",,"http://dati.camera.it/ocd/gruppoParlamentare.rdf/gr4132","LEGA - SALVINI PREMIER (18.10.2022)",
"http://dati.camera.it/ocd/deputato.rdf/d307130_19","MULE'","GIORGIO","20221018",,"http://dati.camera.it/ocd/gruppoParlamentare.rdf/gr4134","FORZA ITALIA - BERLUSCONI PRESIDENTE - PPE (18.10.2022)",
"http://dati.camera.it/ocd/deputato.rdf/d308859_19","MURA","FRANCESCO","20221018",,"http://dati.camera.it/ocd/gruppoParlamentare.rdf/gr4133","FRATELLI D'ITALIA (18.10.2022)",
"http://dati.camera.it/ocd/deputato.rdf/d307454_19","NEVI","RAFFAELE","20221018",,"http://dati.camera.it/ocd/gruppoParlamentare.rdf/gr4134","FORZA ITALIA - BERLUSCONI PRESIDENTE - PPE (18.10.2022)",
"http://dati.camera.it/ocd/deputato.rdf/d307851_19","NISINI","TIZIANA","20221018",,"http://dati.camera.it/ocd/gruppoParlamentare.rdf/gr4132","LEGA - SALVINI PREMIER (18.10.2022)",
"http://dati.camera.it/ocd/deputato.rdf/d308798_19","NORDIO","CARLO","20221018",,"http://dati.camera.it/ocd/gruppoParlamentare.rdf/gr4133","FRATELLI D'ITALIA (18.10.2022)",
"http://dati.camera.it/ocd/deputato.rdf/d308781_19","ONORI","FEDERICA","20221018","20240201","http://dati.camera.it/ocd/gruppoParlamentare.rdf/gr4131","MOVIMENTO 5 STELLE (18.10.2022-01.02.2024)",
"http://dati.camera.it/ocd/deputato.rdf/d308781_19","ONORI","FEDERICA","20240201",,"http://dati.camera.it/ocd/gruppoParlamentare.rdf/gr4135","AZIONE-POPOLARI EUROPEISTI RIFORMATORI-RENEW EUROPE (01.02.2024)",
"http://dati.camera.it/ocd/deputato.rdf/d305815_19","ORFINI","MATTEO","20221018",,"http://dati.camera.it/ocd/gruppoParlamentare.rdf/gr4136","PARTITO DEMOCRATICO - ITALIA DEMOCRATICA E PROGRESSISTA (18.10.2022)",
"http://dati.camera.it/ocd/deputato.rdf/d301463_19","ORLANDO","ANDREA","20221018","20250107","http://dati.camera.it/ocd/gruppoParlamentare.rdf/gr4136","PARTITO DEMOCRATICO - ITALIA DEMOCRATICA E PROGRESSISTA (18.10.2022-07.01.2025)",
"http://dati.camera.it/ocd/deputato.rdf/d307564_19","ORRICO","ANNA LAURA","20221018",,"http://dati.camera.it/ocd/gruppoParlamentare.rdf/gr4131","MOVIMENTO 5 STELLE (18.10.2022)",
"http://dati.camera.it/ocd/deputato.rdf/d300299_19","ORSINI","ANDREA GIORGIO FELICE MARIA","20221018",,"http://dati.camera.it/ocd/gruppoParlamentare.rdf/gr4134","FORZA ITALIA - BERLUSCONI PRESIDENTE - PPE (18.10.2022)",
"http://dati.camera.it/ocd/deputato.rdf/d307612_19","OSNATO","MARCO","20221018",,"http://dati.camera.it/ocd/gruppoParlamentare.rdf/gr4133","FRATELLI D'ITALIA (18.10.2022)",
"http://dati.camera.it/ocd/deputato.rdf/d308918_19","OTTAVIANI","NICOLA","20221018",,"http://dati.camera.it/ocd/gruppoParlamentare.rdf/gr4132","LEGA - SALVINI PREMIER (18.10.2022)",
"http://dati.camera.it/ocd/deputato.rdf/d308864_19","PADOVANI","MARCO","20221018",,"http://dati.camera.it/ocd/gruppoParlamentare.rdf/gr4133","FRATELLI D'ITALIA (18.10.2022)",
"http://dati.camera.it/ocd/deputato.rdf/d307857_19","PAGANO","NAZARIO","20221018",,"http://dati.camera.it/ocd/gruppoParlamentare.rdf/gr4134","FORZA ITALIA - BERLUSCONI PRESIDENTE - PPE (18.10.2022)",
"http://dati.camera.it/ocd/deputato.rdf/d307304_19","PAGANO","UBALDO","20221018","20260202","http://dati.camera.it/ocd/gruppoParlamentare.rdf/gr4136","PARTITO DEMOCRATICO - ITALIA DEMOCRATICA E PROGRESSISTA (18.10.2022-02.02.2026)",
"http://dati.camera.it/ocd/deputato.rdf/d308839_19","PALOMBI","ALESSANDRO","20221018",,"http://dati.camera.it/ocd/gruppoParlamentare.rdf/gr4133","FRATELLI D'ITALIA (18.10.2022)",
"http://dati.camera.it/ocd/deputato.rdf/d309220_19","PANDOLFO","ALBERTO","20250107",,"http://dati.camera.it/ocd/gruppoParlamentare.rdf/gr4136","PARTITO DEMOCRATICO - ITALIA DEMOCRATICA E PROGRESSISTA (07.01.2025)",
"http://dati.camera.it/ocd/deputato.rdf/d307376_19","PANIZZUT","MASSIMILIANO","20221018",,"http://dati.camera.it/ocd/gruppoParlamentare.rdf/gr4132","LEGA - SALVINI PREMIER (18.10.2022)",
"http://dati.camera.it/ocd/deputato.rdf/d308895_19","PASTORELLA","GIULIA","20221018",,"http://dati.camera.it/ocd/gruppoParlamentare.rdf/gr4135","AZIONE - ITALIA VIVA - RENEW EUROPE (18.10.2022)",
"http://dati.camera.it/ocd/deputato.rdf/d305733_19","PASTORINO","LUCA","20221018",,"http://dati.camera.it/ocd/gruppoParlamentare.rdf/gr4111","MISTO (18.10.2022)",
"http://dati.camera.it/ocd/deputato.rdf/d308852_19","PATRIARCA","ANNARITA","20221018",,"http://dati.camera.it/ocd/gruppoParlamentare.rdf/gr4134","FORZA ITALIA - BERLUSCONI PRESIDENTE - PPE (18.10.2022)",
"http://dati.camera.it/ocd/deputato.rdf/d308221_19","PAVANELLI","EMMA","20221018",,"http://dati.camera.it/ocd/gruppoParlamentare.rdf/gr4131","MOVIMENTO 5 STELLE (18.10.2022)",
"http://dati.camera.it/ocd/deputato.rdf/d307496_19","PELLA","ROBERTO","20221018",,"http://dati.camera.it/ocd/gruppoParlamentare.rdf/gr4134","FORZA ITALIA - BERLUSCONI PRESIDENTE - PPE (18.10.2022)",
"http://dati.camera.it/ocd/deputato.rdf/d307863_19","PELLEGRINI","MARCO","20221018",,"http://dati.camera.it/ocd/gruppoParlamentare.rdf/gr4131","MOVIMENTO 5 STELLE (18.10.2022)",
"http://dati.camera.it/ocd/deputato.rdf/d308792_19","PELLICINI","ANDREA","20221018",,"http://dati.camera.it/ocd/gruppoParlamentare.rdf/gr4133","FRATELLI D'ITALIA (18.10.2022)",
"http://dati.camera.it/ocd/deputato.rdf/d302746_19","PELUFFO","VINICIO GIUSEPPE GUIDO","20221018",,"http://dati.camera.it/ocd/gruppoParlamentare.rdf/gr4136","PARTITO DEMOCRATICO - ITALIA DEMOCRATICA E PROGRESSISTA (18.10.2022)",
"http://dati.camera.it/ocd/deputato.rdf/d308845_19","PENZA","PASQUALINO","20221018",,"http://dati.camera.it/ocd/gruppoParlamentare.rdf/gr4131","MOVIMENTO 5 STELLE (18.10.2022)",
"http://dati.camera.it/ocd/deputato.rdf/d307109_19","PERANTONI","MARIO","20250722",,"http://dati.camera.it/ocd/gruppoParlamentare.rdf/gr4131","MOVIMENTO 5 STELLE (22.07.2025)",
"http://dati.camera.it/ocd/deputato.rdf/d308812_19","PERISSA","MARCO","20221018",,"http://dati.camera.it/ocd/gruppoParlamentare.rdf/gr4133","FRATELLI D'ITALIA (18.10.2022)",
"http://dati.camera.it/ocd/deputato.rdf/d308816_19","PICCOLOTTI","ELISABETTA","20221018","20221027","http://dati.camera.it/ocd/gruppoParlamentare.rdf/gr4111","MISTO (18.10.2022-27.10.2022)",
"http://dati.camera.it/ocd/deputato.rdf/d308816_19","PICCOLOTTI","ELISABETTA","20221027",,"http://dati.camera.it/ocd/gruppoParlamentare.rdf/gr4154","ALLEANZA VERDI E SINISTRA (27.10.2022)",
"http://dati.camera.it/ocd/deputato.rdf/d303089_19","PICHETTO FRATIN","GILBERTO","20221018",,"http://dati.camera.it/ocd/gruppoParlamentare.rdf/gr4134","FORZA ITALIA - BERLUSCONI PRESIDENTE - PPE (18.10.2022)",
"http://dati.camera.it/ocd/deputato.rdf/d308791_19","PIERRO","ATTILIO","20221018","20251230","http://dati.camera.it/ocd/gruppoParlamentare.rdf/gr4132","LEGA - SALVINI PREMIER (18.10.2022-30.12.2025)",
"http://dati.camera.it/ocd/deputato.rdf/d308791_19","PIERRO","ATTILIO","20251230","20260120","http://dati.camera.it/ocd/gruppoParlamentare.rdf/gr4111","MISTO (30.12.2025-20.01.2026)",
"http://dati.camera.it/ocd/deputato.rdf/d308791_19","PIERRO","ATTILIO","20260120","20260608","http://dati.camera.it/ocd/gruppoParlamentare.rdf/gr4134","FORZA ITALIA - BERLUSCONI PRESIDENTE - PPE (20.01.2026-08.06.2026)",
"http://dati.camera.it/ocd/deputato.rdf/d308791_19","PIERRO","ATTILIO","20260608",,"http://dati.camera.it/ocd/gruppoParlamentare.rdf/gr4111","MISTO (08.06.2026)",
"http://dati.camera.it/ocd/deputato.rdf/d308889_19","PIETRELLA","FABIO","20221018",,"http://dati.camera.it/ocd/gruppoParlamentare.rdf/gr4133","FRATELLI D'ITALIA (18.10.2022)",
"http://dati.camera.it/ocd/deputato.rdf/d308761_19","PISANO","CALOGERO","20221018","20221027","http://dati.camera.it/ocd/gruppoParlamentare.rdf/gr4111","MISTO (18.10.2022-27.10.2022)",
"http://dati.camera.it/ocd/deputato.rdf/d308761_19","PISANO","CALOGERO","20221027","20260225","http://dati.camera.it/ocd/gruppoParlamentare.rdf/gr4152","NOI MODERATI (27.10.2022-25.02.2026)",
"http://dati.camera.it/ocd/deputato.rdf/d308761_19","PISANO","CALOGERO","20260225",,"http://dati.camera.it/ocd/gruppoParlamentare.rdf/gr4133","FRATELLI D'ITALIA (25.02.2026)",
"http://dati.camera.it/ocd/deputato.rdf/d307223_19","PITTALIS","PIETRO","20221018",,"http://dati.camera.it/ocd/gruppoParlamentare.rdf/gr4134","FORZA ITALIA - BERLUSCONI PRESIDENTE - PPE (18.10.2022)",
"http://dati.camera.it/ocd/deputato.rdf/d308942_19","PIZZIMENTI","GRAZIANO","20221018",,"http://dati.camera.it/ocd/gruppoParlamentare.rdf/gr4132","LEGA - SALVINI PREMIER (18.10.2022)",
"http://dati.camera.it/ocd/deputato.rdf/d302968_19","POLIDORI","CATIA","20221018",,"http://dati.camera.it/ocd/gruppoParlamentare.rdf/gr4134","FORZA ITALIA - BERLUSCONI PRESIDENTE - PPE (18.10.2022)",
"http://dati.camera.it/ocd/deputato.rdf/d308769_19","POLO","BARBARA","20221018",,"http://dati.camera.it/ocd/gruppoParlamentare.rdf/gr4133","FRATELLI D'ITALIA (18.10.2022)",
"http://dati.camera.it/ocd/deputato.rdf/d302902_19","PORTA","FABIO","20221018",,"http://dati.camera.it/ocd/gruppoParlamentare.rdf/gr4136","PARTITO DEMOCRATICO - ITALIA DEMOCRATICA E PROGRESSISTA (18.10.2022)",
"http://dati.camera.it/ocd/deputato.rdf/d308822_19","POZZOLO","EMANUELE","20221018","20250514","http://dati.camera.it/ocd/gruppoParlamentare.rdf/gr4133","FRATELLI D'ITALIA (18.10.2022-14.05.2025)",
"http://dati.camera.it/ocd/deputato.rdf/d308822_19","POZZOLO","EMANUELE","20250514",,"http://dati.camera.it/ocd/gruppoParlamentare.rdf/gr4111","MISTO (14.05.2025)",
"http://dati.camera.it/ocd/deputato.rdf/d307430_19","PRESTIPINO","PATRIZIA","20240709",,"http://dati.camera.it/ocd/gruppoParlamentare.rdf/gr4136","PARTITO DEMOCRATICO - ITALIA DEMOCRATICA E PROGRESSISTA (09.07.2024)",
"http://dati.camera.it/ocd/deputato.rdf/d307585_19","PRETTO","ERIK UMBERTO","20221018","20260604","http://dati.camera.it/ocd/gruppoParlamentare.rdf/gr4132","LEGA - SALVINI PREMIER (18.10.2022-04.06.2026)",
"http://dati.camera.it/ocd/deputato.rdf/d307585_19","PRETTO","ERIK UMBERTO","20260604","20260706","http://dati.camera.it/ocd/gruppoParlamentare.rdf/gr4111","MISTO (04.06.2026-06.07.2026)",
"http://dati.camera.it/ocd/deputato.rdf/d307585_19","PRETTO","ERIK UMBERTO","20260706",,"http://dati.camera.it/ocd/gruppoParlamentare.rdf/gr4134","FORZA ITALIA - BERLUSCONI PRESIDENTE - PPE (06.07.2026)",
"http://dati.camera.it/ocd/deputato.rdf/d307452_19","PRISCO","EMANUELE","20221018",,"http://dati.camera.it/ocd/gruppoParlamentare.rdf/gr4133","FRATELLI D'ITALIA (18.10.2022)",
"http://dati.camera.it/ocd/deputato.rdf/d308243_19","PROVENZANO","GIUSEPPE LUCIANO CALOGERO","20221018",,"http://dati.camera.it/ocd/gruppoParlamentare.rdf/gr4136","PARTITO DEMOCRATICO - ITALIA DEMOCRATICA E PROGRESSISTA (18.10.2022)",
"http://dati.camera.it/ocd/deputato.rdf/d308923_19","PULCIANI","PAOLO","20221018",,"http://dati.camera.it/ocd/gruppoParlamentare.rdf/gr4133","FRATELLI D'ITALIA (18.10.2022)",
"http://dati.camera.it/ocd/deputato.rdf/d306189_19","QUARTAPELLE PROCOPIO","LIA","20221018",,"http://dati.camera.it/ocd/gruppoParlamentare.rdf/gr4136","PARTITO DEMOCRATICO - ITALIA DEMOCRATICA E PROGRESSISTA (18.10.2022)",
"http://dati.camera.it/ocd/deputato.rdf/d308896_19","QUARTINI","ANDREA","20221018",,"http://dati.camera.it/ocd/gruppoParlamentare.rdf/gr4131","MOVIMENTO 5 STELLE (18.10.2022)",
"http://dati.camera.it/ocd/deputato.rdf/d307406_19","RAFFA","ANGELA","20221018",,"http://dati.camera.it/ocd/gruppoParlamentare.rdf/gr4131","MOVIMENTO 5 STELLE (18.10.2022)",
"http://dati.camera.it/ocd/deputato.rdf/d308795_19","RAIMONDO","CARMINE FABIO","20221018",,"http://dati.camera.it/ocd/gruppoParlamentare.rdf/gr4133","FRATELLI D'ITALIA (18.10.2022)",
"http://dati.camera.it/ocd/deputato.rdf/d301436_19","RAMPELLI","FABIO","20221018",,"http://dati.camera.it/ocd/gruppoParlamentare.rdf/gr4133","FRATELLI D'ITALIA (18.10.2022)",
"http://dati.camera.it/ocd/deputato.rdf/d301459_19","RAVETTO","LAURA","20221018","20260520","http://dati.camera.it/ocd/gruppoParlamentare.rdf/gr4132","LEGA - SALVINI PREMIER (18.10.2022-20.05.2026)",
"http://dati.camera.it/ocd/deputato.rdf/d301459_19","RAVETTO","LAURA","20260520",,"http://dati.camera.it/ocd/gruppoParlamentare.rdf/gr4111","MISTO (20.05.2026)",
"http://dati.camera.it/ocd/deputato.rdf/d308853_19","RICCIARDI","MARIANNA","20221018",,"http://dati.camera.it/ocd/gruppoParlamentare.rdf/gr4131","MOVIMENTO 5 STELLE (18.10.2022)",
"http://dati.camera.it/ocd/deputato.rdf/d307250_19","RICCIARDI","RICCARDO","20221018",,"http://dati.camera.it/ocd/gruppoParlamentare.rdf/gr4131","MOVIMENTO 5 STELLE (18.10.2022)",
"http://dati.camera.it/ocd/deputato.rdf/d308780_19","RICCIARDI","TONI","20221018",,"http://dati.camera.it/ocd/gruppoParlamentare.rdf/gr4136","PARTITO DEMOCRATICO - ITALIA DEMOCRATICA E PROGRESSISTA (18.10.2022)",
"http://dati.camera.it/ocd/deputato.rdf/d305708_19","RICHETTI","MATTEO","20221018",,"http://dati.camera.it/ocd/gruppoParlamentare.rdf/gr4135","AZIONE - ITALIA VIVA - RENEW EUROPE (18.10.2022)",
"http://dati.camera.it/ocd/deputato.rdf/d304521_19","RIXI","EDOARDO","20221018",,"http://dati.camera.it/ocd/gruppoParlamentare.rdf/gr4132","LEGA - SALVINI PREMIER (18.10.2022)",
"http://dati.camera.it/ocd/deputato.rdf/d305688_19","RIZZETTO","WALTER","20221018",,"http://dati.camera.it/ocd/gruppoParlamentare.rdf/gr4133","FRATELLI D'ITALIA (18.10.2022)",
"http://dati.camera.it/ocd/deputato.rdf/d302748_19","ROCCELLA","EUGENIA MARIA","20221018",,"http://dati.camera.it/ocd/gruppoParlamentare.rdf/gr4133","FRATELLI D'ITALIA (18.10.2022)",
"http://dati.camera.it/ocd/deputato.rdf/d308891_19","ROGGIANI","SILVIA","20221018",,"http://dati.camera.it/ocd/gruppoParlamentare.rdf/gr4136","PARTITO DEMOCRATICO - ITALIA DEMOCRATICA E PROGRESSISTA (18.10.2022)",
"http://dati.camera.it/ocd/deputato.rdf/d300369_19","ROMANO","FRANCESCO SAVERIO","20221018","20221027","http://dati.camera.it/ocd/gruppoParlamentare.rdf/gr4111","MISTO (18.10.2022-27.10.2022)",
"http://dati.camera.it/ocd/deputato.rdf/d300369_19","ROMANO","FRANCESCO SAVERIO","20221027",,"http://dati.camera.it/ocd/gruppoParlamentare.rdf/gr4152","NOI MODERATI (27.10.2022)",
"http://dati.camera.it/ocd/deputato.rdf/d309160_19","ROMEO","NADIA","20240709",,"http://dati.camera.it/ocd/gruppoParlamentare.rdf/gr4136","PARTITO DEMOCRATICO - ITALIA DEMOCRATICA E PROGRESSISTA (09.07.2024)",
"http://dati.camera.it/ocd/deputato.rdf/d300674_19","ROSATO","ETTORE","20221018",,"http://dati.camera.it/ocd/gruppoParlamentare.rdf/gr4135","AZIONE - ITALIA VIVA - RENEW EUROPE (18.10.2022)",
"http://dati.camera.it/ocd/deputato.rdf/d308867_19","ROSCANI","FABIO","20221018",,"http://dati.camera.it/ocd/gruppoParlamentare.rdf/gr4133","FRATELLI D'ITALIA (18.10.2022)",
"http://dati.camera.it/ocd/deputato.rdf/d307678_19","ROSSELLO","CRISTINA","20221018",,"http://dati.camera.it/ocd/gruppoParlamentare.rdf/gr4134","FORZA ITALIA - BERLUSCONI PRESIDENTE - PPE (18.10.2022)",
"http://dati.camera.it/ocd/deputato.rdf/d307306_19","ROSSI","ANDREA","20221018",,"http://dati.camera.it/ocd/gruppoParlamentare.rdf/gr4136","PARTITO DEMOCRATICO - ITALIA DEMOCRATICA E PROGRESSISTA (18.10.2022)",
"http://dati.camera.it/ocd/deputato.rdf/d308848_19","ROSSI","ANGELO","20221018",,"http://dati.camera.it/ocd/gruppoParlamentare.rdf/gr4133","FRATELLI D'ITALIA (18.10.2022)",
"http://dati.camera.it/ocd/deputato.rdf/d308877_19","ROSSI","FABRIZIO","20221018",,"http://dati.camera.it/ocd/gruppoParlamentare.rdf/gr4133","FRATELLI D'ITALIA (18.10.2022)",
"http://dati.camera.it/ocd/deputato.rdf/d308868_19","ROSSO","MATTEO","20221018",,"http://dati.camera.it/ocd/gruppoParlamentare.rdf/gr4133","FRATELLI D'ITALIA (18.10.2022)",
"http://dati.camera.it/ocd/deputato.rdf/d307455_19","ROTELLI","MAURO","20221018",,"http://dati.camera.it/ocd/gruppoParlamentare.rdf/gr4133","FRATELLI D'ITALIA (18.10.2022)",
"http://dati.camera.it/ocd/deputato.rdf/d38560_19","ROTONDI","GIANFRANCO","20221018",,"http://dati.camera.it/ocd/gruppoParlamentare.rdf/gr4133","FRATELLI D'ITALIA (18.10.2022)",
"http://dati.camera.it/ocd/deputato.rdf/d308788_19","RUBANO","FRANCESCO MARIA","20221018",,"http://dati.camera.it/ocd/gruppoParlamentare.rdf/gr4134","FORZA ITALIA - BERLUSCONI PRESIDENTE - PPE (18.10.2022)",
"http://dati.camera.it/ocd/deputato.rdf/d307478_19","RUFFINO","DANIELA","20221018",,"http://dati.camera.it/ocd/gruppoParlamentare.rdf/gr4135","AZIONE - ITALIA VIVA - RENEW EUROPE (18.10.2022)",
"http://dati.camera.it/ocd/deputato.rdf/d307889_19","RUSPANDINI","MASSIMO","20221018",,"http://dati.camera.it/ocd/gruppoParlamentare.rdf/gr4133","FRATELLI D'ITALIA (18.10.2022)",
"http://dati.camera.it/ocd/deputato.rdf/d308927_19","RUSSO","GAETANA","20221018",,"http://dati.camera.it/ocd/gruppoParlamentare.rdf/gr4133","FRATELLI D'ITALIA (18.10.2022)",
"http://dati.camera.it/ocd/deputato.rdf/d308899_19","RUSSO","PAOLO EMILIO","20221018",,"http://dati.camera.it/ocd/gruppoParlamentare.rdf/gr4134","FORZA ITALIA - BERLUSCONI PRESIDENTE - PPE (18.10.2022)",
"http://dati.camera.it/ocd/deputato.rdf/d307659_19","SACCANI","GLORIA","20221018",,"http://dati.camera.it/ocd/gruppoParlamentare.rdf/gr4134","FORZA ITALIA - BERLUSCONI PRESIDENTE - PPE (18.10.2022)",
"http://dati.camera.it/ocd/deputato.rdf/d308882_19","SALA","FABRIZIO","20221018",,"http://dati.camera.it/ocd/gruppoParlamentare.rdf/gr4134","FORZA ITALIA - BERLUSCONI PRESIDENTE - PPE (18.10.2022)",
"http://dati.camera.it/ocd/deputato.rdf/d307892_19","SANTILLO","AGOSTINO","20221018",,"http://dati.camera.it/ocd/gruppoParlamentare.rdf/gr4131","MOVIMENTO 5 STELLE (18.10.2022)",
"http://dati.camera.it/ocd/deputato.rdf/d308856_19","SARRACINO","MARCO","20221018",,"http://dati.camera.it/ocd/gruppoParlamentare.rdf/gr4136","PARTITO DEMOCRATICO - ITALIA DEMOCRATICA E PROGRESSISTA (18.10.2022)",
"http://dati.camera.it/ocd/deputato.rdf/d307360_19","SASSO","ROSSANO","20221018","20260206","http://dati.camera.it/ocd/gruppoParlamentare.rdf/gr4132","LEGA - SALVINI PREMIER (18.10.2022-06.02.2026)",
"http://dati.camera.it/ocd/deputato.rdf/d307360_19","SASSO","ROSSANO","20260206",,"http://dati.camera.it/ocd/gruppoParlamentare.rdf/gr4111","MISTO (06.02.2026)",
"http://dati.camera.it/ocd/deputato.rdf/d308908_19","SBARDELLA","LUCA","20221018",,"http://dati.camera.it/ocd/gruppoParlamentare.rdf/gr4133","FRATELLI D'ITALIA (18.10.2022)",
"http://dati.camera.it/ocd/deputato.rdf/d308803_19","SCARPA","RACHELE","20221018",,"http://dati.camera.it/ocd/gruppoParlamentare.rdf/gr4136","PARTITO DEMOCRATICO - ITALIA DEMOCRATICA E PROGRESSISTA (18.10.2022)",
"http://dati.camera.it/ocd/deputato.rdf/d307418_19","SCERRA","FILIPPO","20221018",,"http://dati.camera.it/ocd/gruppoParlamentare.rdf/gr4131","MOVIMENTO 5 STELLE (18.10.2022)",
"http://dati.camera.it/ocd/deputato.rdf/d308850_19","SCHIANO DI VISCONTI","MICHELE","20221018",,"http://dati.camera.it/ocd/gruppoParlamentare.rdf/gr4133","FRATELLI D'ITALIA (18.10.2022)",
"http://dati.camera.it/ocd/deputato.rdf/d308851_19","SCHIFONE","MARTA","20221018",,"http://dati.camera.it/ocd/gruppoParlamentare.rdf/gr4133","FRATELLI D'ITALIA (18.10.2022)",
"http://dati.camera.it/ocd/deputato.rdf/d308930_19","SCHLEIN","ELENA ETHEL","20221018",,"http://dati.camera.it/ocd/gruppoParlamentare.rdf/gr4136","PARTITO DEMOCRATICO - ITALIA DEMOCRATICA E PROGRESSISTA (18.10.2022)",
"http://dati.camera.it/ocd/deputato.rdf/d305586_19","SCHULLIAN","MANFRED","20221018",,"http://dati.camera.it/ocd/gruppoParlamentare.rdf/gr4111","MISTO (18.10.2022)",
"http://dati.camera.it/ocd/deputato.rdf/d302069_19","SCOTTO","ARTURO","20221018",,"http://dati.camera.it/ocd/gruppoParlamentare.rdf/gr4136","PARTITO DEMOCRATICO - ITALIA DEMOCRATICA E PROGRESSISTA (18.10.2022)",
"http://dati.camera.it/ocd/deputato.rdf/d307722_19","SCUTELLA'","ELISA","20221018","20250312","http://dati.camera.it/ocd/gruppoParlamentare.rdf/gr4131","MOVIMENTO 5 STELLE (18.10.2022-12.03.2025)",
"http://dati.camera.it/ocd/deputato.rdf/d308797_19","SEMENZATO","MARTINA","20221018","20221027","http://dati.camera.it/ocd/gruppoParlamentare.rdf/gr4111","MISTO (18.10.2022-27.10.2022)",
"http://dati.camera.it/ocd/deputato.rdf/d308797_19","SEMENZATO","MARTINA","20221027",,"http://dati.camera.it/ocd/gruppoParlamentare.rdf/gr4152","NOI MODERATI (27.10.2022)",
"http://dati.camera.it/ocd/deputato.rdf/d307374_19","SERRACCHIANI","DEBORA","20221018",,"http://dati.camera.it/ocd/gruppoParlamentare.rdf/gr4136","PARTITO DEMOCRATICO - ITALIA DEMOCRATICA E PROGRESSISTA (18.10.2022)",
"http://dati.camera.it/ocd/deputato.rdf/d307447_19","SILVESTRI","FRANCESCO","20221018",,"http://dati.camera.it/ocd/gruppoParlamentare.rdf/gr4131","MOVIMENTO 5 STELLE (18.10.2022)",
"http://dati.camera.it/ocd/deputato.rdf/d307175_19","SILVESTRI","RACHELE","20221018",,"http://dati.camera.it/ocd/gruppoParlamentare.rdf/gr4133","FRATELLI D'ITALIA (18.10.2022)",
"http://dati.camera.it/ocd/deputato.rdf/d308894_19","SIMIANI","MARCO","20221018",,"http://dati.camera.it/ocd/gruppoParlamentare.rdf/gr4136","PARTITO DEMOCRATICO - ITALIA DEMOCRATICA E PROGRESSISTA (18.10.2022)",
"http://dati.camera.it/ocd/deputato.rdf/d307402_19","SIRACUSANO","MATILDE","20221018",,"http://dati.camera.it/ocd/gruppoParlamentare.rdf/gr4134","FORZA ITALIA - BERLUSCONI PRESIDENTE - PPE (18.10.2022)",
"http://dati.camera.it/ocd/deputato.rdf/d307608_19","SORTE","ALESSANDRO","20221018",,"http://dati.camera.it/ocd/gruppoParlamentare.rdf/gr4134","FORZA ITALIA - BERLUSCONI PRESIDENTE - PPE (18.10.2022)",
"http://dati.camera.it/ocd/deputato.rdf/d306064_19","SOTTANELLI","GIULIO CESARE","20221018",,"http://dati.camera.it/ocd/gruppoParlamentare.rdf/gr4135","AZIONE - ITALIA VIVA - RENEW EUROPE (18.10.2022)",
"http://dati.camera.it/ocd/deputato.rdf/d308929_19","SOUMAHORO","ABOUBAKAR","20221018","20221027","http://dati.camera.it/ocd/gruppoParlamentare.rdf/gr4111","MISTO (18.10.2022-27.10.2022)",
"http://dati.camera.it/ocd/deputato.rdf/d308929_19","SOUMAHORO","ABOUBAKAR","20221027","20230109","http://dati.camera.it/ocd/gruppoParlamentare.rdf/gr4154","ALLEANZA VERDI E SINISTRA (27.10.2022-09.01.2023)",
"http://dati.camera.it/ocd/deputato.rdf/d308929_19","SOUMAHORO","ABOUBAKAR","20230109",,"http://dati.camera.it/ocd/gruppoParlamentare.rdf/gr4111","MISTO (09.01.2023)",
"http://dati.camera.it/ocd/deputato.rdf/d305974_19","SPERANZA","ROBERTO","20221018",,"http://dati.camera.it/ocd/gruppoParlamentare.rdf/gr4136","PARTITO DEMOCRATICO - ITALIA DEMOCRATICA E PROGRESSISTA (18.10.2022)",
"http://dati.camera.it/ocd/deputato.rdf/d307202_19","SPORTIELLO","GILDA","20221018",,"http://dati.camera.it/ocd/gruppoParlamentare.rdf/gr4131","MOVIMENTO 5 STELLE (18.10.2022)",
"http://dati.camera.it/ocd/deputato.rdf/d306214_19","SQUERI","LUCA","20221018",,"http://dati.camera.it/ocd/gruppoParlamentare.rdf/gr4134","FORZA ITALIA - BERLUSCONI PRESIDENTE - PPE (18.10.2022)",
"http://dati.camera.it/ocd/deputato.rdf/d308817_19","STEFANAZZI","CLAUDIO MICHELE","20221018",,"http://dati.camera.it/ocd/gruppoParlamentare.rdf/gr4136","PARTITO DEMOCRATICO - ITALIA DEMOCRATICA E PROGRESSISTA (18.10.2022)",
"http://dati.camera.it/ocd/deputato.rdf/d307571_19","STEFANI","ALBERTO","20221018","20251209","http://dati.camera.it/ocd/gruppoParlamentare.rdf/gr4132","LEGA - SALVINI PREMIER (18.10.2022-09.12.2025)",
"http://dati.camera.it/ocd/deputato.rdf/d307902_19","STEGER","DIETER","20221018",,"http://dati.camera.it/ocd/gruppoParlamentare.rdf/gr4111","MISTO (18.10.2022)",
"http://dati.camera.it/ocd/deputato.rdf/d306139_19","STUMPO","NICOLA","20221018",,"http://dati.camera.it/ocd/gruppoParlamentare.rdf/gr4136","PARTITO DEMOCRATICO - ITALIA DEMOCRATICA E PROGRESSISTA (18.10.2022)",
"http://dati.camera.it/ocd/deputato.rdf/d307903_19","SUDANO","VALERIA CARMELA MARIA","20221018",,"http://dati.camera.it/ocd/gruppoParlamentare.rdf/gr4132","LEGA - SALVINI PREMIER (18.10.2022)",
"http://dati.camera.it/ocd/deputato.rdf/d34580_19","TABACCI","BRUNO","20221018","20260709","http://dati.camera.it/ocd/gruppoParlamentare.rdf/gr4136","PARTITO DEMOCRATICO - ITALIA DEMOCRATICA E PROGRESSISTA (18.10.2022-09.07.2026)",
"http://dati.camera.it/ocd/deputato.rdf/d34580_19","TABACCI","BRUNO","20260709",,"http://dati.camera.it/ocd/gruppoParlamentare.rdf/gr4111","MISTO (09.07.2026)",
"http://dati.camera.it/ocd/deputato.rdf/d308838_19","TAJANI","ANTONIO","20221018",,"http://dati.camera.it/ocd/gruppoParlamentare.rdf/gr4134","FORZA ITALIA - BERLUSCONI PRESIDENTE - PPE (18.10.2022)",
"http://dati.camera.it/ocd/deputato.rdf/d308925_19","TASSINARI","ROSARIA","20221018",,"http://dati.camera.it/ocd/gruppoParlamentare.rdf/gr4134","FORZA ITALIA - BERLUSCONI PRESIDENTE - PPE (18.10.2022)",
"http://dati.camera.it/ocd/deputato.rdf/d308879_19","TENERINI","CHIARA","20221018",,"http://dati.camera.it/ocd/gruppoParlamentare.rdf/gr4134","FORZA ITALIA - BERLUSCONI PRESIDENTE - PPE (18.10.2022)",
"http://dati.camera.it/ocd/deputato.rdf/d308866_19","TESTA","GUERINO","20221018",,"http://dati.camera.it/ocd/gruppoParlamentare.rdf/gr4133","FRATELLI D'ITALIA (18.10.2022)",
"http://dati.camera.it/ocd/deputato.rdf/d308782_19","TIRELLI","FRANCO","20221018","20221027","http://dati.camera.it/ocd/gruppoParlamentare.rdf/gr4111","MISTO (18.10.2022-27.10.2022)",
"http://dati.camera.it/ocd/deputato.rdf/d308782_19","TIRELLI","FRANCO","20221027",,"http://dati.camera.it/ocd/gruppoParlamentare.rdf/gr4152","NOI MODERATI (27.10.2022)",
"http://dati.camera.it/ocd/deputato.rdf/d307983_19","TOCCALINI","LUCA","20221018",,"http://dati.camera.it/ocd/gruppoParlamentare.rdf/gr4132","LEGA - SALVINI PREMIER (18.10.2022)",
"http://dati.camera.it/ocd/deputato.rdf/d308270_19","TODDE","ALESSANDRA","20221018","20240409","http://dati.camera.it/ocd/gruppoParlamentare.rdf/gr4131","MOVIMENTO 5 STELLE (18.10.2022-09.04.2024)",
"http://dati.camera.it/ocd/deputato.rdf/d307234_19","TORTO","DANIELA","20221018",,"http://dati.camera.it/ocd/gruppoParlamentare.rdf/gr4131","MOVIMENTO 5 STELLE (18.10.2022)",
"http://dati.camera.it/ocd/deputato.rdf/d308865_19","TOSI","FLAVIO","20221018","20240709","http://dati.camera.it/ocd/gruppoParlamentare.rdf/gr4134","FORZA ITALIA - BERLUSCONI PRESIDENTE - PPE (18.10.2022-09.07.2024)",
"http://dati.camera.it/ocd/deputato.rdf/d307457_19","TRANCASSINI","PAOLO","20221018",,"http://dati.camera.it/ocd/gruppoParlamentare.rdf/gr4133","FRATELLI D'ITALIA (18.10.2022)",
"http://dati.camera.it/ocd/deputato.rdf/d307132_19","TRAVERSI","ROBERTO","20221018","20260429","http://dati.camera.it/ocd/gruppoParlamentare.rdf/gr4131","MOVIMENTO 5 STELLE (18.10.2022-29.04.2026)",
"http://dati.camera.it/ocd/deputato.rdf/d307132_19","TRAVERSI","ROBERTO","20260429","20260728","http://dati.camera.it/ocd/gruppoParlamentare.rdf/gr4111","MISTO (29.04.2026-28.07.2026)",
"http://dati.camera.it/ocd/deputato.rdf/d307132_19","TRAVERSI","ROBERTO","20260728",,"http://dati.camera.it/ocd/gruppoParlamentare.rdf/gr4133","FRATELLI D'ITALIA (28.07.2026)",
"http://dati.camera.it/ocd/deputato.rdf/d308907_19","TREMAGLIA","ANDREA","20221018",,"http://dati.camera.it/ocd/gruppoParlamentare.rdf/gr4133","FRATELLI D'ITALIA (18.10.2022)",
"http://dati.camera.it/ocd/deputato.rdf/d39130_19","TREMONTI","GIULIO CARLO DANILO","20221018",,"http://dati.camera.it/ocd/gruppoParlamentare.rdf/gr4133","FRATELLI D'ITALIA (18.10.2022)",
"http://dati.camera.it/ocd/deputato.rdf/d307726_19","TUCCI","RICCARDO","20221018",,"http://dati.camera.it/ocd/gruppoParlamentare.rdf/gr4131","MOVIMENTO 5 STELLE (18.10.2022)",
"http://dati.camera.it/ocd/deputato.rdf/d308862_19","URZI'","ALESSANDRO","20221018",,"http://dati.camera.it/ocd/gruppoParlamentare.rdf/gr4133","FRATELLI D'ITALIA (18.10.2022)",
"http://dati.camera.it/ocd/deputato.rdf/d306497_19","VACCARI","STEFANO","20221018",,"http://dati.camera.it/ocd/gruppoParlamentare.rdf/gr4136","PARTITO DEMOCRATICO - ITALIA DEMOCRATICA E PROGRESSISTA (18.10.2022)",
"http://dati.camera.it/ocd/deputato.rdf/d307400_19","VARCHI","MARIA CAROLINA","20221018",,"http://dati.camera.it/ocd/gruppoParlamentare.rdf/gr4133","FRATELLI D'ITALIA (18.10.2022)",
"http://dati.camera.it/ocd/deputato.rdf/d308789_19","VIETRI","MARIA IMMACOLATA","20221018",,"http://dati.camera.it/ocd/gruppoParlamentare.rdf/gr4133","FRATELLI D'ITALIA (18.10.2022)",
"http://dati.camera.it/ocd/deputato.rdf/d309280_19","VIGGIANO","FRANCESCA","20260203",,"http://dati.camera.it/ocd/gruppoParlamentare.rdf/gr4136","PARTITO DEMOCRATICO - ITALIA DEMOCRATICA E PROGRESSISTA (03.02.2026)",
"http://dati.camera.it/ocd/deputato.rdf/d307334_19","VINCI","GIANLUCA","20221018",,"http://dati.camera.it/ocd/gruppoParlamentare.rdf/gr4133","FRATELLI D'ITALIA (18.10.2022)",
"http://dati.camera.it/ocd/deputato.rdf/d308847_19","VOLPI","ANDREA","20221018",,"http://dati.camera.it/ocd/gruppoParlamentare.rdf/gr4133","FRATELLI D'ITALIA (18.10.2022)",
"http://dati.camera.it/ocd/deputato.rdf/d306272_19","ZAN","ALESSANDRO","20221018","20240709","http://dati.camera.it/ocd/gruppoParlamentare.rdf/gr4136","PARTITO DEMOCRATICO - ITALIA DEMOCRATICA E PROGRESSISTA (18.10.2022-09.07.2024)",
"http://dati.camera.it/ocd/deputato.rdf/d300469_19","ZANELLA","LUANA","20221018","20221027","http://dati.camera.it/ocd/gruppoParlamentare.rdf/gr4111","MISTO (18.10.2022-27.10.2022)",
"http://dati.camera.it/ocd/deputato.rdf/d300469_19","ZANELLA","LUANA","20221027",,"http://dati.camera.it/ocd/gruppoParlamentare.rdf/gr4154","ALLEANZA VERDI E SINISTRA (27.10.2022)",
"http://dati.camera.it/ocd/deputato.rdf/d306521_19","ZARATTI","FILIBERTO","20221018","20221027","http://dati.camera.it/ocd/gruppoParlamentare.rdf/gr4111","MISTO (18.10.2022-27.10.2022)",
"http://dati.camera.it/ocd/deputato.rdf/d306521_19","ZARATTI","FILIBERTO","20221027",,"http://dati.camera.it/ocd/gruppoParlamentare.rdf/gr4154","ALLEANZA VERDI E SINISTRA (27.10.2022)",
"http://dati.camera.it/ocd/deputato.rdf/d307143_19","ZIELLO","EDOARDO","20221018","20260206","http://dati.camera.it/ocd/gruppoParlamentare.rdf/gr4132","LEGA - SALVINI PREMIER (18.10.2022-06.02.2026)",
"http://dati.camera.it/ocd/deputato.rdf/d307143_19","ZIELLO","EDOARDO","20260206",,"http://dati.camera.it/ocd/gruppoParlamentare.rdf/gr4111","MISTO (06.02.2026)",
"http://dati.camera.it/ocd/deputato.rdf/d308842_19","ZINGARETTI","NICOLA","20221018","20240709","http://dati.camera.it/ocd/gruppoParlamentare.rdf/gr4136","PARTITO DEMOCRATICO - ITALIA DEMOCRATICA E PROGRESSISTA (18.10.2022-09.07.2024)",
"http://dati.camera.it/ocd/deputato.rdf/d308873_19","ZINZI","GIANPIERO","20221018",,"http://dati.camera.it/ocd/gruppoParlamentare.rdf/gr4132","LEGA - SALVINI PREMIER (18.10.2022)",
"http://dati.camera.it/ocd/deputato.rdf/d307616_19","ZOFFILI","EUGENIO","20221018",,"http://dati.camera.it/ocd/gruppoParlamentare.rdf/gr4132","LEGA - SALVINI PREMIER (18.10.2022)",
"http://dati.camera.it/ocd/deputato.rdf/d307142_19","ZUCCONI","RICCARDO","20221018",,"http://dati.camera.it/ocd/gruppoParlamentare.rdf/gr4133","FRATELLI D'ITALIA (18.10.2022)",
"http://dati.camera.it/ocd/deputato.rdf/d308813_19","ZURZOLO","IMMACOLATA","20221018",,"http://dati.camera.it/ocd/gruppoParlamentare.rdf/gr4133","FRATELLI D'ITALIA (18.10.2022)",
