president,veto_date,act_title,process_or_print,sejm_passed_date,third_reading_sitting,third_reading_vote_no,pis_yes,pis_no,pis_abstain,pis_absent,pis_members,all_yes,all_no,all_abstain,override_sitting,override_vote_no,override_yes,override_no,override_abstain,override_required_stated,source,veto_print,veto_stage_date,senate_position,senate_votes,override_decision,pis_majority_no,pis_majority_no_of_voting,override_required_ceil_3_5,override_check,rozwojplus_yes,rozwojplus_no,rozwojplus_abstain,rozwojplus_absent,sejm_final_vote_date
Andrzej Duda,2023-12-27,ustawy z dnia 21 grudnia 2023 r. o szczególnych rozwiązaniach służących realizacji ustawy budżetowej na rok 2024,proc 128; veto print 138,2023-12-21,1,140,3,5,11,172,191,244,22,11,,,,,,,Sejm API: term10/processes/128 (stage 'Wniosek Prezydenta (weto)'); term10/prints/138 (veto date = documentDate); term10/votings/1/140 per-MP,138,2023-12-27,nie wniósł poprawek,,"no override vote held (data to sitting 65, 18 Sep 2026)",no,no,,,,,,,2023-12-21
Andrzej Duda,2024-03-29,ustawy z dnia 22 lutego 2024 r. o zmianie ustawy - Prawo farmaceutyczne,proc 185; veto print 295,2024-02-22,6,14,0,170,1,18,189,224,196,1,,,,,,,Sejm API: term10/processes/185 (stage 'Wniosek Prezydenta (weto)'); term10/prints/295 (veto date = documentDate); term10/votings/6/14 per-MP,295,2024-03-29,nie wniósł poprawek,,"no override vote held (data to sitting 65, 18 Sep 2026)",yes,yes,,,,,,,2024-02-22
Andrzej Duda,2024-05-28,ustawy z dnia 26 kwietnia 2024 r. o zmianie ustawy o mniejszościach narodowych i etnicznych oraz o języku regionalnym oraz niektórych innych ustaw,proc 233; veto print 434,2024-04-26,10,13,2,167,4,16,189,236,186,5,,,,,,,Sejm API: term10/processes/233 (stage 'Wniosek Prezydenta (weto)'); term10/prints/434 (veto date = documentDate); term10/votings/10/13 per-MP,434,2024-05-28,nie wniósł poprawek,,"no override vote held (data to sitting 65, 18 Sep 2026)",yes,yes,,,,,,,2024-04-26
Andrzej Duda,2024-08-14,ustawy z dnia 24 lipca 2024 r. o uchyleniu ustawy o Państwowej Komisji do spraw badania wpływów rosyjskich na bezpieczeństwo wewnętrzne Rzeczypospolitej Polskiej w latach 2007-2022,proc 351; veto print 620,2024-07-24,16,19,0,180,0,10,190,259,184,0,,,,,,,Sejm API: term10/processes/351 (stage 'Wniosek Prezydenta (weto)'); term10/prints/620 (veto date = documentDate); term10/votings/16/19 per-MP,620,2024-08-14,nie wniósł poprawek,,"no override vote held (data to sitting 65, 18 Sep 2026)",yes,yes,,,,,,,2024-07-24
Andrzej Duda,2025-03-08,ustawy z dnia 24 stycznia 2025 r. o szczególnych rozwiązaniach w zakresie rozpoznawania przez Sąd Najwyższy spraw związanych z wyborami Prezydenta Rzeczypospolitej Polskiej oraz wyborami uzupełniającymi do Senatu Rzeczypospolitej Polskiej zarządzonymi w 2025 r,proc 923; veto print 1117,2025-01-24,27,15,0,182,0,8,190,220,204,20,,,,,,,Sejm API: term10/processes/923 (stage 'Wniosek Prezydenta (weto)'); term10/prints/1117 (veto date = documentDate); term10/votings/27/15 per-MP,1117,2025-03-08,nie wniósł poprawek,,"no override vote held (data to sitting 65, 18 Sep 2026)",yes,yes,,,,,,,2025-01-24
Andrzej Duda,2025-05-07,ustawy z dnia 4 kwietnia 2025 r. o zmianie ustawy o świadczeniach opieki zdrowotnej finansowanych ze środków publicznych oraz niektórych innych ustaw,proc 838; veto print 1236,2025-04-04,32,17,1,166,7,16,190,213,190,25,,,,,,,Sejm API: term10/processes/838 (stage 'Wniosek Prezydenta (weto)'); term10/prints/1236 (veto date = documentDate); term10/votings/32/17 per-MP,1236,2025-05-07,nie wniósł poprawek,,"no override vote held (data to sitting 65, 18 Sep 2026)",yes,yes,,,,,,,2025-04-04
Andrzej Duda,2025-08-05,"ustawy z dnia 25 czerwca 2025 r. o zmianie ustawy z dnia 25 czerwca 2025 r. o zmianie ustawy o Służbie Więziennej oraz ustawy o ustanowieniu ""Programu modernizacji Policji, Straży Granicznej, Państwowej Straży Pożarnej i Służby Ochrony Państwa w latach 2022-2025"", o ustanowieniu ""Programu modernizacji Służby Więziennej w latach 2022-2025"" oraz o zmianie ustawy o Policji i niektórych innych ustaw",proc 1243; veto print 1640,2025-06-25,37,33,0,171,0,18,189,232,175,18,,,,,,,Sejm API: term10/processes/1243 (stage 'Wniosek Prezydenta (weto)'); term10/prints/1640 (veto date = documentDate); term10/votings/37/33 per-MP,1640,2025-08-05,nie wniósł poprawek,,"no override vote held (data to sitting 65, 18 Sep 2026)",yes,yes,,,,,,,2025-06-25
Andrzej Duda,2025-08-05,ustawy z dnia 25 lipca 2025 r. o likwidacji Akademii Kopernikańskiej i Szkoły Głównej Mikołaja Kopernika,proc 1284; veto print 1641,2025-07-09,38,47,0,175,0,14,189,254,180,2,,,,,,,Sejm API: term10/processes/1284 (stage 'Wniosek Prezydenta (weto)'); term10/prints/1641 (veto date = documentDate); term10/votings/38/47 per-MP,1641,2025-08-05,wniósł poprawki,39/102 2025-07-25 [poprawka 1] reject y171 n238 a18 req214 (PiS y167 n1 a0); 39/103 2025-07-25 [poprawka 2] reject y170 n238 a18 req214 (PiS y166 n1 a0); 39/104 2025-07-25 [poprawka 3] reject y172 n236 a18 req214 (PiS y168 n0 a0); 39/105 2025-07-25 [poprawka 4] reject y170 n235 a18 req212 (PiS y166 n0 a0),"no override vote held (data to sitting 65, 18 Sep 2026)",yes,yes,,,,,,,2025-07-25
Karol Nawrocki,2025-08-21,ustawy z dnia 5 sierpnia 2025 r. o zmianie ustawy o inwestycjach w zakresie elektrowni wiatrowych oraz niektórych innych ustaw,proc 1130; veto print 1642,2025-06-25,37,60,2,170,0,17,189,231,193,1,,,,,,,"Sejm API: term10/processes/1130 (stage 'Wniosek Prezydenta (weto)'); term10/prints/1642 (veto date = documentDate); term10/votings/37/60 per-MP; cross-checked: rp.pl art43578771 list (Nawrocki, 2025)",1642,2025-08-21,wniósł poprawki,"39/162 2025-08-05 [poprawki nr 1 i 27] reject y182 n255 a1 req220 (PiS y178 n0 a0); 39/163 2025-08-05 [poprawki nr 2, 5, 7, 9-10 oraz 23-24] reject y195 n241 a0 req219 (PiS y178 n0 a0); 39/164 2025-08-05 [poprawka 3] reject y218 n214 a0 req217 (PiS y173 n0 a0); 39/165 2025-08-05 [poprawki nr 4 i 6] reject y197 n237 a0 req218 (PiS y176 n0 a0); 39/166 2025-08-05 [poprawka 8] reject y181 n239 a17 req219 (PiS y177 n0 a0); 39/167 2025-08-05 [poprawka 11] reject y199 n239 a0 req220 (PiS y178 n0 a0); 39/168 2025-08-05 [poprawki nr 12-16 oraz 19-21] reject y179 n238 a17 req218 (PiS y176 n0 a0); 39/169 2025-08-05 [poprawka 17] reject y181 n239 a17 req219 (PiS y177 n0 a0); 39/170 2025-08-05 [poprawka 18] reject y182 n254 a0 req219 (PiS y178 n0 a0); 39/171 2025-08-05 [poprawka 22] reject y196 n237 a0 req217 (PiS y176 n0 a0); 39/172 2025-08-05 [poprawka 25] reject y422 n14 a0 req219 (PiS y177 n0 a0); 39/173 2025-08-05 [poprawka 26] reject y432 n0 a0 req217 (PiS y174 n0 a0)","no override vote held (data to sitting 65, 18 Sep 2026)",yes,yes,,,,,,,2025-08-05
Karol Nawrocki,2025-08-25,ustawy z dnia 25 lipca 2025 r. o zmianie niektórych ustaw w celu dokonania deregulacji w zakresie energetyki,proc 1310; veto print 1643,2025-07-25,39,38,1,169,0,19,189,251,169,14,,,,,,,"Sejm API: term10/processes/1310 (stage 'Wniosek Prezydenta (weto)'); term10/prints/1643 (veto date = documentDate); term10/votings/39/38 per-MP; cross-checked: rp.pl art43578771 list (Nawrocki, 2025)",1643,2025-08-25,nie wniósł poprawek,,"no override vote held (data to sitting 65, 18 Sep 2026)",yes,yes,,,,,,,2025-07-25
Karol Nawrocki,2025-08-25,ustawy z dnia 5 sierpnia 2025 r. o zmianie ustawy o pomocy obywatelom Ukrainy w związku z konfliktem zbrojnym na terytorium tego państwa oraz niektórych innych ustaw,proc 1492; veto print 1644,2025-08-05,39,156,1,106,61,21,189,239,125,64,,,,,,,"Sejm API: term10/processes/1492 (stage 'Wniosek Prezydenta (weto)'); term10/prints/1644 (veto date = documentDate); term10/votings/39/156 per-MP; cross-checked: rp.pl art43578771 list (Nawrocki, 2025)",1644,2025-08-25,nie wniósł poprawek,,"no override vote held (data to sitting 65, 18 Sep 2026)",yes,yes,,,,,,,2025-08-05
Karol Nawrocki,2025-08-25,ustawy z dnia 25 lipca 2025 r. o zmianie ustawy - Kodeks karny skarbowy oraz ustawy - Ordynacja podatkowa,proc 1313; veto print 1645,2025-07-25,39,53,2,171,0,16,189,258,177,0,,,,,,,"Sejm API: term10/processes/1313 (stage 'Wniosek Prezydenta (weto)'); term10/prints/1645 (veto date = documentDate); term10/votings/39/53 per-MP; cross-checked: rp.pl art43578771 list (Nawrocki, 2025)",1645,2025-08-25,nie wniósł poprawek,,"no override vote held (data to sitting 65, 18 Sep 2026)",yes,yes,,,,,,,2025-07-25
Karol Nawrocki,2025-08-27,"ustawy z dnia 5 sierpnia 2025 r. o zmianie ustawy o zapasach ropy naftowej, produktów naftowych i gazu ziemnego oraz zasadach postępowania w sytuacjach zagrożenia bezpieczeństwa paliwowego państwa i zakłóceń na rynku naftowym oraz niektórych innych ustaw",proc 1239; veto print 1646,2025-07-09,38,34,0,174,0,15,189,241,196,0,,,,,,,"Sejm API: term10/processes/1239 (stage 'Wniosek Prezydenta (weto)'); term10/prints/1646 (veto date = documentDate); term10/votings/38/34 per-MP; cross-checked: rp.pl art43578771 list (Nawrocki, 2025)",1646,2025-08-27,wniósł poprawki,39/176 2025-08-05 [poprawka 1] reject y178 n252 a0 req216 (PiS y174 n0 a0); 39/177 2025-08-05 [poprawka 2] reject y197 n239 a0 req219 (PiS y177 n0 a0); 39/178 2025-08-05 [poprawki nr 3-4 oraz 7-8] reject y180 n254 a0 req218 (PiS y176 n0 a0); 39/179 2025-08-05 [poprawka 5] reject y182 n239 a16 req219 (PiS y177 n0 a0); 39/180 2025-08-05 [poprawka 6] reject y180 n256 a0 req219 (PiS y176 n0 a0); 39/181 2025-08-05 [poprawka 9] reject y181 n255 a0 req219 (PiS y177 n0 a0),"no override vote held (data to sitting 65, 18 Sep 2026)",yes,yes,,,,,,,2025-08-05
Karol Nawrocki,2025-08-27,ustawy z dnia 5 sierpnia 2025 r. o zmianie ustawy o środkach ochrony roślin,proc 1430; veto print 1647,2025-07-25,39,76,0,169,0,20,189,236,191,0,,,,,,,"Sejm API: term10/processes/1430 (stage 'Wniosek Prezydenta (weto)'); term10/prints/1647 (veto date = documentDate); term10/votings/39/76 per-MP; cross-checked: rp.pl art43578771 list (Nawrocki, 2025)",1647,2025-08-27,wniósł poprawki,39/191 2025-08-05 [poprawka 1] reject y0 n423 a0 req212 (PiS y0 n167 a0); 39/192 2025-08-05 [poprawka 2] reject y19 n413 a0 req217 (PiS y19 n154 a0); 39/193 2025-08-05 [poprawka 3] reject y109 n326 a0 req218 (PiS y107 n70 a0),"no override vote held (data to sitting 65, 18 Sep 2026)",yes,yes,,,,,,,2025-08-05
Karol Nawrocki,2025-08-29,ustawy z dnia 5 sierpnia 2025 r. o zmianie ustawy o przeciwdziałaniu zagrożeniom przestępczością na tle seksualnym i ochronie małoletnich oraz niektórych innych ustaw,proc 1381; veto print 1648,2025-08-05,39,144,0,0,172,17,189,239,0,193,,,,,,,"Sejm API: term10/processes/1381 (stage 'Wniosek Prezydenta (weto)'); term10/prints/1648 (veto date = documentDate); term10/votings/39/144 per-MP; cross-checked: rp.pl art43578771 list (Nawrocki, 2025)",1648,2025-08-29,nie wniósł poprawek,,"no override vote held (data to sitting 65, 18 Sep 2026)",no,no,,,,,,,2025-08-05
Karol Nawrocki,2025-10-15,ustawy z dnia 12 września 2025 r. o zmianie ustawy o mniejszościach narodowych i etnicznych oraz o języku regionalnym oraz niektórych innych ustaw,proc 321; veto print 1848,2025-09-12,40,97,1,171,1,15,188,231,193,3,,,,,,,"Sejm API: term10/processes/321 (stage 'Wniosek Prezydenta (weto)'); term10/prints/1848 (veto date = documentDate); term10/votings/40/97 per-MP; cross-checked: rp.pl art43578771 list (Nawrocki, 2025)",1848,2025-10-15,nie wniósł poprawek,,"no override vote held (data to sitting 65, 18 Sep 2026)",yes,yes,,,,,,,2025-09-12
Karol Nawrocki,2025-11-06,"ustawy z dnia 26 września 2025 r. o zmianie ustawy o ubezpieczeniach obowiązkowych, Ubezpieczeniowym Funduszu Gwarancyjnym i Polskim Biurze Ubezpieczycieli Komunikacyjnych",proc 1607; veto print 1958,2025-09-26,41,83,1,174,0,13,188,230,195,0,,,,,,,"Sejm API: term10/processes/1607 (stage 'Wniosek Prezydenta (weto)'); term10/prints/1958 (veto date = documentDate); term10/votings/41/83 per-MP; cross-checked: rp.pl art43578771 list (Nawrocki, 2025)",1958,2025-11-06,nie wniósł poprawek,,"no override vote held (data to sitting 65, 18 Sep 2026)",yes,yes,,,,,,,2025-09-26
Karol Nawrocki,2025-11-07,ustawy z dnia 17 października 2025 r. o utworzeniu Parku Narodowego Doliny Dolnej Odry,proc 1721; veto print 1957,2025-09-26,41,100,0,174,0,14,188,226,198,0,,,,,,,"Sejm API: term10/processes/1721 (stage 'Wniosek Prezydenta (weto)'); term10/prints/1957 (veto date = documentDate); term10/votings/41/100 per-MP; cross-checked: rp.pl art43578771 list (Nawrocki, 2025)",1957,2025-11-07,wniósł poprawki,43/74 2025-10-17 [poprawka 1] reject y14 n233 a190 req219 (PiS y1 n0 a177); 43/75 2025-10-17 [poprawka 2] reject y420 n0 a23 req222 (PiS y178 n0 a1),"no override vote held (data to sitting 65, 18 Sep 2026)",yes,yes,,,,,,,2025-10-17
Karol Nawrocki,2025-11-07,"ustawy z dnia 26 września 2025 r. o zmianie ustawy o Krajowym Rejestrze Karnym, ustawy - Kodeks spółek handlowych, ustawy o odpowiedzialności podmiotów zbiorowych za czyny zabronione pod groźbą kary oraz ustawy o przeciwdziałaniu praniu pieniędzy oraz finansowaniu terroryzmu",proc 1440; veto print 1959,2025-09-26,41,82,0,175,0,13,188,222,186,15,,,,,,,"Sejm API: term10/processes/1440 (stage 'Wniosek Prezydenta (weto)'); term10/prints/1959 (veto date = documentDate); term10/votings/41/82 per-MP; cross-checked: rp.pl art43578771 list (Nawrocki, 2025)",1959,2025-11-07,nie wniósł poprawek,,"no override vote held (data to sitting 65, 18 Sep 2026)",yes,yes,,,,,,,2025-09-26
Karol Nawrocki,2025-11-07,ustawy z dnia 26 września 2025 r. o zmianie ustawy - Prawo o ruchu drogowym oraz niektórych innych ustaw,proc 1427; veto print 1960,2025-09-26,41,94,2,0,170,16,188,244,0,174,,,,,,,"Sejm API: term10/processes/1427 (stage 'Wniosek Prezydenta (weto)'); term10/prints/1960 (veto date = documentDate); term10/votings/41/94 per-MP; cross-checked: rp.pl art43578771 list (Nawrocki, 2025)",1960,2025-11-07,nie wniósł poprawek,,"no override vote held (data to sitting 65, 18 Sep 2026)",no,no,,,,,,,2025-09-26
Karol Nawrocki,2025-11-07,ustawy z dnia 26 września 2025 r. o zmianie ustawy o zbiorowym zaopatrzeniu w wodę i zbiorowym odprowadzaniu ścieków oraz niektórych innych ustaw,proc 1606; veto print 1961,2025-09-26,41,50,0,174,0,14,188,228,195,0,,,,,,,"Sejm API: term10/processes/1606 (stage 'Wniosek Prezydenta (weto)'); term10/prints/1961 (veto date = documentDate); term10/votings/41/50 per-MP; cross-checked: rp.pl art43578771 list (Nawrocki, 2025)",1961,2025-11-07,nie wniósł poprawek,,"no override vote held (data to sitting 65, 18 Sep 2026)",yes,yes,,,,,,,2025-09-26
Karol Nawrocki,2025-11-27,ustawy z dnia 17 października 2025 r. o zmianie ustawy - Kodeks wyborczy,proc 1389; veto print 2039,2025-10-17,43,36,3,174,0,11,188,243,198,0,,,,,,,"Sejm API: term10/processes/1389 (stage 'Wniosek Prezydenta (weto)'); term10/prints/2039 (veto date = documentDate); term10/votings/43/36 per-MP; cross-checked: rp.pl art43578771 list (Nawrocki, 2025)",2039,2025-11-27,nie wniósł poprawek,,"no override vote held (data to sitting 65, 18 Sep 2026)",yes,yes,,,,,,,2025-10-17
Karol Nawrocki,2025-11-27,ustawy z dnia 17 października 2025 r. o zmianie ustawy o podatku dochodowym od osób prawnych,proc 1753; veto print 2040,2025-10-17,43,49,0,175,2,11,188,233,199,3,,,,,,,"Sejm API: term10/processes/1753 (stage 'Wniosek Prezydenta (weto)'); term10/prints/2040 (veto date = documentDate); term10/votings/43/49 per-MP; cross-checked: rp.pl art43578771 list (Nawrocki, 2025)",2040,2025-11-27,nie wniósł poprawek,,"no override vote held (data to sitting 65, 18 Sep 2026)",yes,yes,,,,,,,2025-10-17
Karol Nawrocki,2025-12-01,ustawy z dnia 7 listopada 2025 r. o rynku kryptoaktywów,proc 1424; veto print 2048,2025-09-26,41,63,0,174,0,14,188,230,196,0,46,75,243,192,0,261,"Sejm API: term10/processes/1424 (stage 'Wniosek Prezydenta (weto)'); term10/prints/2048 (veto date = documentDate); term10/votings/41/63 per-MP; cross-checked: rp.pl art43578771 list (Nawrocki, 2025)",2048,2025-12-01,wniósł poprawki,"44/91 2025-11-07 [poprawki nr 1-3, 5, 14, 16-17, 19-20, 22, 28, 30, 32, 34-35, 46, 52, 59 oraz 62-64] reject y429 n0 a17 req224 (PiS y178 n0 a1); 44/92 2025-11-07 [poprawki nr 4, 6-9, 11-13, 24, 29, 31, 33, 36, 38-43, 45, 47, 49-51, 53-54, 58, 60-61, 65, 68-71 oraz 74-81] reject y183 n246 a16 req223 (PiS y179 n0 a0); 44/93 2025-11-07 [poprawka 10] reject y182 n246 a16 req223 (PiS y178 n0 a0); 44/94 2025-11-07 [poprawka 15] reject y183 n247 a16 req224 (PiS y179 n0 a0); 44/95 2025-11-07 [poprawka 18] reject y182 n240 a17 req220 (PiS y178 n0 a1); 44/96 2025-11-07 [poprawka 21] reject y421 n1 a22 req223 (PiS y178 n0 a1); 44/97 2025-11-07 [poprawki nr 23 i 48] reject y181 n246 a17 req223 (PiS y177 n0 a1); 44/98 2025-11-07 [poprawka 25] reject y418 n23 a5 req224 (PiS y177 n2 a0); 44/99 2025-11-07 [poprawki nr 26-27] reject y181 n259 a0 req221 (PiS y177 n0 a0); 44/100 2025-11-07 [poprawka 37] reject y181 n244 a16 req221 (PiS y177 n1 a0); 44/101 2025-11-07 [poprawka 44] reject y179 n243 a16 req220 (PiS y175 n0 a1); 44/102 2025-11-07 [poprawka 55] reject y187 n258 a0 req223 (PiS y178 n0 a0); 44/103 2025-11-07 [poprawki nr 56-57] reject y181 n261 a0 req222 (PiS y178 n0 a0); 44/104 2025-11-07 [poprawka 66] reject y181 n263 a0 req223 (PiS y177 n2 a0); 44/105 2025-11-07 [poprawka 67] reject y181 n261 a0 req222 (PiS y177 n0 a0); 44/106 2025-11-07 [poprawka 72] reject y182 n262 a0 req223 (PiS y178 n1 a0); 44/107 2025-11-07 [poprawka 73] reject y181 n263 a0 req223 (PiS y177 n0 a0)",nie uchwalona ponownie,yes,yes,261,matches ceil(0.6*(yes+no+abstain)); override failed,,,,,2025-11-07
Karol Nawrocki,2025-12-02,ustawy z dnia 7 listopada 2025 r. o zmianie ustawy o ochronie zwierząt,proc 608; veto print 2049,2025-09-26,41,68,49,84,30,25,188,280,105,30,48,8,246,192,0,263,"Sejm API: term10/processes/608 (stage 'Wniosek Prezydenta (weto)'); term10/prints/2049 (veto date = documentDate); term10/votings/41/68 per-MP; cross-checked: rp.pl art43578771 list (Nawrocki, 2025)",2049,2025-12-02,wniósł poprawki,44/116 2025-11-07 [poprawki nr 1-3] reject y12 n364 a60 req219 (PiS y12 n117 a40); 44/117 2025-11-07 [poprawka 4] reject y39 n363 a38 req221 (PiS y22 n115 a35); 44/118 2025-11-07 [poprawka 5] reject y83 n311 a40 req218 (PiS y34 n96 a37); 44/119 2025-11-07 [poprawka 6] reject y244 n165 a26 req218 (PiS y2 n143 a23),nie uchwalona ponownie,no,yes,263,matches ceil(0.6*(yes+no+abstain)); override failed,,,,,2025-11-07
Karol Nawrocki,2025-12-18,ustawy z dnia 7 listopada 2025 r. o zmianie ustawy o podatku akcyzowym,proc 1825; veto print 2123,2025-11-07,44,75,0,178,0,10,188,245,198,1,,,,,,,"Sejm API: term10/processes/1825 (stage 'Wniosek Prezydenta (weto)'); term10/prints/2123 (veto date = documentDate); term10/votings/44/75 per-MP; cross-checked: rp.pl art43578771 list (Nawrocki, 2025)",2123,2025-12-18,nie wniósł poprawek,,"no override vote held (data to sitting 65, 18 Sep 2026)",yes,yes,,,,,,,2025-11-07
Karol Nawrocki,2025-12-18,ustawy z dnia 7 listopada 2025 r. o zmianie ustawy o zdrowiu publicznym oraz ustawy o podatku dochodowym od osób fizycznych,proc 1836; veto print 2124,2025-11-07,44,89,0,179,0,9,188,246,199,0,,,,,,,"Sejm API: term10/processes/1836 (stage 'Wniosek Prezydenta (weto)'); term10/prints/2124 (veto date = documentDate); term10/votings/44/89 per-MP; cross-checked: rp.pl art43578771 list (Nawrocki, 2025)",2124,2025-12-18,nie wniósł poprawek,,"no override vote held (data to sitting 65, 18 Sep 2026)",yes,yes,,,,,,,2025-11-07
Karol Nawrocki,2025-12-18,ustawy z dnia 21 listopada 2025 r. o zmianie ustawy - Prawo oświatowe oraz niektórych innych ustaw,proc 1857; veto print 2125,2025-11-21,45,34,0,178,0,10,188,233,200,6,,,,,,,"Sejm API: term10/processes/1857 (stage 'Wniosek Prezydenta (weto)'); term10/prints/2125 (veto date = documentDate); term10/votings/45/34 per-MP; cross-checked: rp.pl art43578771 list (Nawrocki, 2025)",2125,2025-12-18,nie wniósł poprawek,,"no override vote held (data to sitting 65, 18 Sep 2026)",yes,yes,,,,,,,2025-11-21
Karol Nawrocki,2026-01-09,"ustawy z dnia 4 grudnia 2025 r. o zmianie ustawy - Kodeks cywilny, ustawy o ubezpieczeniach obowiązkowych, Ubezpieczeniowym Funduszu Gwarancyjnym i Polskim Biurze Ubezpieczycieli Komunikacyjnych oraz ustawy o działalności ubezpieczeniowej i reasekuracyjnej",proc 1797; veto print 2169,2025-12-04,46,22,1,5,168,14,188,253,6,171,,,,,,,Sejm API: term10/processes/1797 (stage 'Wniosek Prezydenta (weto)'); term10/prints/2169 (veto date = documentDate); term10/votings/46/22 per-MP,2169,2026-01-09,nie wniósł poprawek,,"no override vote held (data to sitting 65, 18 Sep 2026)",no,no,,,,,,,2025-12-04
Karol Nawrocki,2026-01-09,ustawy z dnia 18 grudnia 2025 r. o zmianie ustawy o Narodowym Centrum Badań i Rozwoju oraz niektórych innych ustaw,proc 1807; veto print 2170,2025-11-21,45,107,0,179,0,9,188,234,202,0,,,,,,,Sejm API: term10/processes/1807 (stage 'Wniosek Prezydenta (weto)'); term10/prints/2170 (veto date = documentDate); term10/votings/45/107 per-MP,2170,2026-01-09,wniósł poprawki,"48/13 2025-12-18 [wniosek o skrócenie terminu, o którym mowa w art. 54 ust. 5 regulaminu Sejmu w sprawie sprawozdania z druku nr 2090] reject y241 n179 a0 req180 (PiS y0 n159 a0); 48/62 2025-12-18 [poprawki nr 1, 3-4, 7 i 10] reject y162 n263 a0 req213 (PiS y161 n0 a0); 48/63 2025-12-18 [poprawki nr 2 oraz 5-6] reject y0 n417 a1 req210 (PiS y0 n159 a0); 48/64 2025-12-18 [poprawka 8] reject y0 n417 a0 req209 (PiS y0 n157 a0); 48/65 2025-12-18 [poprawka 9] reject y2 n406 a1 req205 (PiS y2 n152 a1)","no override vote held (data to sitting 65, 18 Sep 2026)",yes,yes,,,,,,,2025-12-18
Karol Nawrocki,2026-01-09,ustawy z dnia 18 grudnia 2025 r. o zmianie ustawy o świadczeniu usług drogą elektroniczną oraz niektórych innych ustaw,proc 1757; veto print 2171,2025-11-21,45,80,0,180,0,8,188,237,200,5,,,,,,,Sejm API: term10/processes/1757 (stage 'Wniosek Prezydenta (weto)'); term10/prints/2171 (veto date = documentDate); term10/votings/45/80 per-MP,2171,2026-01-09,wniósł poprawki,"48/41 2025-12-18 [poprawka 1] reject y17 n406 a0 req212 (PiS y1 n160 a0); 48/42 2025-12-18 [poprawki nr 2, 6-8, 10, 13-14, 19-20, 22-24, 29-30 oraz 32-37] reject y0 n238 a176 req208 (PiS y0 n1 a155); 48/43 2025-12-18 [poprawka 3] reject y0 n275 a136 req206 (PiS y0 n14 a136); 48/44 2025-12-18 [poprawka 4] reject y0 n395 a24 req210 (PiS y0 n152 a3); 48/45 2025-12-18 [poprawka 5] reject y0 n409 a0 req205 (PiS y0 n155 a0); 48/46 2025-12-18 [poprawka 9] reject y0 n403 a20 req212 (PiS y0 n158 a1); 48/47 2025-12-18 [poprawka 11] reject y7 n409 a6 req212 (PiS y0 n154 a6); 48/48 2025-12-18 [poprawka 12] reject y0 n418 a1 req210 (PiS y0 n160 a1); 48/49 2025-12-18 [poprawki nr 15, 17-18 i 26] reject y237 n25 a162 req213 (PiS y0 n5 a156); 48/50 2025-12-18 [poprawka 16] reject y0 n419 a0 req210 (PiS y0 n162 a0); 48/51 2025-12-18 [poprawka 21] reject y0 n422 a0 req212 (PiS y0 n161 a0); 48/52 2025-12-18 [poprawka 25] reject y1 n421 a0 req212 (PiS y0 n159 a0); 48/53 2025-12-18 [poprawka 27] reject y0 n421 a0 req211 (PiS y0 n158 a0); 48/54 2025-12-18 [poprawka 28] reject y0 n399 a21 req211 (PiS y0 n158 a0); 48/55 2025-12-18 [poprawka 31] reject y21 n253 a145 req210 (PiS y0 n14 a145); 48/56 2025-12-18 [poprawki nr 38-39] reject y0 n420 a0 req211 (PiS y0 n160 a0)","no override vote held (data to sitting 65, 18 Sep 2026)",yes,yes,,,,,,,2025-12-18
Karol Nawrocki,2026-02-12,ustawy z dnia 9 stycznia 2026 r. o zmianie ustawy o mniejszościach narodowych i etnicznych oraz o języku regionalnym oraz niektórych innych ustaw,proc 1346; veto print 2266,2026-01-09,49,26,2,177,1,8,188,244,196,2,,,,,,,Sejm API: term10/processes/1346 (stage 'Wniosek Prezydenta (weto)'); term10/prints/2266 (veto date = documentDate); term10/votings/49/26 per-MP,2266,2026-02-12,nie wniósł poprawek,,"no override vote held (data to sitting 65, 18 Sep 2026)",yes,yes,,,,,,,2026-01-09
Karol Nawrocki,2026-02-12,ustawy z dnia 18 grudnia 2025 r. o rynku kryptoaktywów,proc 2064; veto print 2267,2025-12-18,48,36,0,162,0,26,188,241,183,1,55,13,243,191,3,263,Sejm API: term10/processes/2064 (stage 'Wniosek Prezydenta (weto)'); term10/prints/2267 (veto date = documentDate); term10/votings/48/36 per-MP,2267,2026-02-12,wniósł poprawkę,50/64 2026-01-23 [poprawka 1] reject y223 n202 a0 req213 (PiS y175 n0 a0),nie uchwalona ponownie,yes,yes,263,matches ceil(0.6*(yes+no+abstain)); override failed,,,,,2026-01-23
Karol Nawrocki,2026-02-19,ustawy z dnia 23 stycznia 2026 r. o zmianie ustawy o Krajowej Radzie Sądownictwa oraz ustawy - Kodeks wyborczy,proc 2108; veto print 2268,2026-01-23,50,104,0,171,0,17,188,232,183,12,,,,,,,Sejm API: term10/processes/2108 (stage 'Wniosek Prezydenta (weto)'); term10/prints/2268 (veto date = documentDate); term10/votings/50/104 per-MP,2268,2026-02-19,nie wniósł poprawek,,"no override vote held (data to sitting 65, 18 Sep 2026)",yes,yes,,,,,,,2026-01-23
Karol Nawrocki,2026-02-19,ustawy z dnia 23 stycznia 2026 r. o zmianie niektórych ustaw w celu wzmocnienia pozycji rolników aktywnych zawodowo,proc 2120; veto print 2269,2026-01-23,50,53,2,172,0,14,188,240,179,13,,,,,,,Sejm API: term10/processes/2120 (stage 'Wniosek Prezydenta (weto)'); term10/prints/2269 (veto date = documentDate); term10/votings/50/53 per-MP,2269,2026-02-19,nie wniósł poprawek,,"no override vote held (data to sitting 65, 18 Sep 2026)",yes,yes,,,,,,,2026-01-23
Karol Nawrocki,2026-03-12,ustawy z dnia 27 lutego 2026 r. o Finansowym Instrumencie Zwiększenia Bezpieczeństwa SAFE,proc 2227; veto print 2377,2026-02-13,51,27,0,179,1,8,188,236,199,4,,,,,,,Sejm API: term10/processes/2227 (stage 'Wniosek Prezydenta (weto)'); term10/prints/2377 (veto date = documentDate); term10/votings/51/27 per-MP,2377,2026-03-12,wniósł poprawki,52/48 2026-02-27 [poprawki nr 1 i 4] reject y182 n250 a5 req219 (PiS y177 n0 a0); 52/49 2026-02-27 [poprawka 2] reject y0 n439 a0 req220 (PiS y0 n179 a0); 52/50 2026-02-27 [poprawka 3] reject y2 n436 a0 req220 (PiS y2 n176 a0),"no override vote held (data to sitting 65, 18 Sep 2026)",yes,yes,,,,,,,2026-02-27
Karol Nawrocki,2026-03-13,ustawy z dnia 27 lutego 2026 r. o zmianie ustawy - Kodeks postępowania karnego oraz niektórych innych ustaw,proc 410;proc 643;proc 865;proc 935;proc 1109;proc 1110;proc 1131;proc 1600; veto print 2378,2026-01-23,50,50,1,174,0,13,188,240,174,20,54,27,244,180,16,264,"Sejm API: term10/processes/410,643,865,935,1109,1110,1131,1600 (stage 'Wniosek Prezydenta (weto)'); term10/prints/2378 (veto date = documentDate); term10/votings/50/50 per-MP",2378,2026-03-13,wniósł poprawki,52/51 2026-02-27 [poprawka 1] reject y0 n260 a177 req219 (PiS y0 n1 a176); 52/52 2026-02-27 [poprawka 2] reject y0 n260 a177 req219 (PiS y0 n0 a176); 52/53 2026-02-27 [poprawka 3] reject y0 n259 a178 req219 (PiS y0 n0 a177); 52/54 2026-02-27 [poprawka 4] reject y0 n259 a180 req220 (PiS y0 n0 a179),nie uchwalona ponownie,yes,yes,264,matches ceil(0.6*(yes+no+abstain)); override failed,,,,,2026-02-27
Karol Nawrocki,2026-04-30,ustawy z dnia 27 marca 2026 r. o zmianie ustawy - Kodeks wyborczy,proc 2006; veto print 2546,2026-03-27,54,44,0,176,0,12,188,232,178,23,,,,,,,Sejm API: term10/processes/2006 (stage 'Wniosek Prezydenta (weto)'); term10/prints/2546 (veto date = documentDate); term10/votings/54/44 per-MP,2546,2026-04-30,nie wniósł poprawek,,"no override vote held (data to sitting 65, 18 Sep 2026)",yes,yes,,,,,,,2026-03-27
Karol Nawrocki,2026-04-30,ustawy z dnia 13 marca 2026 r. o zmianie ustawy - Kodeks rodzinny i opiekuńczy oraz niektórych innych ustaw,proc 2121; veto print 2547,2026-03-13,53,66,0,170,2,16,188,242,187,2,,,,,,,Sejm API: term10/processes/2121 (stage 'Wniosek Prezydenta (weto)'); term10/prints/2547 (veto date = documentDate); term10/votings/53/66 per-MP,2547,2026-04-30,nie wniósł poprawek,,"no override vote held (data to sitting 65, 18 Sep 2026)",yes,yes,,,,,,,2026-03-13
Karol Nawrocki,2026-05-11,ustawy z dnia 17 kwietnia 2026 r. o koordynacji działań antykorupcyjnych oraz o likwidacji Centralnego Biura Antykorupcyjnego,proc 1884; veto print 2548,2026-03-13,53,68,0,174,0,14,188,231,180,18,,,,,,,Sejm API: term10/processes/1884 (stage 'Wniosek Prezydenta (weto)'); term10/prints/2548 (veto date = documentDate); term10/votings/53/68 per-MP,2548,2026-05-11,wniósł poprawki,"55/55 2026-04-17 [poprawki nr 1-2, 5-6 i 10] reject y178 n258 a4 req221 (PiS y175 n1 a0); 55/56 2026-04-17 [poprawki nr 3-4 oraz 7-8] reject y175 n257 a4 req219 (PiS y173 n0 a0); 55/57 2026-04-17 [poprawka 9] reject y178 n258 a4 req221 (PiS y176 n0 a0); 55/58 2026-04-17 [poprawka 11] reject y167 n259 a16 req222 (PiS y165 n0 a12)","no override vote held (data to sitting 65, 18 Sep 2026)",yes,yes,,,,,,,2026-04-17
Karol Nawrocki,2026-05-11,ustawy z dnia 27 marca 2026 r. o zmianie ustawy o kształtowaniu ustroju rolnego,proc 2273; veto print 2604,2026-03-27,54,30,0,174,0,14,188,240,193,0,,,,,,,Sejm API: term10/processes/2273 (stage 'Wniosek Prezydenta (weto)'); term10/prints/2604 (veto date = documentDate); term10/votings/54/30 per-MP,2604,2026-05-11,nie wniósł poprawek,,"no override vote held (data to sitting 65, 18 Sep 2026)",yes,yes,,,,,,,2026-03-27
Karol Nawrocki,2026-06-02,ustawy z dnia 15 maja 2026 r. o zmianie ustawy o systemie monitorowania drogowego i kolejowego przewozu towarów oraz obrotu paliwami opałowymi oraz niektórych innych ustaw,proc 2272; veto print 2666,2026-04-17,55,39,1,172,0,15,188,236,194,0,,,,,,,Sejm API: term10/processes/2272 (stage 'Wniosek Prezydenta (weto)'); term10/prints/2666 (veto date = documentDate); term10/votings/55/39 per-MP,2666,2026-06-02,wniósł poprawki,57/141 2026-05-15 [poprawki nr 1-2 i 4] reject y0 n242 a194 req219 (PiS y0 n2 a173); 57/142 2026-05-15 [poprawka 3] reject y1 n427 a6 req218 (PiS y0 n169 a6),"no override vote held (data to sitting 65, 18 Sep 2026)",yes,yes,,,,,,,2026-05-15
Karol Nawrocki,2026-06-11,ustawy z dnia 15 maja 2026 r. o rynku kryptoaktywów,proc 2363;proc 2528;proc 2529;proc 2530; veto print 2710,2026-05-15,57,45,0,178,0,9,187,241,200,0,64,15,241,198,3,266,"Sejm API: term10/processes/2363,2528,2529,2530 (stage 'Wniosek Prezydenta (weto)'); term10/prints/2710 (veto date = documentDate); term10/votings/57/45 per-MP",2710,2026-06-11,nie wniósł poprawek,,nie uchwalona ponownie,yes,yes,266,matches ceil(0.6*(yes+no+abstain)); override failed,,,,,2026-05-15
Karol Nawrocki,2026-06-11,ustawy z dnia 15 maja 2026 r. o zmianie ustawy o świadczeniach opieki zdrowotnej finansowanych ze środków publicznych oraz niektórych innych ustaw,proc 2456; veto print 2711,2026-05-15,57,52,0,1,176,10,187,235,22,182,,,,,,,Sejm API: term10/processes/2456 (stage 'Wniosek Prezydenta (weto)'); term10/prints/2711 (veto date = documentDate); term10/votings/57/52 per-MP,2711,2026-06-11,nie wniósł poprawek,,"no override vote held (data to sitting 65, 18 Sep 2026)",no,no,,,,,,,2026-05-15
Karol Nawrocki,2026-06-11,ustawy z dnia 15 maja 2026 r. o zmianie ustawy - Ordynacja podatkowa oraz ustawy - Kodeks karny skarbowy,proc 2288; veto print 2712,2026-05-15,57,107,0,178,0,9,187,241,199,0,,,,,,,Sejm API: term10/processes/2288 (stage 'Wniosek Prezydenta (weto)'); term10/prints/2712 (veto date = documentDate); term10/votings/57/107 per-MP,2712,2026-06-11,nie wniósł poprawek,,"no override vote held (data to sitting 65, 18 Sep 2026)",yes,yes,,,,,,,2026-05-15
Karol Nawrocki,2026-07-02,ustawy z dnia 15 maja 2026 r. o zmianie ustawy o zapobieganiu zanieczyszczaniu morza przez statki oraz niektórych innych ustaw,proc 2317; veto print 2797,2026-05-15,57,110,0,177,0,10,187,237,199,0,,,,,,,Sejm API: term10/processes/2317 (stage 'Wniosek Prezydenta (weto)'); term10/prints/2797 (veto date = documentDate); term10/votings/57/110 per-MP,2797,2026-07-02,nie wniósł poprawek,,"no override vote held (data to sitting 65, 18 Sep 2026)",yes,yes,,,,,,,2026-05-15
Karol Nawrocki,2026-07-02,ustawy z dnia 29 maja 2026 r. o zmianie ustawy - Prawo oświatowe oraz niektórych innych ustaw,proc 2449; veto print 2798,2026-05-29,58,53,0,171,0,16,187,234,192,0,,,,,,,Sejm API: term10/processes/2449 (stage 'Wniosek Prezydenta (weto)'); term10/prints/2798 (veto date = documentDate); term10/votings/58/53 per-MP,2798,2026-07-02,nie wniósł poprawek,,"no override vote held (data to sitting 65, 18 Sep 2026)",yes,yes,,,,,,,2026-05-29
Karol Nawrocki,2026-07-17,ustawy z dnia 29 maja 2026 r. o statusie osoby najbliższej w związku i umowie o wspólnym pożyciu,proc 2110; veto print 2863,2026-05-29,58,62,0,175,0,12,187,230,198,1,65,10,232,199,0,259,Sejm API: term10/processes/2110 (stage 'Wniosek Prezydenta (weto)'); term10/prints/2863 (veto date = documentDate); term10/votings/58/62 per-MP,2863,2026-07-17,nie wniósł poprawek,,nie uchwalona ponownie,yes,yes,259,matches ceil(0.6*(yes+no+abstain)); override failed,,,,,2026-05-29
Karol Nawrocki,2026-07-17,ustawy z dnia 29 maja 2026 r. - Przepisy wprowadzające ustawę o statusie osoby najbliższej w związku i umowie o wspólnym pożyciu,proc 2111; veto print 2864,2026-05-29,58,103,0,176,0,11,187,230,200,1,65,11,232,200,0,260,Sejm API: term10/processes/2111 (stage 'Wniosek Prezydenta (weto)'); term10/prints/2864 (veto date = documentDate); term10/votings/58/103 per-MP,2864,2026-07-17,nie wniósł poprawek,,nie uchwalona ponownie,yes,yes,260,matches ceil(0.6*(yes+no+abstain)); override failed,,,,,2026-05-29
Karol Nawrocki,2026-08-19,ustawy z dnia 31 lipca 2026 r. o zmianie ustawy o publicznym transporcie drogowym oraz niektórych innych ustaw,proc 2700; veto print 3031,2026-07-17,62,68,0,177,0,9,186,237,195,10,,,,,,,Sejm API: term10/processes/2700 (stage 'Wniosek Prezydenta (weto)'); term10/prints/3031 (veto date = documentDate); term10/votings/62/68 per-MP,3031,2026-08-19,wniósł poprawki,63/67 2026-07-31 [poprawki nr 1-10 i 12] reject y178 n264 a1 req222 (PiS y140 n0 a0); 63/68 2026-07-31 [poprawka 11] reject y177 n245 a20 req222 (PiS y139 n0 a0),"no override vote held (data to sitting 65, 18 Sep 2026)",yes,yes,,,,,,,2026-07-31
Karol Nawrocki,2026-08-28,ustawy z dnia 31 lipca 2026 r. zmieniającej ustawę o zmianie ustawy - Prawo energetyczne oraz niektórych innych ustaw,proc 2750; veto print 3068,2026-07-31,63,21,1,0,135,11,147,250,0,192,,,,,,,Sejm API: term10/processes/2750 (stage 'Wniosek Prezydenta (weto)'); term10/prints/3068 (veto date = documentDate); term10/votings/63/21 per-MP,3068,2026-08-28,nie wniósł poprawek,,"no override vote held (data to sitting 65, 18 Sep 2026)",no,no,,,3,0,35,2,2026-07-31
Karol Nawrocki,2026-08-28,ustawy z dnia 31 lipca 2026 r. o zmianie ustawy - Prawo ochrony środowiska,proc 2778; veto print 3069,2026-07-31,63,16,0,136,1,10,147,266,175,1,,,,,,,Sejm API: term10/processes/2778 (stage 'Wniosek Prezydenta (weto)'); term10/prints/3069 (veto date = documentDate); term10/votings/63/16 per-MP,3069,2026-08-28,nie wniósł poprawek,,"no override vote held (data to sitting 65, 18 Sep 2026)",yes,yes,,,0,38,0,2,2026-07-31
Karol Nawrocki,2026-08-28,ustawy z dnia 31 lipca 2026 r. o zmianie ustawy - Prawo oświatowe oraz ustawy o systemie informacji oświatowej,proc 2842; veto print 3070,2026-07-31,63,58,5,3,131,8,147,251,24,168,,,,,,,Sejm API: term10/processes/2842 (stage 'Wniosek Prezydenta (weto)'); term10/prints/3070 (veto date = documentDate); term10/votings/63/58 per-MP,3070,2026-08-28,nie wniósł poprawek,,"no override vote held (data to sitting 65, 18 Sep 2026)",no,no,,,1,1,35,3,2026-07-31
