# GENERATED by Tools/us_returns_prep.pl from the pages under ElectionsData/usa/raw/ - DO NOT EDIT; the record is ElectionsData/usa/president_returns.md.
# A row a congressional district of Maine and Nebraska a year: the two nominees' votes. basis: canvass (Nebraska's books, Maine's workbooks) or READ
# (Maine 2012 and 2016, from the Governor's certificates - ElectionsData/usa/maine_districts_read_2012_2016.tsv).
year,state,district,votes_d,votes_r,basis
2012,ME,1,223035,142937,READ
2012,ME,2,177998,149215,READ
2012,NE,1,108082,152021,canvass
2012,NE,2,121889,140976,canvass
2012,NE,3,72110,182067,canvass
2016,ME,1,212774,154384,READ
2016,ME,2,144817,181177,READ
2016,NE,1,100132,158642,canvass
2016,NE,2,131030,137564,canvass
2016,NE,3,53332,199755,canvass
2020,ME,1,266376,164045,canvass
2020,ME,2,168696,196692,canvass
2020,NE,1,132261,180290,canvass
2020,NE,2,176468,154377,canvass
2020,NE,3,65854,222179,canvass
2024,ME,1,258863,165214,canvass
2024,ME,2,176789,212763,canvass
2024,NE,1,136153,177666,canvass
2024,NE,2,163541,148905,canvass
2024,NE,3,70301,238245,canvass
