# GENERATED by Tools/us_senate_prep.pl from the pages under ElectionsData/usa/raw/ - DO NOT EDIT; the record is ElectionsData/usa/senate_record.md.
# US-12: a row a senator who held a seat on or after 3 Jan 2023 (the 118th Congress's opening), by his state's "States in the Senate" page.
# party: D, R or I as that page prints it, D/I for a Democrat who became an independent (independent_from: the day, by the Changed Parties
# page). took: the day of his oath by the New Senators page for a senator new in the 118th or 119th Congress, else the day his state's page
# gives (before the window - which may be an appointment's day, not an oath's). left: the day his service ended, by his state's page (-
# while he serves, or when it ends after the record's reach). how_in: general election, special election or appointed (the New Senators
# page), or before the window; how_out: term ended, resigned or died. caucus: an independent's, applied over his whole service in the
# window (R-US10 (a) as read at US-12), by the Senate Democrats' own list or the Senate's own words (caucus_by), else -. The roster on a
# day is the state at its end: a senator counts from his oath's day and not on his last.
state,class,senator,party,independent_from,took,left,how_in,how_out,caucus,caucus_by
AK,2,Dan Sullivan,R,-,2015-01-03,-,before the window,-,-,-
AK,3,Lisa Murkowski,R,-,2002-12-20,-,before the window,-,-,-
AL,2,Tommy Tuberville,R,-,2021-01-03,-,before the window,-,-,-
AL,3,Katie Boyd Britt,R,-,2023-01-03,-,general election,-,-,-
AR,2,Tom Cotton,R,-,2015-01-03,-,before the window,-,-,-
AR,3,John Boozman,R,-,2011-01-03,-,before the window,-,-,-
AZ,1,Kyrsten Sinema,D/I,2023-01-03,2019-01-03,2025-01-03,before the window,term ended,D,the Senate Democrats' list of 2024-03-18 - a reading put to Elias (R-US10): the Senate's page says she "would not participate in either party caucus"
AZ,1,Ruben Gallego,D,-,2025-01-03,-,general election,-,-,-
AZ,3,Mark Edward Kelly,D,-,2020-12-02,-,before the window,-,-,-
CA,1,Dianne Feinstein,D,-,1992-11-04,2023-09-29,before the window,died,-,-
CA,1,Laphonza R. Butler,D,-,2023-10-03,2024-12-08,appointed,resigned,-,-
CA,1,Adam B. Schiff,D,-,2024-12-09,-,appointed,-,-,-
CA,3,Alex Padilla,D,-,2021-01-18,-,before the window,-,-,-
CO,2,John Wright Hickenlooper,D,-,2021-01-03,-,before the window,-,-,-
CO,3,Michael F. Bennet,D,-,2009-01-21,-,before the window,-,-,-
CT,1,Christopher Murphy,D,-,2013-01-03,-,before the window,-,-,-
CT,3,Richard Blumenthal,D,-,2011-01-03,-,before the window,-,-,-
DE,1,Thomas R. Carper,D,-,2001-01-03,2025-01-03,before the window,term ended,-,-
DE,1,Lisa Blunt Rochester,D,-,2025-01-03,-,general election,-,-,-
DE,2,Christopher A. Coons,D,-,2010-11-15,-,before the window,-,-,-
FL,1,Rick Scott,R,-,2019-01-08,-,before the window,-,-,-
FL,3,Marco Rubio,R,-,2011-01-03,2025-01-20,before the window,resigned,-,-
FL,3,Ashley Moody,R,-,2025-01-21,-,appointed,-,-,-
GA,2,Jon Ossoff,D,-,2021-01-20,-,before the window,-,-,-
GA,3,Raphael G. Warnock,D,-,2021-01-20,-,before the window,-,-,-
HI,1,Mazie Hirono,D,-,2013-01-03,-,before the window,-,-,-
HI,3,Brian E. Schatz,D,-,2012-12-26,-,before the window,-,-,-
IA,2,Joni Ernst,R,-,2015-01-03,-,before the window,-,-,-
IA,3,Chuck Grassley,R,-,1981-01-03,-,before the window,-,-,-
ID,2,Jim Risch,R,-,2009-01-03,-,before the window,-,-,-
ID,3,Mike Crapo,R,-,1999-01-03,-,before the window,-,-,-
IL,2,Richard J. Durbin,D,-,1997-01-03,-,before the window,-,-,-
IL,3,Tammy Duckworth,D,-,2017-01-03,-,before the window,-,-,-
IN,1,Michael Braun,R,-,2019-01-03,2025-01-03,before the window,term ended,-,-
IN,1,Jim E. Banks,R,-,2025-01-03,-,general election,-,-,-
IN,3,Todd Young,R,-,2017-01-03,-,before the window,-,-,-
KS,2,Roger Marshall,R,-,2021-01-03,-,before the window,-,-,-
KS,3,Jerry Moran,R,-,2011-01-03,-,before the window,-,-,-
KY,2,Mitch McConnell,R,-,1985-01-03,-,before the window,-,-,-
KY,3,Rand Paul,R,-,2011-01-03,-,before the window,-,-,-
LA,2,Bill Cassidy,R,-,2015-01-03,-,before the window,-,-,-
LA,3,John Kennedy,R,-,2017-01-03,-,before the window,-,-,-
MA,1,Elizabeth Warren,D,-,2013-01-03,-,before the window,-,-,-
MA,2,Edward J. Markey,D,-,2013-07-16,-,before the window,-,-,-
MD,1,Benjamin L. Cardin,D,-,2007-01-03,2025-01-03,before the window,term ended,-,-
MD,1,Angela D. Alsobrooks,D,-,2025-01-03,-,general election,-,-,-
MD,3,Chris Van Hollen,D,-,2017-01-03,-,before the window,-,-,-
ME,1,Angus S. King Jr.,I,-,2013-01-03,-,before the window,-,D,the Senate Democrats' list of 2024-03-18 and 2026-09-05
ME,2,Susan Collins,R,-,1997-01-03,-,before the window,-,-,-
MI,1,Debbie Stabenow,D,-,2001-01-03,2025-01-03,before the window,term ended,-,-
MI,1,Elissa Slotkin,D,-,2025-01-03,-,general election,-,-,-
MI,2,Gary C. Peters,D,-,2015-01-03,-,before the window,-,-,-
MN,1,Amy Klobuchar,D,-,2007-01-03,-,before the window,-,-,-
MN,2,Tina Smith,D,-,2018-01-03,-,before the window,-,-,-
MO,1,Josh Hawley,R,-,2019-01-03,-,before the window,-,-,-
MO,3,Eric Schmitt,R,-,2023-01-03,-,general election,-,-,-
MS,1,Roger F. Wicker,R,-,2007-12-31,-,before the window,-,-,-
MS,2,Cindy Hyde-Smith,R,-,2018-04-09,-,before the window,-,-,-
MT,1,Jon Tester,D,-,2007-01-03,2025-01-03,before the window,term ended,-,-
MT,1,Tim Sheehy,R,-,2025-01-03,-,general election,-,-,-
MT,2,Steve Daines,R,-,2015-01-03,-,before the window,-,-,-
NC,2,Thom Tillis,R,-,2015-01-03,-,before the window,-,-,-
NC,3,Ted Budd,R,-,2023-01-03,-,general election,-,-,-
ND,1,Kevin Cramer,R,-,2019-01-03,-,before the window,-,-,-
ND,3,John Hoeven,R,-,2011-01-03,-,before the window,-,-,-
NE,1,Debra Fischer,R,-,2013-01-03,-,before the window,-,-,-
NE,2,Ben Sasse,R,-,2015-01-03,2023-01-08,before the window,resigned,-,-
NE,2,John Peter "Pete" Ricketts,R,-,2023-01-23,-,appointed,-,-,-
NH,2,Jeanne Shaheen,D,-,2009-01-03,-,before the window,-,-,-
NH,3,Margaret Wood Hassan,D,-,2017-01-03,-,before the window,-,-,-
NJ,1,Robert Menendez,D,-,2006-01-17,2024-08-20,before the window,resigned,-,-
NJ,1,George S. Helmy,D,-,2024-09-09,2024-12-08,appointed,resigned,-,-
NJ,1,Andy Kim,D,-,2024-12-09,-,appointed,-,-,-
NJ,2,Cory A. Booker,D,-,2013-10-31,-,before the window,-,-,-
NM,1,Martin Heinrich,D,-,2013-01-03,-,before the window,-,-,-
NM,2,Ben Ray Lujan,D,-,2021-01-03,-,before the window,-,-,-
NV,1,Jacklyn Sheryl Rosen,D,-,2019-01-03,-,before the window,-,-,-
NV,3,Catherine Cortez Masto,D,-,2017-01-03,-,before the window,-,-,-
NY,1,Kirsten E. Gillibrand,D,-,2009-01-26,-,before the window,-,-,-
NY,3,Charles E. Schumer,D,-,1999-01-03,-,before the window,-,-,-
OH,1,Sherrod Brown,D,-,2007-01-03,2025-01-03,before the window,term ended,-,-
OH,1,Bernie Moreno,R,-,2025-01-03,-,general election,-,-,-
OH,3,J. D. Vance,R,-,2023-01-03,2025-01-10,general election,resigned,-,-
OH,3,Jon Husted,R,-,2025-01-21,-,appointed,-,-,-
OK,2,Markwayne Mullin,R,-,2023-01-03,2026-03-23,special election,resigned,-,-
OK,2,Alan Armstrong,R,-,2026-03-24,-,appointed,-,-,-
OK,3,James Lankford,R,-,2015-01-03,-,before the window,-,-,-
OR,2,Jeff Merkley,D,-,2009-01-03,-,before the window,-,-,-
OR,3,Ron Wyden,D,-,1996-02-06,-,before the window,-,-,-
PA,1,Robert P. Casey Jr. (Bob),D,-,2007-01-03,2025-01-03,before the window,term ended,-,-
PA,1,David McCormick,R,-,2025-01-03,-,general election,-,-,-
PA,3,John Fetterman,D,-,2023-01-03,-,general election,-,-,-
RI,1,Sheldon Whitehouse,D,-,2007-01-03,-,before the window,-,-,-
RI,2,Jack Reed,D,-,1997-01-03,-,before the window,-,-,-
SC,2,Lindsey Graham,R,-,2003-01-03,2026-07-11,before the window,died,-,-
SC,2,Darline Graham,R,-,2026-07-14,-,appointed,-,-,-
SC,3,Tim Scott,R,-,2013-01-02,-,before the window,-,-,-
SD,2,Mike Rounds,R,-,2015-01-03,-,before the window,-,-,-
SD,3,John Thune,R,-,2005-01-03,-,before the window,-,-,-
TN,1,Marsha Blackburn,R,-,2019-01-03,-,before the window,-,-,-
TN,2,Bill Hagerty,R,-,2021-01-03,-,before the window,-,-,-
TX,1,Ted Cruz,R,-,2013-01-03,-,before the window,-,-,-
TX,2,John Cornyn,R,-,2002-12-02,-,before the window,-,-,-
UT,1,Mitt Romney,R,-,2019-01-03,2025-01-03,before the window,term ended,-,-
UT,1,John Curtis,R,-,2025-01-03,-,general election,-,-,-
UT,3,Mike Lee,R,-,2011-01-03,-,before the window,-,-,-
VA,1,Tim Kaine,D,-,2013-01-03,-,before the window,-,-,-
VA,2,Mark R. Warner,D,-,2009-01-03,-,before the window,-,-,-
VT,1,Bernard Sanders,I,-,2007-01-03,-,before the window,-,D,the Senate Democrats' list of 2024-03-18 and 2026-09-05
VT,3,Peter Welch,D,-,2023-01-03,-,general election,-,-,-
WA,1,Maria E. Cantwell,D,-,2001-01-03,-,before the window,-,-,-
WA,3,Patty Murray,D,-,1993-01-03,-,before the window,-,-,-
WI,1,Tammy Baldwin,D,-,2013-01-03,-,before the window,-,-,-
WI,3,Ron Johnson,R,-,2011-01-03,-,before the window,-,-,-
WV,1,Joe Manchin III,D/I,2024-06-05,2010-11-15,2025-01-03,before the window,term ended,D,the Changed Parties page ("he continued to caucus with the Democrats")
WV,1,James C. Justice,R,-,2025-01-14,-,general election,-,-,-
WV,2,Shelley Moore Capito,R,-,2015-01-03,-,before the window,-,-,-
WY,1,John Barrasso,R,-,2007-06-22,-,before the window,-,-,-
WY,2,Cynthia M. Lummis,R,-,2021-01-03,-,before the window,-,-,-
