# THE DRY-FILM SCOPE LEDGER (2026-09-22; COMPLETED.md s574). Read by Assets/Editor/DryFilmScopeCheck.cs (the cheap bar) and by Tools/bar_tier.ps1.
# The tier has always said the dry film runs "every width and country the item names". The sitting pass of 2026-09-22 ran all twelve
# sessions on every one of its ten items and measured the cost: 522 s a run against 145 s for the two sessions the item actually named,
# 6.3 minutes an item, about an hour across the pass. The rule was right and it was not followed, so it is enforced here the way the
# review ledger enforces its own: a row states what the item NAMES, the check reads the film's own log, and a film that ran sessions the
# row does not name fails the bar.
#
# Columns, tab-separated: kind, label, sessions, date, record, why
#   kind      scope
#   label     the dry film's label - the log is PoliSim-captures/logs/<label>.log and the runner's own plan line is in it
#   sessions  the sessions the item names, comma-separated, each Country@WxH exactly as the runner plans them (e.g. Sweden@1280x720)
#   date      when the row was written
#   record    the COMPLETED.md section the item lands under
#   why       one clause: why these countries and widths, and no others
#
# Add rows with Tools/film_scope.ps1. There is no waiver row: a UI item that genuinely needs all twelve names all twelve, and the row
# says why - the cost is then a decision on the record rather than a habit.
kind	label	sessions	date	record	why
scope	drypap2	Sweden@1280x720,France@1280x720	2026-09-22	s572	the two countries P-A-prime's shares move; the other four read the same levy rule with an unchanged share
scope	drystat	Germany@1280x720,Sweden@1280x720	2026-09-22	s575	Germany is the only page the statute kind changes; Sweden is the operator-queue control on the same shared readers
scope	drywash	Germany@1280x720	2026-09-22	s575	the wash is ONE token, country- and width-independent; Germany is the session this pass already filmed at 12 percent, so the frames compare directly
scope	dryshort	Germany@1280x720	2026-09-22	s575	the German Greens are the one unit whose published abbreviation differs from its ASCII key; no other country has a party the change can move
scope	drytongue	Germany@1280x720	2026-09-22	s576	the rail is one painter on every screen and the wash is country-independent; Germany is the session s575 filmed at 8 percent over the whole cell, so the frames compare directly
scope	drypf13	Germany@1280x720	2026-09-22	s578	the signing plate and the harness's claim are one painter and one driver, country-independent; the Canvas surfaces are covered by the REAL films this item owes at 1280 and 2560
scope	drydocs	Germany@1280x720	2026-09-22	s579	a comment-only re-point of moved documentation sections; no drawn surface changes, and one session proves the screens still draw
scope	dryconsol	Germany@1280x720	2026-09-22	s579	a documentation consolidation: no drawn surface changes, and one session proves the screens still draw
scope	dry585	Germany@1280x720	2026-09-23	s585	FT-16 changes the euro-zone sentence and row caption on Germany's central-bank page
scope	dry589	Sweden@1280x720	2026-09-23	s589	boards 16b-16d on the People page's five family plates
scope	dry590	Sweden@1280x720,Germany@1280x720	2026-09-23	s590	the pension-age dial: Sweden holds a window (the held label), Germany a schedule (the law's ghost label)
scope	dry591	Sweden@1280x720,USA@1280x720	2026-09-23	s591	the five visible defects: Sweden carries the Budget spending rows, the Docket, Labor and Parliament with the state pins; the USA carries the compass escape
scope	dry596	Sweden@1280x720	2026-09-23	s596	the pension draft's save round trip and PF-12's pins run in Sweden's session with -shotstates; the participation response draws nothing new
scope	dry600	Sweden@1280x720	2026-09-23	s600	PF-15's overflow sits on the desk frame Sweden's pinned session reaches on the way to its election night
scope	dry602	Sweden@1280x720	2026-09-23	s602	K-1 part (1): the 2026 chamber - the picker's seats, the hemicycle, the stance rows, the campaign and election night's previous election read 2026
scope	dry603	Sweden@1280x720	2026-09-23	s603	K-1 part (2): the 2026 declarations move the seated formation - the picker's cabinet marks, the compass's cabinet and the stance rows read it
scope	dry604	Sweden@1280x720	2026-09-24	s604	K-1 part (3): the game starts 1 October 2026 - the Desk's date, the calendar pad, the election marker and the campaign dates move
scope	dry605	Sweden@1280x720	2026-09-24	s605	K-1 part (4): the day-one government marked PROVISIONAL on the picker and the compass legend
scope	dry607	Sweden@1280x720	2026-09-24	s607	K-1f: the candidacies and V's rule - the seated chamber forms no government; the picker says so, the compass legend reads none, the stance rows lose the government term
scope	dry609	Sweden@1280x720	2026-09-24	s609	PF-16: election night's who-governs column - the only surface moved; Sweden is the pinned night that clipped
scope	drymm1	Sweden@1280x720	2026-09-24	s614	MM-1: the main menu is the first screen of every film; Sweden at the harness's width is the one session the row names, the Canvas frame itself owes a real film
scope	drymm2	Sweden@1280x720	2026-09-24	s615	MM-2: the settings screen from the menu and the desk's SETTINGS chip; Sweden at the harness's width is the one session the row names
scope	drymm2b	Sweden@1280x720	2026-09-24	s615	MM-2 after the settings screen was trimmed to the floor geometry; the same one session
scope	drywc	Sweden@1280x720	2026-09-24	s618	PS-1: the selector's card line and the world opening on the country's start; Sweden at the harness's width is the play protocol's session
scope	drycal4	Sweden@1280x720	2026-09-25	s619	PS-2 / CL-4: the election on the calendar's date - the desk's polling-day marker and the night's reference; Sweden at the harness's width is the play protocol's session
scope	drysp1	Sweden@1280x720	2026-09-25	s622	SP-1: the start panel between the folder and the party panel; Sweden at the harness's width is the play protocol's session
scope	drysp2	Sweden@1280x720	2026-09-25	s623	SP-2: the brief beneath the playable start card; Sweden at the harness's width is the play protocol's session
scope	drymm3	Sweden@1280x720	2026-09-25	s626	MM-3 + SP-2b: the menu, the settings sheet, the masthead chips and the start sheet after boards 17a-17c and 18a-18b; Sweden at the harness's width
scope	dryps3a	Sweden@1280x720	2026-09-25	s628	PS-3a: the masthead role line (S in opposition at the start); Sweden at the harness's width
scope	dryps3c	Sweden@1280x720	2026-09-25	s630	PS-3c: the lever lock in the caption at the eight introduce sites and the Fed dial (S in opposition); Sweden at the harness's width
scope	dryps3e	Sweden@1280x720	2026-09-25	s632	PS-3e: the government's budget before the chamber on the Budget page and the alternative's call to action (S in opposition); Sweden at the harness's width
scope	dryps3g	Sweden@1280x720	2026-09-25	s634	PS-3g: the portfolio leg of the lock at the desk sites (S in opposition - the lines read as before); Sweden at the harness's width
scope	dryps3h	Sweden@1280x720	2026-09-25	s635	PS-3h: the support agreement block on the Parliament tab and the masthead support tally; Sweden at the harness's width
scope	dryps3i	Sweden@1280x720	2026-09-25	s636	PS-3i: the confidence block on the Parliament tab (S in opposition: the motion's arithmetic and Move no confidence); Sweden at the harness's width
scope	dryps3k	Sweden@1280x720	2026-09-25	s638	PS-3k: the government's record in the vote - the warm-up's held election and every chamber after it read the record; Sweden at the harness's width
scope	dryps3m	Sweden@1280x720	2026-09-25	s641	PS-3i ruling (2): the confidence block's two answers and the hold's banner on the Parliament tab; Sweden at the harness's width
scope	dryps3n	Sweden@1280x720	2026-09-26	s642	the ultrareview's fix: the chamber cache keyed on who governs (every verdict and seat map the tabs draw) and the compass's cabinet from the stored record; Sweden at the harness's width
scope	drytl1	Sweden@1280x720	2026-09-26	s645	TL-1: the declared frames and the time-bounded Canvas wait - the positive film, every frame captured
scope	drytl1race	Sweden@1280x720	2026-09-26	s645	TL-1: the negative proof - -shotcanvasrace makes the wait give up at once; the skipped frames must fail the film
scope	drys646	Sweden@1280x720	2026-09-26	s646	the Speaker's round on the Parliament tab and the election night's verdict naming who the Speaker asks first; Sweden at the harness's width
scope	drys647	Sweden@1280x720	2026-09-29	s647	the formation sheet: the Speaker asks the player's party (staged on the film's round), the sheet opened, scrolled, a partner's posts taken back and its refusal, the Parliament tab offering the sheet again; Sweden at the harness's width
scope	drys648	Sweden@1280x720	2026-09-29	s648	the HELD line (one mono line of chips naming the rail cells, the cells marked), the money unit on every figure (US$), the campaign map's swing rows and the coalition's refusal counts at rest; Sweden at the harness's width
scope	drys651	Sweden@1280x720	2026-09-29	s651	the player-facing name INCUMBENT on the menu's and the selector's wordmark; Sweden at the harness's width
scope	drys653	Sweden@1280x720	2026-09-29	s653	PS-3i-2c: the election night and the Speaker's round read the election's own day's declarations; the Parliament tab's motion projection on today; Sweden at the harness's width
scope	drys654	Sweden@1280x720	2026-09-29	s654	PS-3i-2b: the author votes for its own bill - every verdict row and the Laws board read the vote with its author (the tax and welfare rows on their bills' concerns); Sweden at the harness's width
scope	drys656	Sweden@1280x720	2026-09-29	s656	premise 9: the election night's Speaker line and its control to the formation sheet (the night is Canvas, filmed real at 1280 and 2560); Sweden at the harness's width
scope	drys657	Sweden@1280x720	2026-09-29	s657	the run-up declarations page opened from Campaign HQ's DECLARED chip (DECLARED block only; lifted since the last election); Sweden at the harness's width
scope	drys662	Sweden@1280x720	2026-09-29	s662	People retrofitted from board 20a (at rest, the dense view 04h, the band slip), the D24 glyphs and the law pair; Sweden at the harness's width
scope	drys666	Sweden@1280x720	2026-09-29	s666	the slip's second level and pinning on People (04i pinned chains); Sweden at the harness's width
scope	drys676	Sweden@1280x720	2026-09-30	s676	SP-4: the party panel's CREATE A PARTY and the creation flow's five steps (01k1-01k5, a slip pinned on the profile); Sweden at the harness's width
scope	drys679	Sweden@1280x720	2026-09-30	s679	the creation flow's declarations slip now says the coalition talks read them; Sweden at the harness's width
scope	drys680	Sweden@1280x720	2026-09-30	s680	PF-17: the settings screen and the creation flow draw the cropped sheet at the window's top edge; Sweden at the harness's width
scope	drys681	Sweden@1280x720	2026-09-30	s681	the creation flow's Recognition slip now names the awareness term; Sweden at the harness's width
scope	drys685	Sweden@1280x720	2026-09-30	s685	D-PS: the formation sheet, the Parliament tab, the declarations page, the desk masthead are Sweden's screens
scope	drys685b	Sweden@1280x720	2026-09-30	s685	D-PS after the slip-in-film and pair-scale fixes
scope	drys686	Sweden@1280x720	2026-09-30	s686	20b: People's plates are Sweden's screen at the filmed width
scope	drys686b	Sweden@1280x720	2026-09-30	s686	20b final tree
scope	drys688	Sweden@1280x720	2026-09-30	s688	PS-4 part one: the election's call site takes the day; Sweden's night is the filmed surface
scope	drys693	Sweden@1280x720	2026-09-30	s693	the studio name: the saves folder every harness reads moved
scope	drys694	Sweden@1280x720	2026-09-30	s694	the Desk's effects card by role and the rail's one lit cell - Sweden's S in opposition at the start
scope	drys694b	Sweden@1280x720,USA@1280x720	2026-09-30	s694	the Desk by role: Sweden's S in opposition with the government's budget and its own alternative (93a/93b), the USA governing where a chair sets the rate
scope	drys694c	Sweden@1280x720	2026-09-30	s694	the corrected order: what is before the chamber first (93a the government's budget, 93b the alternative tabled)
scope	drys697	Sweden@1280x720,Germany@1280x720	2026-09-30	s697	the campaign on the Länder: Sweden's HQ and map unchanged, a German game's run-up and campaign on its own day path
scope	drys698	Sweden@1280x720,Germany@1280x720	2026-09-30	s698	the constructive vote: Germany's Parliament page (the opposition's row), Sweden's confidence rows unchanged
scope	drys701	Sweden@1280x720,Sweden@2560x1440,USA@1280x720,USA@2560x1440,Germany@1280x720,Germany@2560x1440	2026-09-30	s701	D-ST: the Statistics sheet rebuilt (both tabs), every graph's head and axis, the desk strip's cell; the country list crossed with both widths ran six sessions
scope	drys701b	Sweden@1280x720,Sweden@2560x1440,USA@1280x720,USA@2560x1440,Germany@1280x720,Germany@2560x1440	2026-09-30	s701	D-ST final state: the map's lines clipped to the view, the chart gutter fitted to its labels, the true minus on axes
scope	drys702	Sweden@1280x720	2026-09-30	s702	the hang watchdog: the film's new exit line under the launcher's watchdog
scope	drys705	Sweden@1280x720,Germany@1280x720	2026-09-30	s705	the chancellor's election: Germany's round, sheet and reference row; Sweden's round wording through the shared helpers
scope	drys705e	Sweden@1280x720,Germany@1280x720	2026-10-01	s705	the chancellor's election after the review: the round's words, the sheet, the reference row, the tour closing a sheet the game opened
scope	drys706	Sweden@1280x720,Germany@1280x720	2026-10-01	s706	the Treasury lock lifted on the formation sheet (the Finance row passes), the posts by salience, GO-BT 4's no-nomination row
scope	drys707	Sweden@1280x720,Germany@1280x720	2026-10-01	s707	D-DE: the German night (count, Laender map, chamber, reference), the start card, the formation tail; Sweden's night through the shared reference rows
scope	drys708	Sweden@1280x720,Germany@1280x720	2026-10-01	s708	D-ST's return: the counterfactual clipped to the plot, slips clear of their anchors, life expectancy's sparkline, the true minus on the shared money formatter (every page)
scope	drys710	Sweden@1280x720,Germany@1280x720	2026-10-01	s710	R-SP5 retired: the maps draw no names (the Desk's, the Statistics sheet's); the chips' slips on Statistics
scope	drys712	Sweden@1280x720,Germany@1280x720	2026-10-01	s712	the fourteen days' ballot on persons: the formation sheet's chancellor's-election bar projects that ballot in phase 2
scope	drys713	Sweden@1280x720,Germany@1280x720	2026-10-01	s713	every Art. 63 ballot a vote on the person: the sheet's phase-1 projection and slip
scope	drys714	Sweden@1280x720,Germany@1280x720	2026-10-01	s714	the formation's time on record: the round's rule and vote-day lines on the Parliament tab and the sheet
scope	drys716	Sweden@1280x720,Germany@1280x720	2026-10-01	s716	the tax page's Finance-partner caption and held rows (Germany's SPD head, FDP at Finance) and Sweden as the control
scope	drys718	Sweden@1280x720,Germany@1280x720	2026-10-01	s718	the Politics captions (chamber names, counts from data), the seat plurals, the culture pin
scope	drys723	Sweden@1280x720,Germany@1280x720	2026-10-01	s723	the v3.5 rail (84 px, the folder tabs) narrows every page
scope	drys725	Sweden@1280x720,Germany@1280x720,France@1280x720	2026-10-01	s725	the colour states: debt and the balance neutral unless a statutory breach (France breaches both, Germany debt), the trade balance neutral
scope	drys726	Sweden@1280x720,Germany@1280x720	2026-10-01	s726	the desk as a v3.5 page: cards on the twelve columns, scrolled, the 14 px floor
scope	drys728	Sweden@1280x720,Germany@1280x720	2026-10-01	s728	Statistics as a v3.5 page (Domestic): the before table, then the cards
scope	drys729	Sweden@1280x720,Germany@1280x720	2026-10-01	s729	Statistics International as a v3.5 page: map and trade cards, partners and peers
scope	drys731	Sweden@1280x720,Germany@1280x720	2026-10-01	s731	the Docket as a v3.5 list: items, stamps, actions opening their bodies, the candidates as cards
scope	drys732	Sweden@1280x720,Germany@1280x720	2026-10-02	s732	People as a v3.5 page: the population card, the sections as tiles and share bars, the slips book for the whole page
scope	drys733	Sweden@1280x720,Germany@1280x720	2026-10-02	s733	the slip at v3.5: the 14 px floor, the head row with its pin cell, pins numbered on slip and anchor, ESC, cleared on leaving the page
scope	drys734	Sweden@1280x720,Germany@1280x720	2026-10-02	s734	the Budget as a v3.5 page: the strip, Revenue as dial tiles, the if-passed panel, the call to action; the kept tabs as built
scope	drys735	Sweden@1280x720,Germany@1280x720	2026-10-02	s735	the Budget Spending tab as v3.5 dial tiles: two groups, the range caption at the floor, the pensions card, the closed year as a list
scope	drys737	Sweden@1280x720,Germany@1280x720	2026-10-02	s737	the Laws page v3.5 frame and its Labour tab: the readings it moves as tiles, the dials as tiles (units by the dial table, named stops), the bill action
scope	drys738	Sweden@1280x720,Germany@1280x720	2026-10-02	s738	the Laws Crime & justice tab as v3.5: the readings it moves as tiles, the six dials as tiles set by law (no knob), named stops and the funding costs a year
scope	drys739	Sweden@1280x720,Germany@1280x720	2026-10-02	s739	the Laws Sectors tab as v3.5: the eight sectors as tiles (share of GDP, a click shows its dials), the chosen sector's five dials as tiles (cost a year, PMR score, named stops), the bill with its count
scope	drys740	Sweden@1280x720,Germany@1280x720	2026-10-02	s740	the Laws Policy web tab as v3.5: two columns (your levers, what they move), one area at a time, every link at rest, focus by click; board 2b retired
scope	drys741	Sweden@1280x720,Germany@1280x720	2026-10-02	s741	the Laws Trade tab as v3.5: trade with the five as tiles, partners and the average tariff charged (EU; the base dial outside a bloc), the override rates as tiles, the bill with its estimate
scope	drys741u	USA@1280x720	2026-10-02	s741	the Laws Trade tab outside a bloc: the base tariff as a dial tile beside the partners
scope	drys741b	Sweden@1280x720,Germany@1280x720,USA@1280x720	2026-10-02	s741	the Trade tab in and outside a bloc, and a tile change that does not fit beside its figure taking the name line (the USA budget strip)
scope	drys742	Sweden@1280x720,Germany@1280x720	2026-10-02	s742	the Laws tab as v3.5: the laws in force and before Parliament as a list card (D24 verbs), the statute book as built under it
